"Brachy","PHTH","HPAV","RARD","SSTR","Protopl","MEGR","MPRO","TVIE","HMIN","HMIN2","NPRA","TVEL","ONOV","SUCT","LCIL","Oribatl1","Ceratoz1","PWIL","Galumna1","Stgncrs2","HRUF","Trhypch1","PPEL","NCOR","SLAT","FSET","Lepidzts","Eupelops","Miniglmn","LRUG","PLAG2","Ceratoz3","Oppiminu","Trimalc2"
0.348466026218585,0.188982236504614,0.188982236504614,0.14638501094228,0.119522860933439,0.0845154254728517,0.169030850945703,0.119522860933439,0.119522860933439,0.0845154254728517,0.169030850945703,0.0845154254728517,0.348466026218585,0.169030850945703,0.253546276418555,0.597614304667197,0.14638501094228,0.0845154254728517,0.0845154254728517,0.239045721866879,0,0,0,0,0,0,0,0,0,0,0,0,0,0,0
0.086386842558136,0.161614983788864,0.24433888871261,0,0.149626400416145,0,0.122169444356305,0.086386842558136,0,0,0.0610847221781526,0.10580184237879,0.279925363186732,0.317405527136369,0.211603684757579,0.717583007835559,0.149626400416145,0,0.0610847221781526,0.10580184237879,0.183254166534458,0.0610847221781526,0.0610847221781526,0.0610847221781526,0.086386842558136,0.086386842558136,0.086386842558136,0.0610847221781526,0,0,0,0,0,0,0
0.146647115021353,0.127000127000191,0.0733235575106767,0.0733235575106767,0.103695169473043,0,0.127000127000191,0,0,0,0.179605302026775,0.127000127000191,0.327912917891976,0.302320772462571,0.231869447880084,0.691733058090991,0.127000127000191,0,0.103695169473043,0.0733235575106767,0.207390338946085,0,0.127000127000191,0,0.103695169473043,0,0.207390338946085,0,0,0,0,0,0,0,0
0.283583462881002,0.156446554693686,0.186989398001691,0.0836242010007091,0.0836242010007091,0,0.118262479197817,0,0.0591312395989083,0.0836242010007091,0.186989398001691,0,0.250872603002127,0.405383354783672,0.243804346640004,0.614509867799027,0.186989398001691,0.0591312395989083,0,0.0591312395989083,0.0836242010007091,0.0591312395989083,0.0836242010007091,0.0591312395989083,0.102418311299838,0.0836242010007091,0.204836622599676,0,0,0,0,0,0,0,0
0.15851065623706,0.200501882846834,0.255590753287026,0.212664361502501,0,0.255590753287026,0,0,0,0.122781826360509,0.265239059706465,0.122781826360509,0.401003765693668,0.464844492287529,0.368345479081526,0.15851065623706,0.0708881205008336,0,0.15851065623706,0.100250941423417,0.0708881205008336,0,0.0708881205008336,0,0,0,0.245563652721017,0.100250941423417,0,0,0,0,0,0,0
0.301511344577764,0.183010444965601,0.154672056222436,0.207514339159822,0.119808459574631,0.0978231976089037,0.119808459574631,0,0,0.309344112444873,0.27668578554643,0.0978231976089037,0.249401196744922,0.426401432711221,0.431975544230686,0.119808459574631,0.154672056222436,0,0.0691714463866075,0.0691714463866075,0.195646395217807,0,0.138342892773215,0,0.0691714463866075,0,0.218739319629904,0,0,0,0,0,0,0,0
0.32394177193585,0.136082763487954,0.222222222222222,0.111111111111111,0.136082763487954,0,0.136082763487954,0,0,0.342467444609388,0.136082763487954,0,0.368513865595044,0.408248290463863,0.477906959280146,0,0.157134840263677,0,0,0.0785674201318386,0.136082763487954,0,0,0,0,0,0.235702260395516,0,0.0785674201318386,0,0,0,0,0,0
0.199204768222399,0.17817416127495,0.251976315339485,0.125988157669742,0.0890870806374748,0.125988157669742,0.154303349962092,0,0,0.0890870806374748,0.17817416127495,0.281718084909506,0.308606699924184,0.445435403187374,0.454256762579498,0,0.218217890235992,0,0.154303349962092,0.0890870806374748,0.154303349962092,0.125988157669742,0,0,0,0,0.218217890235992,0.0890870806374748,0,0.0890870806374748,0,0,0,0,0
0.156173761888606,0.156173761888606,0.127515342612668,0.127515342612668,0.0901669634667432,0.0901669634667432,0.312347523777212,0,0,0,0.156173761888606,0.27050089040023,0.403238919272756,0.255030685225335,0.393028681797458,0.493864798324795,0.238559361806849,0,0,0.127515342612668,0.0901669634667432,0,0,0,0,0,0,0,0,0,0,0,0,0,0
0.364046865776822,0.155230105141267,0.173552533625156,0.134433214484466,0,0,0,0,0,0.2574200074605,0.155230105141267,0.173552533625156,0.310460210282533,0.445864531806345,0.417969849607269,0,0.219528519979381,0.10976425998969,0.0776150525706333,0.173552533625156,0.10976425998969,0,0,0,0,0.134433214484466,0.245440346836908,0,0.0776150525706333,0.10976425998969,0,0,0,0,0
0.408248290463863,0.180020574955774,0.402538242949707,0.204124145231932,0,0.0962250448649376,0.152145154862546,0,0,0,0.166666666666667,0.0680413817439772,0.440958551844098,0.280541803843391,0.263523138347365,0,0.0962250448649376,0.152145154862546,0.166666666666667,0.117851130197758,0.136082763487954,0.0680413817439772,0.0680413817439772,0.0680413817439772,0,0.117851130197758,0.180020574955774,0.117851130197758,0.117851130197758,0,0.0680413817439772,0.0680413817439772,0,0,0
0.362567785470569,0.0969003166223018,0.237356331638771,0.247048302665218,0,0,0.0685188709827532,0,0,0.227251386108562,0.0685188709827532,0.0969003166223018,0.356034497458156,0.399530240589545,0.526303434497932,0,0.118678165819385,0.153212853258974,0.0685188709827532,0.137037741965506,0.0685188709827532,0,0,0.0685188709827532,0,0,0.153212853258974,0,0.118678165819385,0,0,0,0,0,0
0.130188910980824,0.106298800690547,0.150329205600566,0.260377821961648,0,0,0.106298800690547,0,0,0.0751646028002829,0.0751646028002829,0.106298800690547,0.249292785004635,0.567480306535024,0.596600539213493,0,0.237691344270764,0.106298800690547,0.0751646028002829,0.130188910980824,0.0751646028002829,0,0,0,0,0,0.0751646028002829,0,0,0,0,0.0751646028002829,0,0,0
0.390405375062029,0.136335470787303,0.211210003142629,0,0.0862261227118454,0,0.0862261227118454,0,0,0.29869605095317,0.272670941574606,0.105605001571314,0.26576675913331,0.476199327232311,0.272670941574606,0,0.251390186805899,0,0.136335470787303,0.161314304488826,0.0862261227118454,0.0862261227118454,0.0609710760849692,0.0862261227118454,0,0.172452245423691,0.172452245423691,0.0609710760849692,0.0862261227118454,0.136335470787303,0,0,0,0,0
0.244948974278318,0,0.244948974278318,0,0,0,0.1,0,0,0,0.223606797749979,0.1,0.458257569495584,0.264575131106459,0.264575131106459,0.53851648071345,0.282842712474619,0,0.1,0,0,0.1,0,0.14142135623731,0,0.1,0,0.1,0.1,0.1,0.1,0,0,0,0
0.268635344758668,0.143591631723548,0.175863114528165,0.143591631723548,0,0,0.175863114528165,0,0,0.101534616513362,0,0.248708001686903,0.442579132652901,0.287183263447095,0.556127998320049,0.101534616513362,0.175863114528165,0.22703830459325,0,0.143591631723548,0,0,0,0,0,0,0.101534616513362,0.143591631723548,0.143591631723548,0,0,0,0,0,0
0.316227766016838,0,0.105409255338946,0.149071198499986,0,0,0.149071198499986,0,0,0.149071198499986,0.105409255338946,0.182574185835055,0.516397779494322,0.316227766016838,0.586893895388634,0,0,0,0.105409255338946,0.105409255338946,0,0,0,0,0,0,0.182574185835055,0,0.105409255338946,0,0,0,0,0,0
0.401269172940736,0.15944820103582,0.243561150223727,0,0,0,0.130188910980824,0,0,0.291111254869791,0.184114923579665,0,0.276172385369497,0.520755643923295,0.368229847159329,0.15944820103582,0.0920574617898323,0,0.0920574617898323,0.0920574617898323,0.130188910980824,0,0,0,0,0.130188910980824,0.130188910980824,0,0.0920574617898323,0.15944820103582,0,0,0,0,0
0.31889640207164,0.130188910980824,0.291111254869791,0.0920574617898323,0,0,0.184114923579665,0.0920574617898323,0,0.368229847159329,0.205846742398155,0.130188910980824,0.205846742398155,0.344447481913586,0.390566732942472,0.243561150223727,0.15944820103582,0,0.130188910980824,0.130188910980824,0,0,0,0,0,0.130188910980824,0.0920574617898323,0,0.0920574617898323,0,0.260377821961648,0,0.130188910980824,0,0
0.127688479613812,0.0737209780774486,0.195047374401373,0.0737209780774486,0,0,0.303959379437164,0,0,0.265804766535597,0.195047374401373,0.195047374401373,0.368604890387243,0.526473088622275,0.255376959227625,0,0.275838642183685,0,0.195047374401373,0.147441956154897,0.104257207028537,0,0,0.127688479613812,0,0.147441956154897,0.127688479613812,0,0.0737209780774486,0.104257207028537,0,0,0,0,0
0.206724557648681,0.130744090092123,0.261488180184245,0.130744090092123,0,0,0.160128153805087,0,0,0.452910813657838,0,0.0924500327042049,0.306622070335933,0.413449115297362,0.514739997432942,0,0.0924500327042049,0.0924500327042049,0,0.130744090092123,0,0,0.130744090092123,0,0,0,0.160128153805087,0,0,0,0,0,0,0.0924500327042049,0
0.152498570332605,0,0.152498570332605,0,0,0,0.0762492851663023,0,0,0.381246425831512,0.107832773203438,0.0762492851663023,0.323498319610315,0.633374131692852,0.470032161195529,0,0,0.0762492851663023,0.0762492851663023,0.152498570332605,0,0,0,0,0,0,0.132067635948844,0,0,0,0.0762492851663023,0,0,0,0
0.484322104837853,0,0.314269680527354,0,0,0.111111111111111,0.222222222222222,0,0,0,0.192450089729875,0.111111111111111,0.248451997499977,0.192450089729875,0.496903994999953,0.314269680527354,0,0.157134840263677,0,0,0,0,0,0,0.111111111111111,0,0,0,0,0.111111111111111,0.192450089729875,0,0,0.157134840263677,0
0.223606797749979,0,0.111803398874989,0.223606797749979,0,0,0.223606797749979,0.111803398874989,0,0.223606797749979,0,0,0.524404424085076,0.403112887414928,0.487339717240448,0,0.193649167310371,0.111803398874989,0,0,0.111803398874989,0,0,0,0,0,0.193649167310371,0,0,0,0,0,0,0,0
0.312347523777212,0.180333926933486,0.349215147884789,0.127515342612668,0,0.0901669634667432,0,0.0901669634667432,0,0.0901669634667432,0.127515342612668,0.0901669634667432,0.555826492199584,0.201619459636378,0.510061370450671,0.0901669634667432,0,0,0.127515342612668,0,0,0,0,0,0,0,0.0901669634667432,0,0.0901669634667432,0,0.0901669634667432,0,0.0901669634667432,0.127515342612668,0
0.223606797749979,0,0.182574185835055,0.0912870929175277,0,0,0.0912870929175277,0,0,0,0.129099444873581,0.0912870929175277,0.447213595499958,0.474341649025257,0.540061724867322,0.258198889747161,0.0912870929175277,0.0912870929175277,0.158113883008419,0.0912870929175277,0,0,0,0,0,0,0.129099444873581,0,0,0,0,0.0912870929175277,0,0.129099444873581,0
0.152057184253941,0.152057184253941,0.152057184253941,0.131685384391844,0,0,0.107520666114094,0,0.0760285921269706,0.313473915906503,0,0.228085776380912,0.340010200459023,0.617659202289912,0.322561998342282,0,0.131685384391844,0.0760285921269706,0.131685384391844,0.107520666114094,0,0,0.0760285921269706,0,0.0760285921269706,0,0.201152747298327,0,0.152057184253941,0.0760285921269706,0.0760285921269706,0,0.0760285921269706,0,0
0.28474739872575,0,0.1898315991505,0,0,0,0.0949157995752499,0,0.164398987305357,0,0,0.0949157995752499,0.43495883620084,0.28474739872575,0.519875244910036,0.0949157995752499,0.134231211042805,0.164398987305357,0,0,0,0,0.0949157995752499,0,0.1898315991505,0,0,0,0.0949157995752499,0,0.314800093867678,0.134231211042805,0.232495277487639,0.134231211042805,0
0.615124685229246,0,0.232495277487639,0,0,0,0.0949157995752499,0,0,0,0,0,0.43495883620084,0.328797974610715,0.464990554975277,0,0,0,0.134231211042805,0,0,0,0,0,0,0,0,0,0.0949157995752499,0,0.134231211042805,0,0,0,0
0.456435464587638,0.102062072615966,0.144337567297406,0,0,0,0.270030862433661,0.102062072615966,0,0,0,0.102062072615966,0.25,0.25,0.322748612183951,0.433012701892219,0.102062072615966,0.144337567297406,0.144337567297406,0.102062072615966,0,0,0.102062072615966,0,0.102062072615966,0.102062072615966,0.102062072615966,0,0.102062072615966,0,0.353553390593274,0,0,0.102062072615966,0
0.3038218101251,0,0.196116135138184,0,0,0,0,0,0.0877058019307029,0.0877058019307029,0,0,0.263117405792109,0.29088723694137,0.392232270276368,0.620173672946042,0.0877058019307029,0,0,0,0,0,0.0877058019307029,0,0.0877058019307029,0,0,0,0,0,0.3038218101251,0.124034734589208,0.15191090506255,0.0877058019307029,0
0.207390338946085,0,0.311085508419128,0,0,0,0.231869447880084,0,0,0.231869447880084,0.311085508419128,0.146647115021353,0.146647115021353,0.427546136603678,0.43994134506406,0.207390338946085,0,0.146647115021353,0,0,0,0,0,0,0,0,0.146647115021353,0,0.103695169473043,0,0.274351630584367,0.146647115021353,0,0.207390338946085,0
0.528594139870924,0,0.353553390593274,0,0,0,0.121267812518166,0,0,0.0857492925712544,0,0,0.242535625036333,0.332105582077536,0.27116307227332,0.297044262893002,0,0.121267812518166,0.121267812518166,0,0.0857492925712544,0,0,0,0.0857492925712544,0,0,0,0.0857492925712544,0,0.411239160414987,0,0.0857492925712544,0.121267812518166,0
0.160540324766984,0,0.268635344758668,0,0,0,0.0717958158617738,0,0.0717958158617738,0.23811978273095,0.143591631723548,0.101534616513362,0.336752226207445,0.448364726350157,0.537270689517335,0.143591631723548,0.101534616513362,0,0,0.160540324766984,0,0,0.101534616513362,0,0.0717958158617738,0,0.101534616513362,0.0717958158617738,0,0,0.23811978273095,0.0717958158617738,0.0717958158617738,0.215387447585321,0
0.164398987305357,0,0,0,0,0.0949157995752499,0.0949157995752499,0.134231211042805,0,0.483977514182461,0,0,0.134231211042805,0.511137223513668,0.43495883620084,0.164398987305357,0,0.134231211042805,0.0949157995752499,0,0,0,0,0,0.0949157995752499,0,0.0949157995752499,0,0.1898315991505,0,0.1898315991505,0.164398987305357,0.0949157995752499,0.232495277487639,0
0.150187852296528,0.086710996952412,0.122627867896993,0,0,0.086710996952412,0.150187852296528,0,0,0.387783367164741,0,0,0.150187852296528,0.300375704593055,0.415851332602251,0.466953009179676,0.086710996952412,0.173421993904824,0.122627867896993,0,0,0,0,0,0.086710996952412,0,0.150187852296528,0,0,0,0.387783367164741,0.173421993904824,0,0.086710996952412,0
0.146910632062318,0,0.18966081045272,0,0,0,0.119952028780813,0,0,0.508913357807983,0,0,0,0.39783587230787,0.415526016638666,0.293821264124635,0,0.0848188929679971,0,0,0,0,0,0,0.119952028780813,0,0.0848188929679971,0,0.119952028780813,0.0848188929679971,0.388688997388204,0.146910632062318,0.119952028780813,0.119952028780813,0
0.205737799949456,0,0.17817416127495,0,0,0,0.281718084909506,0,0.145478593490662,0,0,0,0,0.218217890235992,0.102868899974728,0.762896180361772,0,0.0727392967453308,0.205737799949456,0,0,0.0727392967453308,0.145478593490662,0,0.102868899974728,0,0,0,0,0,0.308606699924184,0,0,0.0727392967453308,0
0,0,0,0,0,0,0,0,0,0,0,0.103142124625879,0.230632802007221,0.291729982995789,0.357294800505248,0.652328073053442,0,0,0.103142124625879,0,0,0,0.178647400252624,0,0,0,0,0,0.178647400252624,0,0.437594974493684,0,0.145864991497895,0.103142124625879,0
0.0798086884467622,0,0.444355971378087,0,0,0,0,0,0,0.138232703275227,0,0.0798086884467622,0,0.195490563735322,0.252377232562534,0.643438216811454,0,0,0.0798086884467622,0,0,0,0,0,0.11286652959662,0,0,0,0,0,0.406946059744288,0,0.195490563735322,0.178457652562062,0
0.157134840263677,0,0.351364184463153,0,0,0,0,0,0,0,0,0,0,0.248451997499977,0.157134840263677,0.737027731190089,0,0,0.111111111111111,0,0,0,0,0,0.111111111111111,0,0,0,0.111111111111111,0,0.400616808384888,0,0.111111111111111,0.111111111111111,0
0,0,0.29277002188456,0,0,0,0,0,0,0,0,0.0845154254728517,0,0.188982236504614,0.223606797749979,0.722100111777149,0,0.0845154254728517,0,0,0,0,0,0,0.207019667802706,0,0,0,0.0845154254728517,0,0.47056197405716,0,0.14638501094228,0,0
0.183803655523452,0,0.116247638743819,0,0,0,0.328797974610715,0,0,0,0,0,0,0.21747941810042,0.164398987305357,0.775468472183977,0,0.183803655523452,0,0,0,0,0.307562342614623,0,0.0821994936526786,0,0,0,0,0,0.142373699362875,0,0,0.0821994936526786,0.0821994936526786
0,0,0.182574185835055,0,0,0,0.288675134594813,0,0,0,0,0,0,0,0,0.632455532033676,0,0,0,0,0,0,0.683130051063973,0,0,0,0,0,0,0,0.129099444873581,0,0,0,0
0.263856501084504,0,0.225017580185205,0,0,0,0,0,0.079555728417573,0.079555728417573,0,0.159111456835146,0.079555728417573,0.194870940738489,0.194870940738489,0.573684516132894,0,0.079555728417573,0,0,0,0,0.112508790092602,0,0.194870940738489,0,0,0,0.079555728417573,0,0.573684516132894,0.112508790092602,0.079555728417573,0.137794563652388,0
0.161164592805076,0,0.161164592805076,0,0,0,0.113960576459638,0,0.080582296402538,0.279145263119541,0,0.113960576459638,0,0.377964473009227,0.426401432711221,0.522232967867094,0,0.161164592805076,0,0,0,0,0,0,0.139572631559771,0,0.080582296402538,0,0.113960576459638,0,0.351250086657104,0.139572631559771,0,0.180187492539112,0
0,0,0.25712973861329,0,0,0.0909090909090909,0,0,0,0.385694607919935,0,0.0909090909090909,0,0.406557814090871,0.445361771415123,0.240522846460417,0,0.0909090909090909,0,0,0,0,0,0,0.0909090909090909,0,0,0,0.0909090909090909,0,0.530086535895027,0.128564869306645,0.0909090909090909,0.128564869306645,0
0,0,0.162937633978071,0,0,0,0,0,0,0.0940720868383597,0,0,0,0.297482058654365,0.0940720868383597,0.684855129697198,0,0,0,0,0,0.162937633978071,0.188144173676719,0,0.0940720868383597,0,0,0,0,0,0.506593691375636,0.0940720868383597,0.230428611792771,0,0.0940720868383597
0.305708920257871,0,0.361719672530161,0,0,0,0.136717185404933,0,0,0.0966736489045664,0,0.255774433334654,0,0.255774433334654,0.398595665647404,0.216168850583558,0,0,0,0,0,0,0,0,0.167443671655784,0,0,0,0,0,0.483368244522832,0.216168850583558,0.255774433334654,0.193347297809133,0
0.164398987305357,0,0.5,0,0,0,0,0,0.116247638743819,0,0,0.0821994936526786,0,0.232495277487639,0.272624878403135,0.620592567740813,0,0.142373699362875,0,0,0,0,0,0,0,0,0,0,0.116247638743819,0,0.307562342614623,0,0.246598480958036,0,0
0.14824986333222,0,0.234403615469248,0,0,0,0,0,0.181568259800641,0,0,0.14824986333222,0,0.181568259800641,0.29649972666444,0.583660295599538,0,0.209656967344384,0,0,0,0,0,0,0.104828483672192,0,0,0,0,0,0.534522483824849,0.104828483672192,0.181568259800641,0.104828483672192,0.104828483672192
0.163663417676994,0,0.188982236504614,0,0,0,0,0,0.133630620956212,0,0,0,0,0.211288563682129,0.163663417676994,0.640869944461656,0,0.0944911182523068,0,0,0,0,0.188982236504614,0,0.163663417676994,0,0,0,0,0,0.526104280809151,0.28347335475692,0.0944911182523068,0,0
0.143838990445615,0,0.342405285167073,0,0,0,0,0,0.117444043902941,0,0,0.08304547985374,0,0.185695338177052,0.262612865719445,0.550861394419748,0,0.117444043902941,0,0,0,0,0.117444043902941,0,0.203419051086243,0,0,0,0,0,0.4152273992687,0.24913643956122,0.24913643956122,0.08304547985374,0.24913643956122
0.202030508910442,0,0.377964473009227,0,0,0,0,0,0,0,0,0.142857142857143,0,0,0.142857142857143,0.654653670707977,0,0.142857142857143,0,0,0,0,0,0,0,0,0,0,0,0,0.553283335172488,0,0,0,0.142857142857143
0.131306432859723,0,0.227429413073671,0,0,0,0,0,0,0,0,0.293610109757352,0,0.227429413073671,0.293610109757352,0.557086014531156,0,0,0,0,0,0,0,0,0,0,0,0,0,0,0.508547627715608,0,0.185695338177052,0.321633760451338,0
0.0962250448649376,0,0.384900179459751,0,0,0,0,0,0.166666666666667,0,0,0.136082763487954,0,0,0.215165741455968,0.707106781186548,0,0.0962250448649376,0,0,0,0,0.166666666666667,0,0,0,0,0,0,0,0.396746023807936,0,0.0962250448649376,0,0.215165741455968
0,0,0,0,0,0,0,0,0,0,0,0,0,0,0,0.5,0,0.5,0,0,0,0,0.353553390593274,0,0,0,0,0,0.353553390593274,0,0.5,0,0,0,0
0,0,0.314918328648887,0,0,0,0,0.0909090909090909,0,0.128564869306645,0,0,0,0.314918328648887,0.272727272727273,0.406557814090871,0,0.0909090909090909,0,0,0,0,0,0,0.0909090909090909,0,0,0,0,0,0.686348585024614,0,0.128564869306645,0.181818181818182,0
0.105409255338946,0,0,0,0,0,0,0,0.149071198499986,0,0,0,0,0,0.105409255338946,0.774596669241483,0,0,0,0,0,0,0.567646212197547,0,0,0,0,0,0,0,0.149071198499986,0,0,0,0.105409255338946
0.0887356509416114,0,0.354942603766445,0,0,0,0,0,0.234772464816938,0,0,0,0,0.177471301883223,0.266206952824834,0.658081200264627,0,0.125491161027632,0.0887356509416114,0,0,0.125491161027632,0,0,0,0,0,0,0,0,0.469544929633876,0,0,0.0887356509416114,0.0887356509416114
0.377964473009227,0,0.462910049886276,0,0,0,0,0,0,0,0,0,0,0.154303349962092,0.154303349962092,0.377964473009227,0,0.218217890235992,0,0,0,0,0,0,0,0,0,0,0,0,0.462910049886276,0,0.267261241912424,0,0.345032779671177
0.480384461415261,0,0.620173672946042,0,0,0,0,0,0.277350098112615,0,0,0,0,0,0.277350098112615,0,0,0.277350098112615,0,0,0,0,0,0,0,0,0,0,0,0,0.392232270276368,0,0,0,0
0.470032161195529,0,0.186771841909407,0,0,0,0,0,0.152498570332605,0,0,0.152498570332605,0,0.304997140665209,0.388796592960476,0.403473292392964,0.152498570332605,0.152498570332605,0.152498570332605,0,0,0,0.107832773203438,0,0.152498570332605,0,0,0,0,0,0.241121411085206,0,0.107832773203438,0.152498570332605,0.304997140665209
0.184637236468999,0,0.426401432711221,0,0,0,0,0,0.184637236468999,0,0,0.184637236468999,0,0.21320071635561,0.21320071635561,0.476731294622796,0,0.106600358177805,0,0,0,0,0.21320071635561,0,0.106600358177805,0,0,0,0,0,0.426401432711221,0,0.150755672288882,0,0.353553390593274
0.188982236504614,0,0.298807152333598,0,0,0,0,0,0.188982236504614,0,0,0.133630620956212,0,0.327326835353989,0.267261241912424,0.377964473009227,0,0,0,0,0,0,0.453163483587483,0.0944911182523068,0.0944911182523068,0,0,0,0,0,0.188982236504614,0,0.133630620956212,0,0.472455591261534
0.262612865719445,0,0.393919298579168,0,0,0,0,0,0.185695338177052,0,0,0.227429413073671,0,0.321633760451338,0.46423834544263,0.185695338177052,0.0928476690885259,0.0928476690885259,0,0,0,0,0.160816880225669,0,0.160816880225669,0,0,0,0,0,0.425481471698382,0,0.0928476690885259,0,0.278543007265578
0.0715656266964513,0,0.0619776507568807,0,0,0,0,0,0,0,0,0,0,0,0,0.962151877613608,0,0,0,0,0,0,0.0946724253296476,0,0,0,0,0,0,0,0.118678165819385,0,0,0,0.205556612948259
0.232495277487639,0,0.445194562183994,0,0,0,0,0,0.164398987305357,0,0,0.1898315991505,0,0.251123601166961,0.28474739872575,0.536924844171219,0,0.164398987305357,0.0949157995752499,0,0,0,0.0949157995752499,0,0.164398987305357,0,0,0,0,0,0,0,0.164398987305357,0,0.391347867188711
0.329690236697893,0.104257207028537,0.147441956154897,0,0,0,0,0,0,0,0,0.127688479613812,0.127688479613812,0.629872312802192,0.275838642183685,0.244504823460913,0,0.147441956154897,0.127688479613812,0,0,0.104257207028537,0.345782037404062,0,0.195047374401373,0,0,0,0,0,0.180578779628654,0.127688479613812,0,0.147441956154897,0.127688479613812
0.203278907045435,0,0.301511344577764,0,0,0,0,0,0.203278907045435,0,0,0,0,0.327777388678545,0.314918328648887,0.43598468393752,0,0.128564869306645,0.0909090909090909,0,0,0,0.240522846460417,0,0.157459164324443,0,0,0,0,0,0.363636363636364,0.0909090909090909,0.240522846460417,0.0909090909090909,0.340150671524904
