"Sample","1_P","101_P","102_P","103_P","105_P","106_P","107_P","108_P","109_P","110_P","111_P","112_P","113_P","114_P","115_P","116_P","117_P","118_P","119_P","120_P","121_P","38_P","39_P","40_P","43_P","44_P","45_P","46_P","48_P","49_P","5_P","50_P","51_P","52_P","56_P","63_P","64_P","70_P","71_P","72_P","73_P","74_P","76_P","78_P","79_P","8_P","80_P","82_P","83_P","84_P","85_P","86_P","87_P","88_P","89_P","90_P","91_P","92_P","96_P","97_P","98_P"
"1-2",0.634146341463415,0.178571428571429,0.302325581395349,0.217391304347826,0.464285714285714,0.230130668325587,0.464285714285714,0.13953488372093,0.302325581395349,6.5,0.207120398152897,19.9642857142857,0.302325581395349,0.113636363636364,0.25,0.25,0.302325581395349,0.302325581395349,13,0.381090167355506,0.108465608465608,0.755928946018454,0.742857142857143,13,0.464285714285714,0.681385143869247,0.4,0.0642857142857143,0.357142857142857,0.107142857142857,9.01091334727929,0.642857142857143,0.285714285714286,0.178571428571429,0.298913043478261,5.42857142857143,6.78571428571429,0.594152848056894,0.548289516423362,0.300621393819765,0.879834862216486,0.375277140487248,0.541666666666667,0.571428571428571,0.628571428571429,0.347826086956522,0.634146341463415,0.477566932940919,0.796333059381195,0.796931474720455,0.302325581395349,0.549841414769158,0.25,0.0523255813953488,0.186046511627907,0.116279069767442,0.357142857142857,0.107142857142857,0.551724137931034,0.763304830279342,0.742781352708207
"2-3",0.4,0.0416666666666667,0.142857142857143,0.0434782608695652,0.25,0.0990860793930506,0.25,0.19047619047619,0.142857142857143,3,0.0944789975526343,10.5,0.142857142857143,0.0176678445229682,0.217391304347826,0.0526315789473684,0.142857142857143,0.142857142857143,6,0.192645077942396,0.0217391304347826,0.69693205243717,0.342857142857143,6,0.25,0.5,0.1,0.15,0.0833333333333333,0.166666666666667,4.15888308335967,0.916666666666667,0.0416666666666667,0.208333333333333,0.135011441647597,3.31428571428571,4.83333333333333,0.412547487146203,0.37275089292597,0.138943228177108,0.5776728199392,0.160396652703902,0.292682926829268,0.485714285714286,0.828571428571429,0.217391304347826,0.4,0.306186217847897,0.632455532033676,0.56253389353504,0.142857142857143,0.377964473009227,0.0526315789473684,0.0902255639097744,0.119047619047619,0.0238095238095238,0.0833333333333333,0.166666666666667,0.0492610837438424,0.274241092695384,0.221948380809238
"3-4",0.484848484848485,0.08,0.19047619047619,0.0869565217391304,0.32,0.135968971551368,0.32,0.19047619047619,0.19047619047619,4,0.127486006150727,13.44,0.19047619047619,0.0399334442595674,0.105263157894737,0.105263157894737,0.19047619047619,0.19047619047619,8,0.251538766995964,0.0433333333333333,0.717137165600636,0.457142857142857,8,0.32,0.565685424949238,0.19047619047619,0.12952380952381,0.16,0.16,5.54517744447956,0.84,0.24,0.08,0.183066361556064,3.65714285714286,5.12,0.504762560077018,0.432180188695181,0.186779715500602,0.674193166341976,0.230313931825617,0.372093023255814,0.514285714285714,0.771428571428571,0.260869565217391,0.484848484848485,0.35921060405355,0.696310623822791,0.642735413908601,0.19047619047619,0.436435780471985,0.105263157894737,0.0852130325814536,0.142857142857143,0.0476190476190476,0.16,0.16,0.131868131868132,0.419827331171454,0.363136519601281
"4-5",0.615384615384615,0.148148148148148,0.285714285714286,0.173913043478261,0.444444444444444,0.213489414882731,0.444444444444444,0.19047619047619,0.285714285714286,6,0.193500023346913,18.6666666666667,0.285714285714286,0.0962406015037594,0.347826086956522,0.210526315789474,0.285714285714286,0.285714285714286,12,0.362570079384708,0.094017094017094,0.755928946018454,0.685714285714286,12,0.444444444444444,0.666666666666667,0.347826086956522,0.0966183574879227,0.296296296296296,0.148148148148148,8.31776616671934,0.703703703703704,0.148148148148148,0.296296296296296,0.279176201372998,6.14285714285714,7.96296296296296,0.581480409920183,0.531462783407823,0.28245269014759,0.834384505389237,0.350594907070201,0.51063829787234,0.571428571428571,0.657142857142857,0.347826086956522,0.615384615384615,0.454858826147342,0.784464540552736,0.765325987733606,0.285714285714286,0.534522483824849,0.210526315789474,0.075187969924812,0.19047619047619,0.0952380952380952,0.296296296296296,0.148148148148148,0.421052631578947,0.681084853166333,0.64888568452305
"5-6",0.307692307692308,0.0454545454545455,0.1,0.0476190476190476,0.181818181818182,0.0704340246062327,0.181818181818182,0.1,0.1,2,0.0680641967011293,7.27272727272727,0.1,0.0125523012552301,0.0526315789473685,0.0526315789473684,0.1,0.1,4,0.137503523749935,0.0173160173160173,0.69693205243717,0.228571428571429,4,0.181818181818182,0.426401432711221,0.1,0.0818181818181818,0.0909090909090909,0.0909090909090909,2.77258872223978,0.909090909090909,0.136363636363636,0.0454545454545455,0.0977443609022556,3.48571428571429,5.54545454545455,0.31103870370555,0.314440592514443,0.098872886220834,0.476777417087998,0.125255672964725,0.205128205128205,0.485714285714286,0.885714285714286,0.142857142857143,0.307692307692308,0.246182981958665,0.554700196225229,0.466135020636586,0.1,0.316227766016838,0.0526315789473684,0.0473684210526316,0.075,0.025,0.0909090909090909,0.0909090909090909,0.0253164556962025,0.20342236016436,0.159111456835146
"6-7",0.482758620689655,0.0454545454545455,0.189189189189189,0.0476190476190476,0.318181818181818,0.129728349878973,0.318181818181818,0.27027027027027,0.189189189189189,3.5,0.121977205486745,11.7727272727273,0.189189189189189,0.0254237288135593,0.285714285714286,0.0625,0.189189189189189,0.189189189189189,7,0.249978253008348,0.0303030303030303,0.755928946018454,0.4,7,0.318181818181818,0.564076074817766,0.117647058823529,0.200534759358289,0.0909090909090909,0.227272727272727,4.85203026391962,0.909090909090909,0.0454545454545455,0.272727272727273,0.174107142857143,2.08571428571429,3.31818181818182,0.444208485266113,0.426242784824598,0.181682911615029,0.606468941646938,0.201605745040211,0.333333333333333,0.571428571428571,0.8,0.285714285714286,0.482758620689655,0.333333333333333,0.694808333779651,0.589690496124782,0.189189189189189,0.43495883620084,0.0625,0.126689189189189,0.162162162162162,0.027027027027027,0.0909090909090909,0.227272727272727,0.0597014925373134,0.298468388920361,0.24433888871261
"7-8",0.482758620689655,0.0454545454545455,0.189189189189189,0.0476190476190476,0.318181818181818,0.129728349878973,0.318181818181818,0.27027027027027,0.189189189189189,3.5,0.121977205486745,11.7727272727273,0.189189189189189,0.0254237288135593,0.0625,0.0625,0.189189189189189,0.189189189189189,7,0.249978253008348,0.0303030303030303,0.755928946018454,0.4,7,0.318181818181818,0.564076074817766,0.117647058823529,0.200534759358289,0.0909090909090909,0.227272727272727,4.85203026391962,0.909090909090909,0.272727272727273,0.0454545454545455,0.174107142857143,2.34285714285714,3.72727272727273,0.444208485266113,0.426242784824598,0.181682911615029,0.606468941646938,0.201605745040211,0.333333333333333,0.571428571428571,0.8,0.285714285714286,0.482758620689655,0.333333333333333,0.694808333779651,0.589690496124782,0.189189189189189,0.43495883620084,0.0625,0.126689189189189,0.162162162162162,0.027027027027027,0.0909090909090909,0.227272727272727,0.0597014925373134,0.298468388920361,0.24433888871261
"8-9",0.482758620689655,0.0454545454545455,0.189189189189189,0.0476190476190476,0.318181818181818,0.129728349878973,0.318181818181818,0.27027027027027,0.189189189189189,3.5,0.121977205486745,11.7727272727273,0.189189189189189,0.0254237288135593,0.285714285714286,0.0625,0.189189189189189,0.189189189189189,7,0.249978253008348,0.0303030303030303,0.755928946018454,0.4,7,0.318181818181818,0.564076074817766,0.117647058823529,0.200534759358289,0.0909090909090909,0.227272727272727,4.85203026391962,0.909090909090909,0.0454545454545455,0.272727272727273,0.174107142857143,2.88571428571429,4.59090909090909,0.444208485266113,0.426242784824598,0.181682911615029,0.606468941646938,0.201605745040211,0.333333333333333,0.571428571428571,0.8,0.285714285714286,0.482758620689655,0.333333333333333,0.694808333779651,0.589690496124782,0.189189189189189,0.43495883620084,0.0625,0.126689189189189,0.162162162162162,0.027027027027027,0.0909090909090909,0.227272727272727,0.0597014925373134,0.298468388920361,0.24433888871261
"9-10",0.647058823529412,0.173913043478261,0.314285714285714,0.210526315789474,0.478260869565217,0.238831102750917,0.478260869565217,0.171428571428571,0.314285714285714,5.5,0.214168275962626,16.7391304347826,0.314285714285714,0.118393234672304,0.25,0.25,0.314285714285714,0.314285714285714,11,0.394278939112047,0.114624505928854,0.810643483377778,0.628571428571429,11,0.478260869565217,0.691564074808125,0.4,0.0782608695652174,0.347826086956522,0.130434782608696,7.6246189861594,0.652173913043478,0.304347826086957,0.173913043478261,0.309210526315789,4.2,6.39130434782609,0.576317672519646,0.558348276963684,0.311752798388315,0.786397515657049,0.385910069196803,0.478260869565217,0.657142857142857,0.685714285714286,0.368421052631579,0.647058823529412,0.431787769588373,0.804399666539844,0.725476250110012,0.314285714285714,0.560611910581388,0.25,0.0642857142857143,0.2,0.114285714285714,0.347826086956522,0.130434782608696,0.325581395348837,0.612035025268106,0.570597402157456
"10-11",0.540540540540541,0.0740740740740741,0.227272727272727,0.08,0.37037037037037,0.159752822489921,0.37037037037037,0.272727272727273,0.227272727272727,5,0.148206898352226,16.2962962962963,0.227272727272727,0.0459110473457676,0.105263157894737,0.105263157894737,0.227272727272727,0.227272727272727,10,0.295455883526172,0.0484330484330484,0.717137165600636,0.571428571428571,10,0.37037037037037,0.608580619450185,0.19047619047619,0.17989417989418,0.148148148148148,0.222222222222222,6.93147180559945,0.851851851851852,0.296296296296296,0.0740740740740741,0.212631578947368,4.74285714285714,6.14814814814815,0.535882010901934,0.469027189872922,0.21998650484009,0.751474716762975,0.258804086402679,0.444444444444444,0.514285714285714,0.714285714285714,0.32,0.540540540540541,0.408248290463863,0.735214622093808,0.711811878184954,0.227272727272727,0.476731294622796,0.105263157894737,0.12200956937799,0.181818181818182,0.0454545454545455,0.148148148148148,0.222222222222222,0.210526315789474,0.510793585979373,0.458831467741124
"11-12",0.470588235294118,0.0384615384615385,0.181818181818182,0.04,0.307692307692308,0.1237824785559,0.307692307692308,0.272727272727273,0.181818181818182,4,0.116700208326774,13.5384615384615,0.181818181818182,0.0211480362537764,0.28,0.0526315789473684,0.181818181818182,0.181818181818182,8,0.241008099503795,0.0246153846153846,0.69693205243717,0.457142857142857,8,0.307692307692308,0.554700196225229,0.1,0.207692307692308,0.0769230769230769,0.230769230769231,5.54517744447956,0.923076923076923,0.0384615384615385,0.269230769230769,0.166315789473684,4.6,6.19230769230769,0.466927237900262,0.417256944898437,0.174103358065978,0.661631246363668,0.187901635694653,0.372093023255814,0.485714285714286,0.771428571428571,0.28,0.470588235294118,0.35921060405355,0.685994340570035,0.642155929203251,0.181818181818182,0.426401432711221,0.0526315789473684,0.129186602870813,0.159090909090909,0.0227272727272727,0.0769230769230769,0.230769230769231,0.0828402366863905,0.344192470722135,0.287819798982611
"12-13",0.260869565217391,0.05,0.0810810810810811,0.0526315789473684,0.15,0.0574240913957023,0.15,0.0540540540540541,0.0810810810810811,1.5,0.0558358481758061,5.55,0.0810810810810811,0.0101010101010101,0.105263157894737,0.0555555555555556,0.0810810810810811,0.0810810810810811,3,0.112474729258413,0.0157894736842105,0.717137165600636,0.171428571428571,3,0.15,0.387298334620742,0.105263157894737,0.0447368421052632,0.1,0.05,2.07944154167984,0.9,0.05,0.1,0.0804093567251462,3.08571428571429,5.4,0.211983234984132,0.284157140080999,0.0807452802590123,0.412901131894527,0.108178571939198,0.157894736842105,0.514285714285714,0.914285714285714,0.105263157894737,0.260869565217391,0.21160368475758,0.510753918455249,0.404882615612324,0.081081081081081,0.28474739872575,0.0555555555555556,0.0255255255255255,0.0540540540540541,0.027027027027027,0.1,0.05,0.0155642023346304,0.162712882065395,0.124756572310361
"13-14",0.594594594594595,0.115384615384615,0.268292682926829,0.130434782608696,0.423076923076923,0.195436899239263,0.423076923076923,0.24390243902439,0.268292682926829,5.5,0.178511724623826,17.3461538461538,0.268292682926829,0.0764331210191083,0.166666666666667,0.166666666666667,0.268292682926829,0.268292682926829,11,0.342887713523009,0.0769230769230769,0.755928946018454,0.628571428571429,11,0.423076923076923,0.650443635587991,0.285714285714286,0.137362637362637,0.230769230769231,0.192307692307692,7.6246189861594,0.769230769230769,0.307692307692308,0.115384615384615,0.257246376811594,5.94285714285714,8,0.564036478660872,0.512630685021404,0.262790219225514,0.786160884110503,0.320700890930558,0.478260869565217,0.571428571428571,0.685714285714286,0.347826086956522,0.594594594594595,0.431787769588373,0.77109960095606,0.731754686902568,0.268292682926829,0.517969770282812,0.166666666666667,0.101626016260163,0.195121951219512,0.0731707317073171,0.230769230769231,0.192307692307692,0.30188679245283,0.593171133027582,0.549442255794756
"14-15",0.529411764705882,0.08,0.219512195121951,0.0869565217391304,0.36,0.155692425608947,0.36,0.24390243902439,0.219512195121951,4.5,0.144699667035536,14.76,0.219512195121951,0.0469011725293132,0.304347826086957,0.111111111111111,0.219512195121951,0.219512195121951,9,0.286304185156641,0.05,0.736788397613007,0.514285714285714,9,0.36,0.6,0.2,0.16,0.16,0.2,6.23832462503951,0.84,0.08,0.28,0.207729468599034,6.65714285714286,9.32,0.522606383681621,0.462215210164286,0.213642900507215,0.705417546870177,0.256364886550214,0.409090909090909,0.542857142857143,0.742857142857143,0.304347826086957,0.529411764705882,0.384110639798688,0.727606875108999,0.670402794835396,0.219512195121951,0.468521285665818,0.111111111111111,0.10840108401084,0.170731707317073,0.0487804878048781,0.16,0.2,0.160919540229885,0.456556688558862,0.401147778542877
"15-16",0.702702702702703,0.25,0.371428571428571,0.333333333333333,0.541666666666667,0.293105187836559,0.541666666666667,0.0571428571428571,0.371428571428571,6.5,0.257046448249258,18.9583333333333,0.371428571428571,0.170731707317073,0.388888888888889,0.352941176470588,0.371428571428571,0.371428571428571,13,0.45567948377619,0.155797101449275,0.828078671210825,0.742857142857143,13,0.541666666666667,0.735980072193987,0.521739130434783,0.019927536231884,0.5,0.0416666666666667,9.01091334727929,0.5,0.25,0.291666666666667,0.370915032679739,2.77142857142857,4.04166666666667,0.603143830143418,0.609238749980225,0.371171854477468,0.861295573748918,0.454974466718676,0.541666666666667,0.685714285714286,0.628571428571429,0.388888888888889,0.702702702702703,0.477566932940919,0.838273644284909,0.77754431603523,0.371428571428571,0.609449400220044,0.352941176470588,0.0184873949579832,0.2,0.171428571428571,0.5,0.0416666666666667,0.515337423312883,0.741472093227505,0.717870060186998
"16-17",0.538461538461538,0.105263157894737,0.225806451612903,0.117647058823529,0.368421052631579,0.163959024671224,0.368421052631579,0.193548387096774,0.225806451612903,3.5,0.151827146517147,11.4210526315789,0.225806451612903,0.0586510263929619,0.294117647058823,0.142857142857143,0.225806451612903,0.225806451612903,7,0.29373120305671,0.064327485380117,0.810643483377778,0.4,7,0.368421052631579,0.606976978666884,0.25,0.118421052631579,0.210526315789474,0.157894736842105,4.85203026391962,0.789473684210526,0.105263157894737,0.263157894736842,0.218487394957983,1,1.84210526315789,0.487377600624535,0.471333779542059,0.222155531737403,0.627066155670885,0.276414451386095,0.333333333333333,0.657142857142857,0.8,0.294117647058823,0.538461538461538,0.333333333333333,0.733799385705343,0.599893291833802,0.225806451612903,0.475190963311491,0.142857142857143,0.0829493087557604,0.161290322580645,0.0645161290322581,0.210526315789474,0.157894736842105,0.099009900990099,0.371624226378168,0.314658387763776
"17-18",0.571428571428571,0.1,0.25,0.111111111111111,0.4,0.17992847455497,0.4,0.25,0.25,4,0.1654538218565,12.8,0.25,0.0638297872340425,0.142857142857143,0.142857142857143,0.25,0.25,8,0.321928094887362,0.068421052631579,0.810643483377778,0.457142857142857,8,0.4,0.632455532033676,0.25,0.15,0.2,0.2,5.54517744447956,0.8,0.3,0.1,0.238095238095238,2.85714285714286,5,0.509691913026883,0.494035478464397,0.244071053981546,0.663240504182907,0.29590003757725,0.372093023255814,0.657142857142857,0.771428571428571,0.333333333333333,0.571428571428571,0.35921060405355,0.755928946018454,0.632360628113417,0.25,0.5,0.142857142857143,0.107142857142857,0.1875,0.0625,0.2,0.2,0.125,0.410426192315345,0.353553390593274
"18-19",0.466666666666667,0.0869565217391304,0.179487179487179,0.0952380952380952,0.304347826086957,0.129132374767605,0.304347826086957,0.153846153846154,0.179487179487179,3.5,0.121449527867054,11.8695652173913,0.179487179487179,0.0392927308447937,0.111111111111111,0.111111111111111,0.179487179487179,0.179487179487179,7,0.238159737194765,0.0434782608695652,0.736788397613007,0.4,7,0.304347826086957,0.551677284367371,0.2,0.104347826086957,0.173913043478261,0.130434782608696,4.85203026391962,0.826086956521739,0.217391304347826,0.0869565217391304,0.174603174603175,2.05714285714286,3.1304347826087,0.483494919484562,0.420771672290539,0.177048800202177,0.627066155670885,0.223647773829739,0.333333333333333,0.542857142857143,0.8,0.238095238095238,0.466666666666667,0.333333333333333,0.683130051063973,0.599893291833802,0.17948717948718,0.423659272868162,0.111111111111111,0.0683760683760684,0.128205128205128,0.0512820512820513,0.173913043478261,0.130434782608696,0.099009900990099,0.371624226378168,0.314658387763776
"19-20",0.451612903225806,0.125,0.170731707317073,0.142857142857143,0.291666666666667,0.125294444732588,0.291666666666667,0.0487804878048781,0.170731707317073,3.5,0.118044730062604,11.9583333333333,0.170731707317073,0.0434782608695652,0.19047619047619,0.15,0.170731707317073,0.170731707317073,7,0.227410496103073,0.0471014492753623,0.717137165600636,0.4,7,0.291666666666667,0.540061724867322,0.260869565217391,0.0307971014492754,0.25,0.0416666666666667,4.85203026391962,0.75,0.125,0.166666666666667,0.170238095238095,4.17142857142857,6.08333333333333,0.496244326514563,0.412898217474654,0.170484937993747,0.640893399100982,0.225943433105116,0.333333333333333,0.514285714285714,0.8,0.19047619047619,0.451612903225806,0.333333333333333,0.672021505032247,0.608554227024283,0.170731707317073,0.413196935270669,0.15,0.0207317073170732,0.0975609756097561,0.0731707317073171,0.25,0.0416666666666667,0.120603015075377,0.404238595763521,0.34727944810394
"20-21",0.606060606060606,0.130434782608696,0.277777777777778,0.15,0.434782608695652,0.204850242969928,0.434782608695652,0.222222222222222,0.277777777777778,5,0.186355279526252,15.6521739130435,0.277777777777778,0.0862422997946612,0.35,0.1875,0.277777777777778,0.277777777777778,10,0.353636954614701,0.0869565217391304,0.792824967172092,0.571428571428571,10,0.434782608695652,0.659380473395787,0.315789473684211,0.118993135011442,0.260869565217391,0.173913043478261,6.93147180559945,0.739130434782609,0.130434782608696,0.304347826086957,0.26875,4.14285714285714,6.30434782608696,0.555210289463603,0.522759894514268,0.273277907312568,0.743619747915928,0.336378678206622,0.444444444444444,0.628571428571429,0.714285714285714,0.35,0.606060606060606,0.408248290463863,0.778498944161523,0.695293017902979,0.277777777777778,0.52704627669473,0.1875,0.0902777777777778,0.194444444444444,0.0833333333333333,0.260869565217391,0.173913043478261,0.23728813559322,0.536834845703952,0.487122300447455
"21-22",0.592592592592593,0.157894736842105,0.266666666666667,0.1875,0.421052631578947,0.200352635934312,0.421052631578947,0.133333333333333,0.266666666666667,4,0.182615376903192,12.6315789473684,0.266666666666667,0.0906344410876133,0.3125,0.214285714285714,0.266666666666667,0.266666666666667,8,0.341036917835067,0.0935672514619883,0.828078671210825,0.457142857142857,8,0.421052631578947,0.64888568452305,0.352941176470588,0.0681114551083591,0.315789473684211,0.105263157894737,5.54517744447956,0.684210526315789,0.157894736842105,0.263157894736842,0.263392857142857,2.42857142857143,4.47368421052632,0.526798486341615,0.514812183947537,0.265031584740833,0.679310796572913,0.334706179743158,0.372093023255814,0.685714285714286,0.771428571428571,0.3125,0.592592592592593,0.35921060405355,0.769800358919501,0.641318110171827,0.266666666666667,0.516397779494322,0.214285714285714,0.0523809523809524,0.166666666666667,0.1,0.315789473684211,0.105263157894737,0.157068062827225,0.451937022542367,0.396318133356556
"22-23",0.642857142857143,0.210526315789474,0.310344827586207,0.266666666666667,0.473684210526316,0.239266898683089,0.473684210526316,0.0689655172413793,0.310344827586207,4.5,0.21451999404352,13.7368421052632,0.310344827586207,0.124610591900312,0.285714285714286,0.285714285714286,0.310344827586207,0.310344827586207,9,0.389946518316013,0.12280701754386,0.845154254728517,0.514285714285714,9,0.473684210526316,0.688247201611685,0.444444444444444,0.0292397660818713,0.421052631578947,0.0526315789473684,6.23832462503951,0.578947368421053,0.263157894736842,0.210526315789474,0.30952380952381,4.82857142857143,8.89473684210526,0.553773744767133,0.556717559142556,0.309934440657646,0.727045720164123,0.388598761907671,0.409090909090909,0.714285714285714,0.742857142857143,0.333333333333333,0.642857142857143,0.384110639798688,0.801783725737273,0.679155340285874,0.310344827586207,0.557086014531156,0.285714285714286,0.0246305418719212,0.172413793103448,0.137931034482759,0.421052631578947,0.0526315789473684,0.222222222222222,0.522407749927483,0.471404520791032
"23-24",0.8,0.285714285714286,0.5,0.4,0.666666666666667,0.410607406241691,0.666666666666667,0.142857142857143,0.5,7,0.344020396197619,18.6666666666667,0.5,0.278260869565217,0.533333333333333,0.461538461538462,0.5,0.5,14,0.584962500721157,0.233333333333333,0.894427190999916,0.8,14,0.666666666666667,0.816496580927726,0.631578947368421,0.0350877192982456,0.571428571428571,0.0952380952380952,9.70406052783923,0.428571428571429,0.285714285714286,0.380952380952381,0.497435897435897,2.48571428571429,4.14285714285714,0.623601604968949,0.706200812922498,0.498719588172397,0.910660647277717,0.582326767715708,0.571428571428571,0.8,0.6,0.533333333333333,0.8,0.5,0.894427190999916,0.815741084180838,0.5,0.707106781186548,0.461538461538462,0.0384615384615385,0.285714285714286,0.214285714285714,0.571428571428571,0.0952380952380952,0.657534246575342,0.823428511917159,0.810884854079383
"24-25",0.756756756756757,0.173913043478261,0.4375,0.210526315789474,0.608695652173913,0.330519268374432,0.608695652173913,0.375,0.4375,7,0.285569293385934,19.4782608695652,0.4375,0.178173719376392,0.307692307692308,0.307692307692308,0.4375,0.4375,14,0.523561956057013,0.162055335968379,0.861891607371335,0.8,14,0.608695652173913,0.780189497605494,0.470588235294118,0.138107416879795,0.347826086956522,0.260869565217391,9.70406052783923,0.652173913043478,0.434782608695652,0.173913043478261,0.417004048582996,2.6,3.95652173913043,0.60876375598282,0.653715315195996,0.4273437133218,0.877145470054191,0.498491350945508,0.571428571428571,0.742857142857143,0.6,0.526315789473684,0.756756756756757,0.5,0.86991767240168,0.796070228286419,0.4375,0.661437827766148,0.307692307692308,0.129807692307692,0.3125,0.125,0.347826086956522,0.260869565217391,0.540540540540541,0.756667850018233,0.735214622093808
"25-26",0.666666666666667,0.208333333333333,0.333333333333333,0.263157894736842,0.5,0.257977226906313,0.5,0.111111111111111,0.333333333333333,6,0.229505055496201,18,0.333333333333333,0.138339920948617,0.368421052631579,0.294117647058824,0.333333333333333,0.333333333333333,12,0.415037499278844,0.130434782608696,0.810643483377778,0.685714285714286,12,0.5,0.707106781186548,0.454545454545455,0.0454545454545455,0.416666666666667,0.0833333333333333,8.31776616671934,0.583333333333333,0.208333333333333,0.291666666666667,0.331269349845201,2.31428571428571,3.375,0.590295993723669,0.576456537052371,0.332302139110411,0.825812026860104,0.411866954308583,0.51063829787234,0.657142857142857,0.657142857142857,0.368421052631579,0.666666666666667,0.454858826147342,0.816496580927726,0.753133977821643,0.333333333333333,0.577350269189626,0.294117647058824,0.0392156862745098,0.194444444444444,0.138888888888889,0.416666666666667,0.0833333333333333,0.419161676646707,0.679805811791046,0.647426966264695
"26-27",0.666666666666667,0.153846153846154,0.333333333333333,0.181818181818182,0.5,0.249580781223885,0.5,0.256410256410256,0.333333333333333,6.5,0.222808120042538,19.5,0.333333333333333,0.119205298013245,0.235294117647059,0.235294117647059,0.333333333333333,0.333333333333333,13,0.415037499278844,0.113846153846154,0.792824967172092,0.742857142857143,13,0.5,0.707106781186548,0.380952380952381,0.119047619047619,0.307692307692308,0.192307692307692,9.01091334727929,0.692307692307692,0.346153846153846,0.153846153846154,0.322192513368984,3.57142857142857,4.80769230769231,0.59255411311374,0.572525984568801,0.327786003006475,0.852170789172419,0.397336306827854,0.541666666666667,0.628571428571429,0.628571428571429,0.409090909090909,0.666666666666667,0.477566932940919,0.816496580927726,0.777498531684477,0.333333333333333,0.577350269189626,0.235294117647059,0.0980392156862745,0.230769230769231,0.102564102564103,0.307692307692308,0.192307692307692,0.470588235294118,0.713578344650662,0.685994340570035
"27-28",0.571428571428571,0.12,0.25,0.136363636363636,0.4,0.183266019526032,0.4,0.2,0.25,5,0.168278428293629,16,0.25,0.072041166380789,0.318181818181818,0.166666666666667,0.25,0.25,10,0.321928094887362,0.0733333333333333,0.755928946018454,0.571428571428571,10,0.4,0.632455532033676,0.285714285714286,0.114285714285714,0.24,0.16,6.93147180559945,0.76,0.12,0.28,0.242424242424242,4.34285714285714,6.08,0.552584810580465,0.496207253630568,0.246221638555591,0.750959566858147,0.305848354652879,0.444444444444444,0.571428571428571,0.714285714285714,0.318181818181818,0.571428571428571,0.408248290463863,0.755928946018454,0.702106689580171,0.25,0.5,0.166666666666667,0.0833333333333333,0.175,0.075,0.24,0.16,0.245614035087719,0.544571485296265,0.495594627783352
"28-29",0.733333333333333,0.0526315789473684,0.407407407407407,0.0555555555555556,0.578947368421053,0.253275198545327,0.578947368421053,0.666666666666667,0.407407407407407,5.5,0.225760283518549,15.6315789473684,0.407407407407407,0.0586510263929619,0.555555555555556,0.111111111111111,0.407407407407407,0.407407407407407,11,0.493040011280117,0.064327485380117,0.87831006565368,0.628571428571429,11,0.578947368421053,0.760885910252682,0.2,0.378947368421053,0.105263157894737,0.473684210526316,7.6246189861594,0.894736842105263,0.0526315789473684,0.526315789473684,0.333333333333333,2.28571428571429,4.21052631578947,0.529974767472056,0.60947570824873,0.371460638945291,0.747680154093072,0.373038676148172,0.478260869565217,0.771428571428571,0.685714285714286,0.555555555555556,0.733333333333333,0.431787769588373,0.856348838577675,0.722256811700012,0.407407407407407,0.638284738504225,0.111111111111111,0.296296296296296,0.37037037037037,0.037037037037037,0.105263157894737,0.473684210526316,0.144927536231884,0.436899790508418,0.38069349381344
"29-30",0.727272727272727,0,0.4,0,0.571428571428571,0.215281811742787,0.571428571428571,0.8,0.4,6,0.194975993718926,17.1428571428571,0.4,0,0,0,0.4,0.4,12,0.485426827170242,0.00476190476190476,0.861891607371335,0.685714285714286,12,0.571428571428571,0.755928946018454,0,0.571428571428571,0,0.571428571428571,8.31776616671934,1,0.571428571428571,0,0.285714285714286,3.05714285714286,5.09523809523809,0,0.587661747344527,0.345346329292023,0.720843629773295,0.0491065077898206,0.51063829787234,0.742857142857143,0.657142857142857,0.571428571428571,0.727272727272727,0.454858826147342,0.852802865422442,0.720843629773295,0.4,0.632455532033676,0,0.4,0.4,0,0,0.571428571428571,0,0,0
"30-31",0.717948717948718,0.16,0.388888888888889,0.19047619047619,0.56,0.291240420076555,0.56,0.333333333333333,0.388888888888889,7,0.255603322316003,20.16,0.388888888888889,0.146788990825688,0.476190476190476,0.266666666666667,0.388888888888889,0.388888888888889,14,0.473931188332412,0.136666666666667,0.828078671210825,0.8,14,0.56,0.748331477354788,0.421052631578947,0.138947368421053,0.32,0.24,9.70406052783923,0.68,0.16,0.4,0.371428571428571,2.45714285714286,3.44,0.603420493193612,0.616619990917492,0.380220213199088,0.874241236504252,0.449890864818087,0.571428571428571,0.685714285714286,0.6,0.476190476190476,0.717948717948718,0.5,0.847318545736323,0.793480140686703,0.388888888888889,0.623609564462324,0.266666666666667,0.122222222222222,0.277777777777778,0.111111111111111,0.32,0.24,0.533333333333333,0.752357023060229,0.730296743340221
"31-32",0.6875,0.238095238095238,0.354838709677419,0.3125,0.523809523809524,0.27817728824596,0.523809523809524,0.0645161290322581,0.354838709677419,5.5,0.245435069531322,16.2380952380952,0.354838709677419,0.15748031496063,0.333333333333333,0.333333333333333,0.354838709677419,0.354838709677419,11,0.438121112391885,0.147619047619048,0.845154254728517,0.628571428571429,11,0.523809523809524,0.723746864455746,0.5,0.0238095238095238,0.476190476190476,0.0476190476190476,7.6246189861594,0.523809523809524,0.285714285714286,0.238095238095238,0.354166666666667,3.22857142857143,5.38095238095238,0.584549511187415,0.595401356760377,0.354502775632097,0.79734158414516,0.437155453143224,0.478260869565217,0.714285714285714,0.685714285714286,0.375,0.6875,0.431787769588373,0.82915619758885,0.732402672733541,0.354838709677419,0.595683397181271,0.333333333333333,0.021505376344086,0.193548387096774,0.161290322580645,0.476190476190476,0.0476190476190476,0.352941176470588,0.632861945165065,0.594088525786005
"32-33",0.571428571428571,0.2,0.25,0.25,0.4,0.189207115002721,0.4,0,0.25,4,0.173286795139986,12.8,0.25,0.0869565217391304,0.25,0.25,0.25,0.25,8,0.321928094887362,0.0894736842105263,0.810643483377778,0.457142857142857,8,0.4,0.632455532033676,0.4,0,0.4,0,5.54517744447956,0.6,0.2,0.2,0.25,3.17142857142857,5.55,0.529083185750701,0.5,0.25,0.678620892538296,0.321928106336744,0.372093023255814,0.657142857142857,0.771428571428571,0.25,0.571428571428571,0.35921060405355,0.755928946018454,0.638666373658505,0.25,0.5,0.25,0,0,0.25,0.4,0,0.163265306122449,0.459336969024329,0.404061017820884
"33-34",0.684210526315789,0.16,0.351351351351351,0.19047619047619,0.52,0.264124074335649,0.52,0.27027027027027,0.351351351351351,6.5,0.234379450982952,19.24,0.351351351351351,0.130198915009042,0.25,0.25,0.351351351351351,0.351351351351351,13,0.434402824145775,0.123333333333333,0.810643483377778,0.742857142857143,13,0.52,0.721110255092798,0.4,0.12,0.32,0.2,9.01091334727929,0.68,0.36,0.16,0.339285714285714,5.25714285714286,7.36,0.594360067145685,0.587661747344527,0.345346329292023,0.84795298013834,0.416211485999185,0.541666666666667,0.657142857142857,0.628571428571429,0.428571428571429,0.684210526315789,0.477566932940919,0.827170191868511,0.773696375040431,0.351351351351351,0.592748978363819,0.25,0.101351351351351,0.243243243243243,0.108108108108108,0.32,0.2,0.461538461538462,0.707778735729046,0.679366220486757
"34-35",0.666666666666667,0.192307692307692,0.333333333333333,0.238095238095238,0.5,0.256195307608535,0.5,0.153846153846154,0.333333333333333,6.5,0.228087555645507,19.5,0.333333333333333,0.134228187919463,0.380952380952381,0.277777777777778,0.333333333333333,0.333333333333333,13,0.415037499278844,0.126153846153846,0.792824967172092,0.742857142857143,13,0.5,0.707106781186548,0.434782608695652,0.0652173913043478,0.384615384615385,0.115384615384615,9.01091334727929,0.615384615384615,0.192307692307692,0.307692307692308,0.329365079365079,3.91428571428571,5.26923076923077,0.597080825158672,0.575631957212478,0.331352150164268,0.862138031057014,0.408900037190507,0.541666666666667,0.628571428571429,0.628571428571429,0.380952380952381,0.666666666666667,0.477566932940919,0.816496580927726,0.780975016624858,0.333333333333333,0.577350269189626,0.277777777777778,0.0555555555555556,0.205128205128205,0.128205128205128,0.384615384615385,0.115384615384615,0.509554140127389,0.737935727427228,0.71383061024825
"35-36",0.444444444444444,0.142857142857143,0.166666666666667,0.166666666666667,0.285714285714286,0.122462048309373,0.285714285714286,0,0.166666666666667,3,0.115524530093325,10.2857142857143,0.166666666666667,0.0425531914893617,0.166666666666667,0.166666666666667,0.166666666666667,0.166666666666667,6,0.222392421336448,0.0476190476190476,0.755928946018454,0.342857142857143,6,0.285714285714286,0.534522483824849,0.285714285714286,0,0.285714285714286,0,4.15888308335967,0.714285714285714,0.142857142857143,0.142857142857143,0.166666666666667,2.62857142857143,4.38095238095238,0.464845605098587,0.408248290463863,0.166666666666667,0.585779186129006,0.222392342657203,0.292682926829268,0.571428571428571,0.828571428571429,0.166666666666667,0.444444444444444,0.306186217847897,0.666666666666667,0.560112033611204,0.166666666666667,0.408248290463863,0.166666666666667,0,0,0.166666666666667,0.285714285714286,0,0.0821917808219178,0.343026171528043,0.286691089540498
"36-37",0.551724137931034,0.142857142857143,0.235294117647059,0.166666666666667,0.380952380952381,0.175110694573617,0.380952380952381,0.117647058823529,0.235294117647059,4,0.161362351306572,12.952380952381,0.235294117647059,0.072992700729927,0.277777777777778,0.1875,0.235294117647059,0.235294117647059,8,0.304854581528421,0.0761904761904762,0.792824967172092,0.457142857142857,8,0.380952380952381,0.617213399848368,0.315789473684211,0.0651629072681704,0.285714285714286,0.0952380952380952,5.54517744447956,0.714285714285714,0.142857142857143,0.238095238095238,0.232638888888889,2,3.33333333333333,0.523220473635341,0.483702029884694,0.233967653714573,0.67264855117075,0.299042444516871,0.372093023255814,0.628571428571429,0.771428571428571,0.277777777777778,0.551724137931034,0.35921060405355,0.742781352708207,0.635039747718062,0.235294117647059,0.485071250072666,0.1875,0.0477941176470588,0.147058823529412,0.0882352941176471,0.285714285714286,0.0952380952380952,0.152284263959391,0.446100621682066,0.390236164340763
"37-38",0.666666666666667,0.2,0.333333333333333,0.25,0.5,0.257122260926253,0.5,0.133333333333333,0.333333333333333,5,0.228825188940522,15,0.333333333333333,0.136363636363636,0.375,0.285714285714286,0.333333333333333,0.333333333333333,10,0.415037499278844,0.131578947368421,0.845154254728517,0.571428571428571,10,0.5,0.707106781186548,0.444444444444444,0.0555555555555556,0.4,0.1,6.93147180559945,0.6,0.2,0.3,0.330357142857143,6.22857142857143,10.9,0.569028793904324,0.576061537701433,0.331846895218939,0.760615793149365,0.410450961508009,0.444444444444444,0.714285714285714,0.714285714285714,0.375,0.666666666666667,0.408248290463863,0.816496580927726,0.705873643748212,0.333333333333333,0.577350269189626,0.285714285714286,0.0476190476190476,0.2,0.133333333333333,0.4,0.1,0.275862068965517,0.571428571428571,0.52522573143889
"38-39",0.758620689655172,0.222222222222222,0.44,0.285714285714286,0.611111111111111,0.346848446390583,0.611111111111111,0.24,0.44,5.5,0.297767379138804,15.2777777777778,0.44,0.208955223880597,0.5,0.363636363636364,0.44,0.44,11,0.526068811667588,0.189542483660131,0.894427190999916,0.628571428571429,11,0.611111111111111,0.781735959970572,0.533333333333333,0.0777777777777778,0.444444444444444,0.166666666666667,7.6246189861594,0.555555555555556,0.222222222222222,0.388888888888889,0.431818181818182,3.91428571428571,7.61111111111111,0.592643054775754,0.660245352260986,0.435923925182234,0.820586808351655,0.516403586935314,0.478260869565217,0.8,0.685714285714286,0.5,0.758620689655172,0.431787769588373,0.870988340711385,0.75687444699556,0.44,0.66332495807108,0.363636363636364,0.0763636363636364,0.28,0.16,0.444444444444444,0.166666666666667,0.380952380952381,0.653263269420819,0.617213399848368
"39-40",0.636363636363636,0.2,0.304347826086957,0.25,0.466666666666667,0.233693308267453,0.466666666666667,0.0869565217391304,0.304347826086957,3.5,0.210012359964054,10.7333333333333,0.304347826086957,0.119402985074627,0.272727272727273,0.272727272727273,0.304347826086957,0.304347826086957,7,0.383328639551506,0.123809523809524,0.87831006565368,0.4,7,0.466666666666667,0.683130051063973,0.428571428571429,0.0380952380952381,0.4,0.0666666666666667,4.85203026391962,0.6,0.266666666666667,0.2,0.303030303030303,2.65714285714286,6.2,0.512293400517752,0.551080190332776,0.303689376177209,0.672098546703971,0.381119040346916,0.333333333333333,0.771428571428571,0.8,0.333333333333333,0.636363636363636,0.333333333333333,0.797724035217466,0.638170066701777,0.304347826086957,0.551677284367371,0.272727272727273,0.0316205533596838,0.173913043478261,0.130434782608696,0.4,0.0666666666666667,0.13953488372093,0.429970332438018,0.373543683818814
"40-41",0.375,0.0769230769230769,0.130434782608696,0.0833333333333333,0.230769230769231,0.0935890835062343,0.230769230769231,0.0869565217391304,0.130434782608696,1.5,0.0894650242144981,5.30769230769231,0.130434782608696,0.0242424242424242,0.166666666666667,0.0909090909090909,0.130434782608696,0.130434782608696,3,0.176877762084079,0.0384615384615385,0.845154254728517,0.171428571428571,3,0.230769230769231,0.480384461415261,0.166666666666667,0.0641025641025641,0.153846153846154,0.0769230769230769,2.07944154167984,0.846153846153846,0.0769230769230769,0.153846153846154,0.128787878787879,2.28571428571429,6.15384615384615,0.213348428699843,0.360016277717426,0.129611720221511,0.438626445704691,0.170311722974979,0.157894736842105,0.714285714285714,0.914285714285714,0.166666666666667,0.375,0.21160368475758,0.612372435695794,0.430097572414629,0.130434782608696,0.361157559257308,0.0909090909090909,0.0395256916996047,0.0869565217391304,0.0434782608695652,0.153846153846154,0.0769230769230769,0.018018018018018,0.174093366636725,0.134231211042805
"41-42",0.555555555555556,0.153846153846154,0.238095238095238,0.181818181818182,0.384615384615385,0.178097474147419,0.384615384615385,0.0952380952380952,0.238095238095238,2.5,0.163900827262391,8.07692307692308,0.238095238095238,0.0764331210191083,0.272727272727273,0.2,0.238095238095238,0.238095238095238,5,0.308122295362332,0.0897435897435897,0.87831006565368,0.285714285714286,5,0.384615384615385,0.620173672946042,0.333333333333333,0.0512820512820513,0.307692307692308,0.0769230769230769,3.46573590279973,0.692307692307692,0.153846153846154,0.230769230769231,0.236363636363636,1.91428571428571,5.15384615384615,0.424231693476405,0.487062551017347,0.237229928603526,0.581614904780393,0.304399996074497,0.25,0.771428571428571,0.857142857142857,0.272727272727273,0.555555555555556,0.277350098112614,0.74535599249993,0.561178161672262,0.238095238095238,0.487950036474267,0.2,0.0380952380952381,0.142857142857143,0.0952380952380952,0.307692307692308,0.0769230769230769,0.0659340659340659,0.31171945433581,0.256776295506548
"42-43",0.695652173913043,0.2,0.363636363636364,0.25,0.533333333333333,0.281351753504212,0.533333333333333,0.181818181818182,0.363636363636364,4,0.24791557812033,11.7333333333333,0.363636363636364,0.153846153846154,0.3,0.3,0.363636363636364,0.363636363636364,8,0.447458976971221,0.152380952380952,0.894427190999916,0.457142857142857,8,0.533333333333333,0.730296743340221,0.461538461538462,0.0717948717948718,0.4,0.133333333333333,5.54517744447956,0.6,0.333333333333333,0.2,0.358333333333333,3.14285714285714,7.33333333333333,0.541444422783538,0.600824724505663,0.360990349577306,0.723970394928687,0.439914849238718,0.372093023255814,0.8,0.771428571428571,0.416666666666667,0.695652173913043,0.35921060405355,0.834057656228299,0.683395279952374,0.363636363636364,0.603022689155527,0.3,0.0636363636363636,0.227272727272727,0.136363636363636,0.4,0.133333333333333,0.193548387096774,0.493212111192934,0.43994134506406
"43-44",0.736842105263158,0,0.411764705882353,0,0.583333333333333,0.219040243815636,0.583333333333333,0.823529411764706,0.411764705882353,3.5,0.198063863748807,9.91666666666667,0.411764705882353,0,0.583333333333333,0,0.411764705882353,0.411764705882353,7,0.497499659470817,0.0151515151515152,0.925820099772552,0.4,7,0.583333333333333,0.763762615825973,0,0.583333333333333,0,0.583333333333333,4.85203026391962,1,0,0.583333333333333,0.291666666666667,3.31428571428571,9.66666666666667,0,0.595401356760377,0.354502775632097,0.659398085180387,0.0505716108946665,0.333333333333333,0.857142857142857,0.8,0.583333333333333,0.736842105263158,0.333333333333333,0.858395075278952,0.659398085180387,0.411764705882353,0.641688947919748,0,0.411764705882353,0.411764705882353,0,0,0.583333333333333,0,0,0
"44-45",0.875,0.0555555555555556,0.636363636363636,0.0588235294117647,0.777777777777778,0.328308554088641,0.777777777777778,1.09090909090909,0.636363636363636,7,0.283906369012601,17.1111111111111,0.636363636363636,0.087248322147651,0.2,0.2,0.636363636363636,0.636363636363636,14,0.710493382805015,0.0915032679738562,0.94112394811432,0.8,14,0.777777777777778,0.881917103688197,0.333333333333333,0.444444444444444,0.111111111111111,0.666666666666667,9.70406052783923,0.888888888888889,0.722222222222222,0.0555555555555556,0.482352941176471,4.57142857142857,8.88888888888889,0.585074636075823,0.752422145050694,0.566139084362688,0.862138031057014,0.552250489065602,0.571428571428571,0.885714285714286,0.6,0.764705882352941,0.875,0.5,0.935414346693485,0.826198027686856,0.636363636363636,0.797724035217466,0.2,0.436363636363636,0.590909090909091,0.0454545454545455,0.111111111111111,0.666666666666667,0.320987654320988,0.608441363441346,0.566557723732532
"45-46",0.416666666666667,0.105263157894737,0.151515151515152,0.117647058823529,0.263157894736842,0.110225439073914,0.263157894736842,0.0606060606060606,0.151515151515152,2.5,0.10456309296737,8.68421052631579,0.151515151515152,0.0343839541547278,0.176470588235294,0.125,0.151515151515152,0.151515151515152,5,0.203533394085132,0.0409356725146199,0.774596669241483,0.285714285714286,5,0.263157894736842,0.512989176042577,0.222222222222222,0.0409356725146199,0.210526315789474,0.0526315789473684,3.46573590279973,0.789473684210526,0.105263157894737,0.157894736842105,0.150735294117647,3.48571428571429,6.42105263157895,0.41398810083335,0.388748392116076,0.151125312372835,0.534080574330432,0.200909597832182,0.25,0.6,0.857142857142857,0.176470588235294,0.416666666666667,0.277350098112614,0.645497224367903,0.515334670862546,0.151515151515151,0.389249472080761,0.125,0.0265151515151515,0.0909090909090909,0.0606060606060606,0.210526315789474,0.0526315789473684,0.0521739130434783,0.281289959262814,0.228416096288064
"46-47",0.5,0.111111111111111,0.2,0.125,0.333333333333333,0.146146636153615,0.333333333333333,0.133333333333333,0.2,3,0.136405564865862,10,0.2,0.051948051948052,0.25,0.142857142857143,0.2,0.2,6,0.263034405833794,0.0588235294117647,0.810643483377778,0.342857142857143,6,0.333333333333333,0.577350269189626,0.25,0.0833333333333333,0.222222222222222,0.111111111111111,4.15888308335967,0.777777777777778,0.111111111111111,0.222222222222222,0.196428571428571,2.48571428571429,4.83333333333333,0.457724501303509,0.445214863029893,0.198216274262727,0.586847451977781,0.253717469373746,0.292682926829268,0.657142857142857,0.828571428571429,0.25,0.5,0.306186217847897,0.707106781186548,0.563587027242638,0.2,0.447213595499958,0.142857142857143,0.0571428571428571,0.133333333333333,0.0666666666666667,0.222222222222222,0.111111111111111,0.0754716981132075,0.330592038300493,0.274721127897378
"47-48",0.64,0.176470588235294,0.307692307692308,0.214285714285714,0.470588235294118,0.234066175681528,0.470588235294118,0.153846153846154,0.307692307692308,4,0.210314551015765,12.2352941176471,0.307692307692308,0.115830115830116,0.357142857142857,0.25,0.307692307692308,0.307692307692308,8,0.387023123109247,0.117647058823529,0.861891607371335,0.457142857142857,8,0.470588235294118,0.685994340570035,0.4,0.0705882352941176,0.352941176470588,0.117647058823529,5.54517744447956,0.647058823529412,0.176470588235294,0.294117647058824,0.303571428571429,3.6,7.41176470588235,0.532397298759473,0.552842586249094,0.305634925170586,0.695667415837381,0.380106929605164,0.372093023255814,0.742857142857143,0.771428571428571,0.357142857142857,0.64,0.35921060405355,0.8,0.656730775869357,0.307692307692308,0.554700196225229,0.25,0.0576923076923077,0.192307692307692,0.115384615384615,0.352941176470588,0.117647058823529,0.169491525423729,0.466599050006326,0.411693484796309
"48-49",0.608695652173913,0.1875,0.28,0.230769230769231,0.4375,0.21322365793944,0.4375,0.08,0.28,3.5,0.1932809970868,10.9375,0.28,0.103448275862069,0.25,0.25,0.28,0.28,7,0.356143810225276,0.108333333333333,0.861891607371335,0.4,7,0.4375,0.661437827766148,0.4,0.0375,0.375,0.0625,4.85203026391962,0.625,0.25,0.1875,0.278846153846154,3.42857142857143,7.5,0.508373037022905,0.528605058505032,0.279423307877108,0.658843004448617,0.354042377217345,0.333333333333333,0.742857142857143,0.8,0.307692307692308,0.608695652173913,0.333333333333333,0.780189497605494,0.625589894557192,0.28,0.529150262212918,0.25,0.03,0.16,0.12,0.375,0.0625,0.131147540983607,0.418855429077038,0.362142984170074
"49-50",0.666666666666667,0.1875,0.333333333333333,0.230769230769231,0.5,0.255548850406648,0.5,0.166666666666667,0.333333333333333,4,0.22757280798373,12,0.333333333333333,0.132743362831858,0.384615384615385,0.272727272727273,0.333333333333333,0.333333333333333,8,0.415037499278844,0.133333333333333,0.87831006565368,0.457142857142857,8,0.5,0.707106781186548,0.428571428571429,0.0714285714285715,0.375,0.125,5.54517744447956,0.625,0.1875,0.3125,0.328671328671329,3.68571428571429,8.0625,0.536360297642721,0.575331549625368,0.331006391994327,0.708109566006931,0.407809002521574,0.372093023255814,0.771428571428571,0.771428571428571,0.384615384615385,0.666666666666667,0.35921060405355,0.816496580927726,0.668453449484615,0.333333333333333,0.577350269189626,0.272727272727273,0.0606060606060606,0.208333333333333,0.125,0.375,0.125,0.179640718562874,0.478092635697128,0.423840439980512
"50-51",0.5,0.0666666666666667,0.2,0.0714285714285714,0.333333333333333,0.140437608443979,0.333333333333333,0.24,0.2,2.5,0.131412055804417,8.33333333333333,0.2,0.0368663594470046,0.0909090909090909,0.0909090909090909,0.2,0.2,5,0.263034405833794,0.0476190476190476,0.845154254728517,0.285714285714286,5,0.333333333333333,0.577350269189626,0.166666666666667,0.166666666666667,0.133333333333333,0.2,3.46573590279973,0.866666666666667,0.266666666666667,0.0666666666666667,0.188311688311688,2.71428571428571,6.33333333333333,0.375499706872391,0.440655234820398,0.19417703597462,0.544493828540372,0.229810972386864,0.25,0.714285714285714,0.857142857142857,0.285714285714286,0.5,0.277350098112614,0.707106781186548,0.531145786242741,0.2,0.447213595499958,0.0909090909090909,0.109090909090909,0.16,0.04,0.133333333333333,0.2,0.0392156862745098,0.247798686198591,0.198029508595335
"51-52",0.421052631578947,0.0666666666666667,0.153846153846154,0.0714285714285714,0.266666666666667,0.109241582999042,0.266666666666667,0.153846153846154,0.153846153846154,2,0.103676523237312,6.93333333333333,0.153846153846154,0.0273972602739726,0.214285714285714,0.0833333333333333,0.153846153846154,0.153846153846154,4,0.206450877467426,0.0380952380952381,0.828078671210825,0.228571428571429,4,0.266666666666667,0.516397779494322,0.153846153846154,0.112820512820513,0.133333333333333,0.133333333333333,2.77258872223978,0.866666666666667,0.0666666666666667,0.2,0.148809523809524,1.51428571428571,3.53333333333333,0.312937199126025,0.389013592575497,0.151331575208494,0.488074338463276,0.188618227634715,0.205128205128205,0.685714285714286,0.885714285714286,0.214285714285714,0.421052631578947,0.246182981958665,0.64888568452305,0.477163485159527,0.153846153846154,0.392232270276368,0.0833333333333333,0.0705128205128205,0.115384615384615,0.0384615384615385,0.133333333333333,0.133333333333333,0.0269058295964126,0.209128711127468,0.164029965544142
"52-53",0.333333333333333,0,0.111111111111111,0,0.2,0.0733995370129852,0.2,0.222222222222222,0.111111111111111,1.5,0.0708307494329272,5.4,0.111111111111111,0,0,0,0.111111111111111,0.111111111111111,3,0.15200309344505,0.00952380952380952,0.810643483377778,0.171428571428571,3,0.2,0.447213595499958,0,0.2,0,0.2,2.07944154167984,1,0.2,0,0.1,1.51428571428571,3.53333333333333,0,0.324919696232906,0.105572809000084,0.407360213780999,0.0134133565347273,0.157894736842105,0.657142857142857,0.914285714285714,0.2,0.333333333333333,0.21160368475758,0.577350269189626,0.407360213780999,0.111111111111111,0.333333333333333,0,0.111111111111111,0.111111111111111,0,0,0.2,0,0,0
"53-54",0.636363636363636,0,0.304347826086957,0,0.466666666666667,0.178097868574749,0.466666666666667,0.608695652173913,0.304347826086957,3.5,0.163901162062587,10.7333333333333,0.304347826086957,0,0.466666666666667,0,0.304347826086957,0.304347826086957,7,0.383328639551506,0.00952380952380952,0.87831006565368,0.4,7,0.466666666666667,0.683130051063973,0,0.466666666666667,0,0.466666666666667,4.85203026391962,1,0,0.466666666666667,0.233333333333333,2.74285714285714,6.4,0,0.519329622359228,0.269703256659779,0.60947570824873,0.0374068678713772,0.333333333333333,0.771428571428571,0.8,0.466666666666667,0.636363636363636,0.333333333333333,0.797724035217466,0.60947570824873,0.304347826086957,0.551677284367371,0,0.304347826086957,0.304347826086957,0,0,0.466666666666667,0,0,0
"54-55",0.625,0.181818181818182,0.294117647058824,0.222222222222222,0.454545454545455,0.224014113754607,0.454545454545455,0.117647058823529,0.294117647058824,2.5,0.202135714868922,7.72727272727273,0.294117647058824,0.110091743119266,0.25,0.25,0.294117647058824,0.294117647058824,5,0.371968777386958,0.127272727272727,0.9102589898328,0.285714285714286,5,0.454545454545455,0.674199862463242,0.4,0.0545454545454545,0.363636363636364,0.0909090909090909,3.46573590279973,0.636363636363636,0.272727272727273,0.181818181818182,0.291666666666667,0.828571428571429,2.63636363636364,0.435392633921652,0.541196100146197,0.292893218813452,0.621430133171729,0.367694056750509,0.25,0.828571428571429,0.857142857142857,0.333333333333333,0.625,0.277350098112614,0.790569415042095,0.599572668472848,0.294117647058823,0.54232614454664,0.25,0.0441176470588235,0.176470588235294,0.117647058823529,0.363636363636364,0.0909090909090909,0.08,0.339041694397075,0.282842712474619
"55-56",0.631578947368421,0.153846153846154,0.3,0.181818181818182,0.461538461538462,0.224993805588709,0.461538461538462,0.2,0.3,3,0.202935787321627,9.23076923076923,0.3,0.104575163398693,0.222222222222222,0.222222222222222,0.3,0.3,6,0.37851162325373,0.115384615384615,0.894427190999916,0.342857142857143,6,0.461538461538462,0.679366220486757,0.363636363636364,0.0979020979020979,0.307692307692308,0.153846153846154,4.15888308335967,0.692307692307692,0.307692307692308,0.153846153846154,0.292929292929293,2.17142857142857,5.84615384615385,0.472443292093938,0.544493828540372,0.296473529318552,0.642329975950517,0.366172721413986,0.292682926829268,0.8,0.828571428571429,0.363636363636364,0.631578947368421,0.306186217847897,0.794719414239026,0.616766429073632,0.3,0.547722557505166,0.222222222222222,0.0777777777777778,0.2,0.1,0.307692307692308,0.153846153846154,0.0987654320987654,0.371230925336555,0.314269680527354
"56-57",0.8,0.0833333333333333,0.5,0.0909090909090909,0.666666666666667,0.31588939665384,0.666666666666667,0.75,0.5,4,0.274512784275272,10.6666666666667,0.5,0.107692307692308,0.636363636363636,0.2,0.5,0.5,8,0.584962500721157,0.121212121212121,0.94112394811432,0.457142857142857,8,0.666666666666667,0.816496580927726,0.333333333333333,0.333333333333333,0.166666666666667,0.5,5.54517744447956,0.833333333333333,0.0833333333333333,0.583333333333333,0.418181818181818,2.97142857142857,8.66666666666667,0.510646376707444,0.678704729635359,0.460640110029406,0.75687444699556,0.484753720140753,0.372093023255814,0.885714285714286,0.771428571428571,0.636363636363636,0.8,0.35921060405355,0.894427190999916,0.733268439918672,0.5,0.707106781186548,0.2,0.3,0.4375,0.0625,0.166666666666667,0.5,0.141414141414141,0.43240364896233,0.376050716545178
"57-58",0.869565217391304,0.153846153846154,0.625,0.181818181818182,0.769230769230769,0.434987562383234,0.769230769230769,0.75,0.625,5,0.361156181845266,12.3076923076923,0.625,0.233576642335766,0.4,0.4,0.625,0.625,10,0.700439718141092,0.217948717948718,0.956182887467515,0.571428571428571,10,0.769230769230769,0.877058019307029,0.571428571428571,0.197802197802198,0.307692307692308,0.461538461538462,6.93147180559945,0.692307692307692,0.615384615384615,0.153846153846154,0.563636363636364,3.4,9.15384615384615,0.595825131304139,0.771673559558739,0.595480082522055,0.865297952259912,0.646034050450074,0.444444444444444,0.914285714285714,0.714285714285714,0.727272727272727,0.869565217391304,0.408248290463863,0.932504808240314,0.817519125748419,0.625,0.790569415042095,0.4,0.225,0.5,0.125,0.307692307692308,0.461538461538462,0.390243902439024,0.659846144741754,0.624695047554424
"58-59",0.888888888888889,0.266666666666667,0.666666666666667,0.363636363636364,0.8,0.548364817277933,0.8,0.444444444444444,0.666666666666667,6,0.43719941747789,14.4,0.666666666666667,0.397515527950311,0.727272727272727,0.571428571428571,0.666666666666667,0.666666666666667,12,0.736965594166207,0.314285714285714,0.956182887467515,0.685714285714286,12,0.8,0.894427190999916,0.727272727272727,0.0727272727272728,0.533333333333333,0.266666666666667,8.31776616671934,0.466666666666667,0.266666666666667,0.533333333333333,0.649350649350649,4.71428571428571,11,0.63373025499776,0.811244889426791,0.658118270621086,0.936433932010512,0.723375637651357,0.51063829787234,0.914285714285714,0.657142857142857,0.727272727272727,0.888888888888889,0.454858826147342,0.942809041582063,0.858039928750406,0.666666666666667,0.816496580927726,0.571428571428571,0.0952380952380952,0.444444444444444,0.222222222222222,0.533333333333333,0.266666666666667,0.695652173913043,0.844128900029521,0.834057656228299
"59-60",0.7,0.0769230769230769,0.368421052631579,0.0833333333333333,0.538461538461538,0.246491519954972,0.538461538461538,0.526315789473684,0.368421052631579,3.5,0.220332820873675,10.2307692307692,0.368421052631579,0.0764331210191083,0.142857142857143,0.142857142857143,0.368421052631579,0.368421052631579,7,0.452512204697507,0.0897435897435897,0.9102589898328,0.4,7,0.538461538461538,0.733799385705343,0.25,0.288461538461538,0.153846153846154,0.384615384615385,4.85203026391962,0.846153846153846,0.461538461538462,0.0769230769230769,0.321428571428571,2.71428571428571,7.30769230769231,0.465674715626069,0.587661747344527,0.345346329292023,0.676951742086567,0.375232631435695,0.333333333333333,0.828571428571429,0.8,0.5,0.7,0.333333333333333,0.836660026534076,0.65762199826014,0.368421052631579,0.606976978666884,0.142857142857143,0.225563909774436,0.315789473684211,0.0526315789473684,0.153846153846154,0.384615384615385,0.0869565217391304,0.351468167602231,0.294883912309794
"60-61",0.555555555555556,0.0769230769230769,0.238095238095238,0.0833333333333333,0.384615384615385,0.167419744804102,0.384615384615385,0.285714285714286,0.238095238095238,2.5,0.15479596713099,8.07692307692308,0.238095238095238,0.0496894409937888,0.333333333333333,0.111111111111111,0.238095238095238,0.238095238095238,5,0.308122295362332,0.0641025641025641,0.87831006565368,0.285714285714286,5,0.384615384615385,0.620173672946042,0.2,0.184615384615385,0.153846153846154,0.230769230769231,3.46573590279973,0.846153846153846,0.0769230769230769,0.307692307692308,0.222222222222222,3.11428571428571,8.38461538461539,0.380094056144331,0.479791247398803,0.230199641080499,0.568499103489616,0.270184139631146,0.25,0.771428571428571,0.857142857142857,0.333333333333333,0.555555555555556,0.277350098112614,0.74535599249993,0.55448308526666,0.238095238095238,0.487950036474267,0.111111111111111,0.126984126984127,0.19047619047619,0.0476190476190476,0.153846153846154,0.230769230769231,0.0444444444444444,0.262011608405153,0.210818510677892
"61-62",0.666666666666667,0.1,0.333333333333333,0.111111111111111,0.5,0.234805597348853,0.5,0.4,0.333333333333333,2.5,0.21091354663596,7.5,0.333333333333333,0.0869565217391304,0.444444444444444,0.166666666666667,0.333333333333333,0.333333333333333,5,0.415037499278844,0.111111111111111,0.925820099772552,0.285714285714286,5,0.5,0.707106781186548,0.285714285714286,0.214285714285714,0.2,0.3,3.46573590279973,0.8,0.1,0.4,0.305555555555556,0.885714285714286,3.1,0.398512187892043,0.56531954022502,0.319586182560228,0.632726737703197,0.367620907034209,0.25,0.857142857142857,0.857142857142857,0.444444444444444,0.666666666666667,0.277350098112614,0.816496580927726,0.616862834690875,0.333333333333333,0.577350269189626,0.166666666666667,0.166666666666667,0.266666666666667,0.0666666666666667,0.2,0.3,0.062015503875969,0.303482310330544,0.249029122545876
"62-63",0.769230769230769,0,0.454545454545455,0,0.625,0.231056000443384,0.625,0.909090909090909,0.454545454545455,5,0.207872337998126,13.75,0.454545454545455,0,0,0,0.454545454545455,0.454545454545455,10,0.540568381362702,0.00833333333333333,0.9102589898328,0.571428571428571,10,0.625,0.790569415042095,0,0.625,0,0.625,6.93147180559945,1,0.625,0,0.3125,2.2,4.8125,0,0.622597433583054,0.387627564304205,0.710161309711779,0.0582764490930485,0.444444444444444,0.828571428571429,0.714285714285714,0.625,0.769230769230769,0.408248290463863,0.877058019307029,0.710161309711779,0.454545454545455,0.674199862463242,0,0.454545454545455,0.454545454545455,0,0,0.625,0,0,0
"63-64",0.315789473684211,0,0.103448275862069,0,0.1875,0.0685948094358022,0.1875,0.206896551724138,0.103448275862069,1.5,0.0663445231797484,5.4375,0.103448275862069,0,0.1875,0,0.103448275862069,0.103448275862069,3,0.142019004872428,0.00833333333333333,0.792824967172092,0.171428571428571,3,0.1875,0.433012701892219,0,0.1875,0,0.1875,2.07944154167984,1,0,0.1875,0.09375,2.17142857142857,4.75,0,0.314025765079878,0.0986121811340026,0.402891960817937,0.012005034071948,0.157894736842105,0.628571428571429,0.914285714285714,0.1875,0.315789473684211,0.21160368475758,0.561951486949016,0.402891960817937,0.103448275862069,0.321633760451338,0,0.103448275862069,0.103448275862069,0,0,0.1875,0,0,0
"64-65",0.25,0.0714285714285714,0.0769230769230769,0.0769230769230769,0.142857142857143,0.0547660764816469,0.142857142857143,0,0.0769230769230769,1,0.0533190138892268,3.71428571428571,0.0769230769230769,0.0103092783505155,0.0769230769230769,0.0769230769230769,0.0769230769230769,0.0769230769230769,2,0.106915203916512,0.021978021978022,0.810643483377778,0.114285714285714,2,0.142857142857143,0.377964473009227,0.142857142857143,0,0.142857142857143,0,1.38629436111989,0.857142857142857,0.0714285714285714,0.0714285714285714,0.0769230769230769,2.05714285714286,5.14285714285714,6.10855098913676e-05,0.277350098112614,0.0769230769230769,0.349825131140721,0.106915235809732,0.108108108108108,0.657142857142857,0.942857142857143,0.0769230769230769,0.25,0.171498585142509,0.5,0.344791413583806,0.0769230769230769,0.277350098112614,0.0769230769230769,0,0,0.0769230769230769,0.142857142857143,0,0.00790513833992095,0.118521975030977,0.0889108448948772
"65-66",0.333333333333333,0.0666666666666667,0.111111111111111,0.0714285714285714,0.2,0.0793190418236427,0.2,0.0740740740740741,0.111111111111111,1.5,0.0763303254468375,5.4,0.111111111111111,0.0180995475113122,0.0769230769230769,0.0769230769230769,0.111111111111111,0.111111111111111,3,0.15200309344505,0.0285714285714286,0.810643483377778,0.171428571428571,3,0.2,0.447213595499958,0.142857142857143,0.0571428571428572,0.133333333333333,0.0666666666666667,2.07944154167984,0.866666666666667,0.133333333333333,0.0666666666666667,0.10989010989011,2.97142857142857,6.93333333333333,0.212469907637599,0.332416636176168,0.110500820006679,0.423358318336897,0.146294528241395,0.157894736842105,0.657142857142857,0.914285714285714,0.142857142857143,0.333333333333333,0.21160368475758,0.577350269189626,0.415132578646662,0.111111111111111,0.333333333333333,0.0769230769230769,0.0341880341880342,0.0740740740740741,0.037037037037037,0.133333333333333,0.0666666666666667,0.0165289256198347,0.167301700001737,0.128564869306645
"66-67",0.727272727272727,0,0.4,0,0.571428571428571,0.215281811742787,0.571428571428571,0.8,0.4,4,0.194975993718927,11.4285714285714,0.4,0,0.571428571428571,0,0.4,0.4,8,0.485426827170242,0.010989010989011,0.9102589898328,0.457142857142857,8,0.571428571428571,0.755928946018454,0,0.571428571428571,0,0.571428571428571,5.54517744447956,1,0,0.571428571428571,0.285714285714286,23.6857142857143,59.2142857142857,0,0.587661747344527,0.345346329292023,0.665517832570131,0.0491065077898206,0.372093023255814,0.828571428571429,0.771428571428571,0.571428571428571,0.727272727272727,0.35921060405355,0.852802865422442,0.665517832570131,0.4,0.632455532033676,0,0.4,0.4,0,0,0.571428571428571,0,0,0
"67-68",0.782608695652174,0.0714285714285714,0.473684210526316,0.0769230769230769,0.642857142857143,0.295427224727991,0.642857142857143,0.736842105263158,0.473684210526316,4.5,0.258840544010242,12.2142857142857,0.473684210526316,0.0888888888888889,0.166666666666667,0.166666666666667,0.473684210526316,0.473684210526316,9,0.559427408614019,0.0989010989010989,0.925820099772552,0.514285714285714,9,0.642857142857143,0.801783725737273,0.285714285714286,0.357142857142857,0.142857142857143,0.5,6.23832462503951,0.857142857142857,0.571428571428571,0.0714285714285714,0.391025641025641,22.2285714285714,55.5714285714286,0.518296548892075,0.658681624859615,0.433861482927702,0.751781492571493,0.44967069307821,0.409090909090909,0.857142857142857,0.742857142857143,0.615384615384615,0.782608695652174,0.384110639798688,0.884651736929383,0.727539408506205,0.473684210526316,0.688247201611685,0.166666666666667,0.307017543859649,0.421052631578947,0.0526315789473684,0.142857142857143,0.5,0.141592920353982,0.432634092626369,0.376288347353439
"68-69",0.592592592592593,0.105263157894737,0.266666666666667,0.117647058823529,0.421052631578947,0.192347237345634,0.421052631578947,0.266666666666667,0.266666666666667,4,0.175923832719673,12.6315789473684,0.266666666666667,0.0712166172106825,0.153846153846154,0.153846153846154,0.266666666666667,0.266666666666667,8,0.341036917835067,0.0760233918128655,0.828078671210825,0.457142857142857,8,0.421052631578947,0.64888568452305,0.266666666666667,0.154385964912281,0.210526315789474,0.210526315789474,5.54517744447956,0.789473684210526,0.315789473684211,0.105263157894737,0.253393665158371,5.51428571428571,10.1578947368421,0.511523874833164,0.509960710843548,0.260059926604056,0.667554860580658,0.313822487080317,0.372093023255814,0.685714285714286,0.771428571428571,0.352941176470588,0.592592592592593,0.35921060405355,0.769800358919501,0.636447795321124,0.266666666666667,0.516397779494322,0.153846153846154,0.112820512820513,0.2,0.0666666666666667,0.210526315789474,0.210526315789474,0.127659574468085,0.414103672832978,0.357294800505248
"69-70",0.48,0.105263157894737,0.1875,0.117647058823529,0.315789473684211,0.136565161376813,0.315789473684211,0.125,0.1875,3,0.128010697798245,10.1052631578947,0.1875,0.0463768115942029,0.235294117647059,0.133333333333333,0.1875,0.1875,6,0.247927513443585,0.0526315789473684,0.792824967172092,0.342857142857143,6,0.315789473684211,0.561951486949016,0.235294117647059,0.0804953560371517,0.210526315789474,0.105263157894737,4.15888308335967,0.789473684210526,0.105263157894737,0.210526315789474,0.184313725490196,4.77142857142857,8.78947368421053,0.456554509970588,0.431170988807579,0.185908421589306,0.583010838677593,0.239066058044151,0.292682926829268,0.628571428571429,0.828571428571429,0.235294117647059,0.48,0.306186217847897,0.692820323027551,0.559908656421896,0.1875,0.433012701892219,0.133333333333333,0.0541666666666667,0.125,0.0625,0.210526315789474,0.105263157894737,0.0740740740740741,0.327921561087423,0.272165526975909
