"adiv_90_P","BAT_90_P"
0.116279069767442,0.116279069767442
0.0238095238095238,0.119047619047619
0.0476190476190476,0.0476190476190476
0.0952380952380952,0.19047619047619
0.025,0.025
0.027027027027027,0.162162162162162
0.027027027027027,0.027027027027027
0.027027027027027,0.162162162162162
0.114285714285714,0.114285714285714
0.0454545454545455,0.0454545454545455
0.0227272727272727,0.159090909090909
0.027027027027027,0.0540540540540541
0.0731707317073171,0.0731707317073171
0.0487804878048781,0.170731707317073
0.171428571428571,0.2
0.0645161290322581,0.161290322580645
0.0625,0.0625
0.0512820512820513,0.0512820512820513
0.0731707317073171,0.0975609756097561
0.0833333333333333,0.194444444444444
0.1,0.166666666666667
0.137931034482759,0.137931034482759
0.214285714285714,0.285714285714286
0.125,0.125
0.138888888888889,0.194444444444444
0.102564102564103,0.102564102564103
0.075,0.175
0.037037037037037,0.37037037037037
0,0
0.111111111111111,0.277777777777778
0.161290322580645,0.161290322580645
0.25,0.125
0.108108108108108,0.108108108108108
0.128205128205128,0.205128205128205
0.166666666666667,0.0833333333333333
0.0882352941176471,0.147058823529412
0.133333333333333,0.2
0.16,0.28
0.130434782608696,0.130434782608696
0.0434782608695652,0.0869565217391304
0.0952380952380952,0.142857142857143
0.136363636363636,0.136363636363636
0,0.411764705882353
0.0454545454545455,0.0454545454545455
0.0606060606060606,0.0909090909090909
0.0666666666666667,0.133333333333333
0.115384615384615,0.192307692307692
0.12,0.12
0.125,0.208333333333333
0.04,0.04
0.0384615384615385,0.115384615384615
0,0
0,0.304347826086957
0.117647058823529,0.117647058823529
0.1,0.1
0.0625,0.4375
0.125,0.125
0.222222222222222,0.444444444444444
0.0526315789473684,0.0526315789473684
0.0476190476190476,0.19047619047619
0.0666666666666667,0.266666666666667
0,0
0,0.103448275862069
0.0769230769230769,0.0384615384615385
0.037037037037037,0.037037037037037
0,0.4
0.0526315789473684,0.0526315789473684
0.0666666666666667,0.0666666666666667
0.0625,0.125
