"Sample","10_A","100_A","11_A","12_A","13_A","14_A","15_A","16_A","17_A","18_A","19_A","2_A","20_A","21_A","22_A","23_A","24_A","25_A","26_A","27_A","28_A","29_A","3_A","30_A","31_A","32_A","33_A","34_A","35_A","36_A","37_A","4_A","40_A","41_A","42_A","43_A","47_A","5_A","53_A","54_A","55_A","57_A","58_A","59_A","6_A","60_A","61_A","62_A","64_A","65_A","66_1_A","66_2_A","66_3_A","67_A","68_A","69_A","7_A","75_A","77_A","81_A","9_A","93_A","94_A","95_A","99_A"
"1-2",22.9074619419642,0.337953091684435,0.654498912627548,18.3259695535713,0.481574650398278,1.10886661117089,0.098086882320274,0.0514959976899424,0.0515727460989054,0.0640697078421322,88,5.55603837940343,0.93162146946455,112.115700182008,224.231400364016,0.398971954649653,74.4512637379304,0.562782858886565,0.753662628178243,3.98800777320594,0.0795893102984825,31.808411998302,139,93.936148526539,3.35486244737639,15.8781071200029,8824,0.714285714285714,6.78571428571429,7.98640388009109,0.749514424288967,-5.1166418098373,25,0.714285714285714,0.527276839655912,0.635451505016722,0.533881897386254,10.5823324073417,1.87947117838091,5.67125389057845,32.1631206914012,0.407356076759062,1.74311606767694,37.226287399606,0.64824286510732,1.4142135623731,190,6.78571428571429,6.78571428571429,8.62851457308443,190,93.936148526539,88.7688315524183,0.0939842020870613,0.110891372508181,0.732843137254902,67.590618336887,0.164479050797182,15.8781071200029,0.69611864941622,0.465686274509804,0.364146583030703,0.226314920563114,64.3262413828025,19.9939097619724
"2-3",17.2910943634513,0.159926175573744,0.494031267527181,11.8567504206524,0.293998738974394,0.676957113721488,0.00261461509656025,0.00130816319375082,0.00130901883848855,0.0158571632391008,49,5.31460155450292,0.569540983255419,49.2644315708057,98.5288631416113,0.16494750858591,31.8164878292223,0.412842856589078,0.613156446159608,3.00384085117869,0.0136038402943495,18.0461197184199,82.5,53.4789678284838,2.22829032618682,9.0395954397465,2860,0.628571428571429,4.83333333333333,6.5566874788513,0.523195311618804,-5.3522929019145,22,0.628571428571429,0.330244638695031,0.407017543859649,0.174998470293092,5.81464687392293,0.561494569945379,3.7450260684072,14.0252202530495,0.230400417268496,0.686389842093058,29.562197981226,1.94575208256749,1.41421356237309,116,4.83333333333333,4.83333333333333,5.64061059010656,116,53.4789678284838,49.674688032756,0.00318243740735102,0.0152739564957584,0.627753303964758,31.9852351147488,0.00010163798556128,9.0395954397465,0.29787012445972,0.255506607929515,0.0958894923891906,0.0916014732474572,28.0504405060989,13.8931015642972
"3-4",18.5690751053525,0.226595984660501,0.530545003010071,13.2636250752518,0.348322924649322,0.802043173845616,0.0262120272200917,0.0131930417858271,0.0132800622871232,0.0274271797746295,30,5.03795282983238,0.624698264469573,63.1944932617822,126.388986523564,0.29245259255185,41.0911420894881,0.405700103656867,0.650771679412722,3.25385839706361,0.0427642594451491,21.1751889362827,79,43.7949768809164,1.75179907523666,7.4027022093287,1918,0.657142857142857,5.12,6.61077496469824,0.58443099858793,-5.37274942061666,23,0.657142857142857,0.362908981282388,0.426666666666667,0.145138100643208,6.94851269951654,0.834979104734118,4.24061452163104,17.982811521068,0.23693510790285,0.744185267713092,33.9870647745763,1.59289548728323,1.4142135623731,128,5.12,5.12,6.41023728807976,128,43.7949768809164,34.9271956014835,0.0393000956128415,0.0539543800372103,0.635593220338983,45.3191969321002,0.00174267704857245,7.4027022093287,0.253485759598229,0.271186440677966,0.0782473890339426,0.155637550550426,35.9656230421361,15.223504032099
"4-5",22.1982863275711,0.49411392627473,0.634236752216317,17.1243923098406,0.550895323088096,1.26848335874279,0.114326000632533,0.058897455445228,0.0606287198481196,0.0851004651608882,103,6.13055947903466,1.14294957862527,163.969708873487,327.939417746975,0.99721207023992,122.688396776913,0.615112466866084,0.742196010275928,3.85656359691846,0.497215956516093,29.7461655541533,159,107.930533214656,3.99742715609838,18.2435898722968,11649,0.742857142857143,7.96296296296296,9.80939624037377,0.807755416310139,-5.19935744338935,26,0.742857142857143,0.693756131097661,0.614285714285714,0.734026465028355,9.94265636819751,3.06896894539039,7.1252011131689,50.7684909031033,0.424790034086516,1.59259023319965,40.0289770974314,0.887182296714712,1.4142135623731,215,7.96296296296296,7.96296296296296,11.0764794396466,215,107.930533214656,103.415452123932,0.5010887294829,0.513067913565035,0.721649484536082,98.8227852549461,0.0748079877112136,18.2435898722968,0.846615065954431,0.443298969072165,0.57981185605495,0.395335987621391,101.536981806207,18.7818837802996
"5-6",17.3165637490407,0.30328676877209,0.494758964258306,10.8846972136827,0.322344491382597,0.742225620666315,0,0,0,0.021911983384744,19,5.3108412259799,0.802529850473836,65.8597179524716,131.719435904943,0.540898616569541,41.2710222053318,0.451724509347534,0.600061803393223,2.81453933950364,0.146285656703422,15.8432633872272,70.5,36.4417343165772,1.65644246893533,6.15977736146828,1328,0.6,5.54545454545455,8.28866900645243,0.558575863929656,-5.21147591456034,21,0.6,0.449186737405755,0.460377358490566,0.255237363059773,4.91239921889095,1.11994285429642,4.3044305551686,18.5281224042691,0.298598254430045,0.853145838917534,34.2572326131861,2.38050737101219,1.4142135623731,122,5.54545454545455,5.54545454545455,6.42425265733936,122,36.4417343165772,26.5900579046917,0.111520470916197,0.147220772880519,0.649509803921569,60.657353754418,4.63801219963145e-06,6.15977736146828,0.406675853621191,0.299019607843137,0.146287728574576,0.179356619701518,37.0562448085382,12.9411019442614
"6-7",16.0737778967444,0.200838797330025,0.45925079704984,10.1035175350965,0.334473311262333,0.770153260517005,0.0625651275984277,0.0318776130072893,0.0322927642573473,0.0349994648399872,13,4.36432857965929,0.582695680722173,36.4432678432678,72.8865356865357,0.333507205973959,26.3373561863706,0.373346201790795,0.618182173693694,2.89953140993481,0.0556135282182785,16.8145647943971,43,22.7376340018041,1.03352881826382,3.84336162381691,517,0.542857142857143,3.31818181818182,4.67252860109713,0.530569481868051,-5.14941891405159,19,0.542857142857143,0.356214517594552,0.328828828828829,0.121504112808461,5.60198376019823,0.7501574881149,3.28856759246059,10.814676810182,0.183664126646583,0.489932228278888,25.8425468684453,2.04585715436415,1.4142135623731,73,3.31818181818182,3.31818181818182,5.13199339305602,73,22.7376340018041,17.0368290366447,0.0215526431086067,0.0618887788407526,0.598382749326146,40.1677594660051,0.0001921326726666,3.84336162381691,0.216680637049455,0.196765498652291,0.0646815963968472,0.120693195905929,21.6293536203641,11.3668161516846
"7-8",16.129195077056,0.261904761904762,0.460834145058744,10.1383511912924,0.372346424033394,0.857359325408933,0.146849892220263,0.0763387483607763,0.0792433875722046,0.0841573631047317,18,4.27007866954397,0.807300444509683,49.9699032993151,99.9398065986301,0.475733753290729,38.5377801721189,0.516929472148607,0.625111180530071,2.93203133280008,0.113161302010042,17.1936154730428,50,28.8444102037119,1.31110955471418,4.87559520176035,832,0.485714285714286,3.72727272727273,5.41848857644804,0.564476753474911,-4.82616029963038,17,0.485714285714286,0.503913270518349,0.443243243243243,0.274678111587983,5.75537090590432,2.20289160476802,3.92937490440554,15.439987139372,0.27336860670194,0.796114959000079,24.5214716003928,2.04585715436415,1.4142135623731,82,3.72727272727273,3.72727272727273,6.20788048951644,82,28.8444102037119,22.233059528831,0.0680208481805205,0.115861487457601,0.642361111111111,52.3809523809524,0.0001921326726666,4.87559520176035,0.430976430976431,0.284722222222222,0.159203980099503,0.167956432762681,30.8799742787441,11.312500933244
"8-9",17.4246588074339,0.403213317847464,0.497847394498112,10.9526426789585,0.404061163828547,0.930385212489437,0.284506067133206,0.162753039492009,0.165844985914793,0.182866556836903,30,4.37178349454604,1.04063484728645,67.4284002547161,134.856800509432,0.87980689455674,56.621164065671,0.627145380935184,0.627270581243046,2.94215981993598,0.387030085854787,17.3126088120915,65.5,38.5356977359954,1.75162262436343,6.51372178010171,1485,0.571428571428571,4.59090909090909,6.75407400552918,0.625185182069508,-4.56631935127985,20,0.571428571428571,0.674296895691033,0.577142857142857,0.559532780708365,5.72102804956813,4.08202267895274,4.62573618036135,21.397435210304,0.405536198219125,1.36486117605087,27.7158863246658,2.04585715436415,1.4142135623731,101,4.59090909090909,4.59090909090909,7.52470358656546,101,38.5356977359954,32.3926239369343,0.352424395055464,0.38961222074554,0.70281124497992,80.6426635694928,0.0001921326726666,6.51372178010171,0.717564629137473,0.405622489959839,0.388438399162961,0.310311446335282,42.794870420608,12.6587545787546
"9-10",22.396609520443,0.476295425604858,0.639903129155515,14.7177719705768,0.621268898336486,1.43052450405043,0.436489600186032,0.273720717155704,0.279172815376199,0.279941022719657,30,4.96419712895791,1.2293694849914,110.811680216802,221.623360433604,0.960404407310956,94.915942431334,0.766140838567293,0.741634576290068,3.55675447975058,0.461188312791154,25.3010048584516,88.5,49.2645917470144,2.14193877160932,8.32723586449052,2427,0.657142857142857,6.39130434782609,9.27429941827714,0.881491279055528,-4.57514417109834,23,0.657142857142857,0.801086074345147,0.674311926605505,0.64189367892092,8.5090862829169,5.97773811040797,5.96901842339236,35.6291809387974,0.497526692134391,2.07041582823041,35.3467706795105,1.29695648337879,1.41421356237309,147,6.39130434782609,6.39130434782609,9.74248132825175,147,49.2645917470144,37.9780575075359,0.434942026661777,0.463450273642384,0.754325259515571,95.2590851209717,0.0266897343117297,8.32723586449052,0.781894329896907,0.508650519031142,0.472638753651412,0.338465426353724,71.2583618775947,16.2688174851968
"10-11",21.6739340668347,0.416331994645248,0.619255259052419,16.7198919944153,0.444521549981776,1.02354869450264,0.106214870692484,0.0560578475610801,0.0560860200287465,0.0739000813081579,30,5.78718793003343,0.968877037601716,93.14709798653,186.29419597306,0.755822575532169,64.2583249162401,0.546819898469432,0.702978057446267,3.65278113630902,0.28563388284204,26.6856200595501,98,50.4777178564959,1.86954510579614,8.53229160308062,2548,0.742857142857143,6.14814814814815,9.40029663775312,0.718529505101967,-5.06809152958736,26,0.742857142857143,0.567445996675396,0.605839416058394,0.471502590673575,8.72157124069558,2.1904445946237,5.20949376976079,27.1388253371764,0.424698795180723,1.53703447531291,42.1514086948269,1.18942710668005,1.41421356237309,166,6.14814814814815,6.14814814814815,8.01612904812791,166,50.4777178564959,38.3490462783548,0.253809202803303,0.285651252933473,0.717277486910995,83.2663989290495,0.0132157423592352,8.53229160308062,0.640845070422535,0.43455497382199,0.308474576271186,0.252392300865319,54.2776506743529,19.1112578991889
"11-12",18.8934710325205,0.374543557642149,0.539813458072015,14.0351499098724,0.38543825318411,0.887504376051397,0.0376238914971309,0.0189922994681085,0.019172620036551,0.0536034173901062,44,5.37529463818435,0.897843011001121,86.4691156670805,172.938231334161,0.739845272974005,57.7086855061698,0.493662534705267,0.6543599980768,3.33659439910814,0.27368551397099,22.2657243683196,102.5,57.5586657246326,2.21379483556279,9.72919024673394,3313,0.657142857142857,6.19230769230769,8.26766214313386,0.625679313197456,-5.22383978819713,23,0.657142857142857,0.518648084389193,0.545762711864407,0.437071240105541,7.22994303431242,1.64196831450288,4.97835757852207,24.7840441796281,0.375260824204486,1.20149101303379,37.1321001845463,1.53634334612839,1.4142135623731,161,6.19230769230769,6.19230769230769,7.59662329631855,161,57.5586657246326,47.6351093278743,0.257525098677959,0.281005192982873,0.687645687645688,74.9087115284298,0.00122763232100409,9.72919024673394,0.608280547140365,0.375291375291375,0.279648856250528,0.269248900195051,49.5680883592563,16.0899629560647
"12-13",13.9934581949729,0.309461287499005,0.399813091284939,7.99626182569877,0.244859937527719,0.56381084202278,0,0,0,0.0122581597991434,25,4.44399228914921,0.758145396350937,58.4136023131497,116.827204626299,0.479992846042874,36.2450491160017,0.41340805133192,0.542596910108444,2.42656715076765,0.115196566126169,11.7764562743692,66.5,40.9633982965281,2.0481699148264,6.92407807168992,1678,0.428571428571429,5.4,5.68904712348243,0.434452356174121,-5.17545726373136,15,0.428571428571429,0.422011223691878,0.433734939759036,0.209776222027753,3.67414874396777,0.84416929779643,4.05679601236474,16.4575938859385,0.270708999761279,0.765956468991741,25.4011255541478,2.72371171350202,1.4142135623731,108,5.4,5.4,6.02038612681958,108,40.9633982965281,32.3738701076032,0.123962295528499,0.142596231249016,0.638461538461538,61.892257499801,6.07153482379275e-07,6.92407807168992,0.346801694740105,0.276923076923077,0.117178770949721,0.236152630621685,32.915187771877,9.45513122355228
"13-14",24.3285592239237,0.465608132232794,0.695101692112107,18.0726439949148,0.614758010289349,1.41553263029093,0.0847457627118644,0.0433107937850791,0.0442477876106194,0.0851239669421487,43,6.22665093848009,1.13675980549331,151.059666541039,302.119333082078,0.780696446305282,109.958570610393,0.669657333698333,0.774916959222432,3.95131669648917,0.304743470636848,31.2258072719081,125.5,68.7313611097583,2.64351388883686,11.6177204550389,4724,0.714285714285714,8,12.3210897201058,0.89696498923484,-5.12408727355701,25,0.714285714285714,0.678208609481745,0.636085626911315,0.467213925427752,10.2789216412696,2.95910520015409,6.77206310233171,45.8608386619625,0.442652216831538,1.74789622202316,43.9022084705702,1.13330395219788,1.41421356237309,208,8,8,10.4861132270443,208,68.7313611097583,54.0319883630427,0.343760525970066,0.357953546013006,0.733183856502242,93.1216264465587,0.0276126913501775,11.6177204550389,0.636872261543647,0.466367713004484,0.304813524325719,0.355185985101541,91.7216773239251,19.7625219635474
"14-15",22.364614193668,0.498104089219331,0.638988976961943,15.9747244240486,0.611775833270707,1.40866591394314,0.298754646840149,0.162596063324365,0.175609383023589,0.245652706343375,54,4.80571462602732,1.34310914252515,181.323219765448,362.646439530895,1.05441753343169,139.844101757739,0.722253250250667,0.723805731650676,3.61902865825338,0.555898167404086,26.1947368585185,143.5,79.4292137692424,3.17716855076969,13.4259875933632,6309,0.657142857142857,9.32,13.077779471798,0.883111178871921,-4.74125536972031,23,0.657142857142857,0.776409575736392,0.774086378737541,0.802569647627528,8.47917851612735,5.46210794729925,7.47763214072743,55.9149824320399,0.53360594795539,3.42646101430011,43.0979946363877,1.49065204523325,1.41421356237309,233,9.32,9.32,11.8255698280353,233,79.4292137692424,62.7055207719558,0.542375742964789,0.56292902170538,0.815718157181572,99.6208178438662,0.00384024577572961,13.4259875933632,0.890472829922371,0.631436314363144,0.670243280569425,0.385509913772301,111.82996486408,17.9052209648354
"15-16",25.4003398065898,0.491958762886598,0.725723994473994,17.4173758673759,0.564865704326795,1.30065135032646,0.0482474226804124,0.0244219265893746,0.0247200507077964,0.127066603684459,28,5.46635097869804,1.22721885357241,74.1850428850429,148.370085770086,0.979080991607706,57.0656615429965,0.733219992874314,0.805464026224436,3.94595174083519,0.479299794063765,31.1410702820006,62.5,38.1706693679846,1.59044455699936,6.45202072443753,1457,0.685714285714286,4.04166666666667,7.44921685868924,0.852050702445385,-4.24802612100788,24,0.685714285714286,0.761040117715036,0.659863945578231,0.648131672597865,10.4633902142409,3.95969003710198,4.80070338528937,23.0467529935288,0.492268041237113,1.9399906880447,29.3149746165346,0.881338302072322,1.41421356237309,97,4.04166666666667,4.04166666666667,7.55418172557402,97,38.1706693679846,32.6185023000779,0.448868744842536,0.479315432837581,0.746192893401015,98.3917525773196,0.117092268806174,6.45202072443753,0.786504723346829,0.49238578680203,0.479434024350115,0.387472358182915,46.0935059870576,18.7202791461412
"16-17",18.1444225331443,0.21008018327606,0.518412072375552,9.84982937513549,0.373538645235899,0.860104516177372,0.101506567460333,0.0522926000450057,0.0534669047153586,0.0815109343936382,5,3.01190130174037,0.652437821407554,20.1066123208719,40.2132246417438,0.233319042104726,17.6570681847834,0.479566759019382,0.649587691867287,2.83148710381734,0.0272188877043336,16.0346384381678,20,9.8488578017961,0.518360936936637,1.66476081508082,97,0.514285714285714,1.84210526315789,4.38860007328041,0.599400003856864,-4.43877866069208,18,0.514285714285714,0.433099736734464,0.315315315315315,0.0585042219541616,5.37679608155244,1.45815554693447,2.55128257130354,6.50904275863718,0.18602520045819,0.46052492209563,18.0874937290759,2.22156157611313,1.41421356237309,35,1.84210526315789,1.84210526315789,4.20203143548254,35,9.8488578017961,7.06737661472195,0,0.038408738786664,0.593582887700535,42.0160366552119,0.00042685402166953,1.66476081508082,0.110541310541311,0.18716577540107,0.0301335818577197,0.119516838601928,13.0180855172744,11.2405913978495
"17-18",20.8398391674923,0.484369114877589,0.595423976214064,11.9084795242813,0.48996657623285,1.12818973449909,0.0307674199623352,0.0155038953669422,0.0156240660825075,0.0881897885507995,23,3.63218657288934,1.04878678146391,58.9126167898872,117.825233579774,0.820398231955027,40.8347350080687,0.597725475504066,0.712658989745458,3.18710789169434,0.336526629497467,20.3153134266007,61.5,35.1852241715184,1.75926120857592,5.94738838242708,1238,0.457142857142857,5,6.72242330444923,0.736121165222461,-4.42583575324505,16,0.457142857142857,0.614717006368452,0.649350649350649,0.504688136975132,6.70810802440036,2.6449695055023,4.14225636448266,17.1582877890971,0.471186440677966,1.8518439643683,26.8778643067411,2.00718135165143,1.4142135623731,100,5,5,6.39020617883873,100,35.1852241715184,27.5040214504638,0.320585403669671,0.351749587335884,0.740384615384615,96.8738229755179,0.00115235637313305,5.94738838242708,0.670820915740992,0.480769230769231,0.337513631406761,0.352359735877875,34.3165755781941,13.0944129476918
"18-19",16.6072456839344,0.305084745762712,0.474492733826696,10.913332878014,0.338583788094636,0.779617983196165,0.104853235414339,0.0551386807310291,0.0553272376439211,0.0820901351245801,18,3.26589923799666,0.77433878355074,35.3764325509396,70.7528651018792,0.554977790468259,27.4650460835561,0.479576762075942,0.600014019282956,2.87756614810677,0.154000173956516,16.56077387346,45,23.5372045918796,1.02335672138607,3.97851372104853,554,0.6,3.1304347826087,5.8295617911767,0.557807034398987,-4.6469594913113,21,0.6,0.482446502554166,0.467532467532468,0.297529538131042,5.50798091467669,1.98159959730101,3.28173158068994,10.7697621676977,0.305084745762712,0.878046745989247,26.6021837902741,1.90290805758043,1.4142135623731,72,3.1304347826087,3.1304347826087,5.24071045599316,72,23.5372045918796,19.2559997040437,0.115940521992305,0.174763406940063,0.652542372881356,61.0169491525424,0.00042685402166953,3.97851372104853,0.458609271523179,0.305084745762712,0.174763406940063,0.199467835524403,21.5395243353954,12.9329051796157
"19-20",19.4828965921765,0.45882461311717,0.5566541883479,13.3597005203496,0.42660659071622,0.982297976356179,0.126207028077154,0.0666600575995082,0.0673537738524248,0.09891564424986,37,4.2879494373734,1.05454008485901,90.555450049162,181.110900098324,0.800454704050103,61.3673454622109,0.580310041438305,0.653216773133118,3.200095571207,0.320363866617969,20.4812233297173,91.5,48.9489530020817,2.03953970842007,8.2738831788431,2396,0.628571428571429,6.08333333333333,9.32391233129128,0.680163013803803,-4.79012433504228,22,0.628571428571429,0.605747949854477,0.651785714285714,0.604897753092653,6.57558212451062,2.460408150063,5.11795435845879,26.1934568152673,0.457535003684598,1.87179055227821,37.1502163415309,1.7805307790298,1.4142135623731,146,6.08333333333333,6.08333333333333,7.83373126053038,146,48.9489530020817,40.0769352625962,0.289573951913107,0.330984681469112,0.741721854304636,91.764922623434,0.00070891973368159,8.2738831788431,0.753814692464999,0.483443708609272,0.433586681143684,0.267059585008871,52.3869136305347,15.5276960784314
"20-21",23.1273908523086,0.457822370865849,0.660782595780246,15.1979997029457,0.552359806465689,1.27185545633697,0.103735335094068,0.0532965539722439,0.054705093130665,0.0908905748765212,31,5.00338143822536,1.03768758399164,88.1119414861963,176.223882972393,0.774659580103532,62.9732489052194,0.612818445887456,0.746859703629285,3.58181331015732,0.300048732523091,25.6587731776403,88,46.7867502611583,2.03420653309384,7.9084042096277,2189,0.628571428571429,6.30434782608696,9.04148758014436,0.827890764354103,-4.77923588635307,22,0.628571428571429,0.614595030227328,0.650224215246637,0.505309325946445,8.49240707906795,2.33739252131845,5.11007297061035,26.1128457649625,0.454710144927536,1.85896911572813,35.7540025906306,1.48411827163434,1.41421356237309,145,6.30434782608696,6.30434782608696,7.9355685936938,145,46.7867502611583,36.0125984712142,0.274226468201328,0.304685798927018,0.740863787375415,91.5644741731698,0.009748644739214,7.9084042096277,0.671369421867812,0.481727574750831,0.338069498069498,0.295365521194116,52.225691529925,16.8733233938737
"21-22",18.7739563872424,0.270274299344067,0.536398753921213,10.191576324503,0.370968766291556,0.854187151229328,0.0162653961267781,0.00819306169663103,0.00819938115462626,0.0463493386105613,49,3.61302170068216,0.712210224038385,44.5088474642141,89.0176949284282,0.522351449347998,29.5480626208329,0.39391166823386,0.682744408308013,2.9760138800821,0.136425518317977,17.7133172288826,67,50.4479930225178,2.65515752750093,8.52726718909908,2545,0.457142857142857,4.47368421052632,3.23806082647293,0.591476885603838,-4.86542429248037,16,0.457142857142857,0.413592449077404,0.454545454545455,0.425941422594142,5.99055686569891,1.08810210561645,3.56403234192458,12.7023265342844,0.267590936195587,0.833331372553633,20.4309008165902,2.01149450405914,1.41421356237309,85,4.47368421052632,4.47368421052632,5.43581296779359,85,50.4479930225178,49.1113668527154,0.130397372506472,0.155527656050486,0.647058823529412,54.0548598688134,0.00196321194241589,8.52726718909908,0.597417840375587,0.294117647058824,0.270600744284955,0.250562458307364,25.4046530685688,11.1899110094076
"22-23",24.7046016465452,0.598908986505886,0.705845761329861,13.4110694652674,0.629060117292393,1.44846444867455,0.188989376973873,0.0994387177842215,0.104355752843724,0.176475713352211,66,5.48795461575104,1.45252874502079,133.883308345827,267.766616691654,1.05214268102008,104.174337392155,0.811740626862884,0.779798065098531,3.39906096213305,0.553502110612064,23.1072308485937,117.5,76.3347889235308,4.01762046965952,12.9029343285051,5827,0.514285714285714,8.89473684210526,8.41205128116943,0.916423751640496,-4.30962839073128,18,0.514285714285714,0.859725383270115,0.800947867298578,0.831478310502283,7.66485744753987,5.29161013067083,6.47352045366984,41.9064670640818,0.618647717484927,4.02378557270492,30.363670973574,1.79398740368981,1.41421356237309,169,8.89473684210526,8.89473684210526,10.2065830419467,169,76.3347889235308,68.0582689710547,0.549900307702183,0.567220599948583,0.83399209486166,119.781797301177,0.0069803807773533,12.9029343285051,0.907985975847293,0.66798418972332,0.711564293564538,0.47138517611314,83.8129341281635,14.6919018560895
"23-24",28.4059261323754,0.539351851851852,0.81159788949644,17.0435556794252,0.721179718725045,1.66057766970593,0.282051282051282,0.163339973465924,0.164179104477612,0.224165341812401,17,4.66288259799249,1.30492433996809,68.5397312027747,137.079462405549,0.881835805389388,54.6257725121631,0.829699837077631,0.870935351826222,3.99112717515666,0.388817193833375,31.8581922565479,52,28.4077454226836,1.35274978203255,4.80178538224511,807,0.571428571428571,4.14285714285714,7.5000897452558,1.02381379739313,-3.97381614414823,20,0.571428571428571,0.823744823902706,0.701612903225806,0.561196105702364,10.7609988350582,5.34054256095274,4.62044409812313,21.3485036638809,0.540354938271605,2.35133355747578,27.7453648744458,0.660036736781311,1.4142135623731,87,4.14285714285714,4.14285714285714,7.39092501058988,87,28.4077454226836,21.8243590463744,0.347406592831147,0.390569876366563,0.770186335403727,107.87037037037,0.255449694507585,4.80178538224511,0.718930957683742,0.540372670807453,0.390043499275012,0.353288570941047,42.6970073277617,17.7564317261686
"24-25",27.0479184427394,0.34369918699187,0.772797669792555,17.7743464052288,0.588645527055863,1.35540641565645,0.00162601626016268,0.00081333889015644,0.00081366965012208,0.121378592494073,16,4.89357908183315,1.00480783843861,55.852614379085,111.70522875817,0.471911475230864,43.0095142828513,0.673677620262027,0.835889349241441,4.00878449109346,0.111350220227285,32.1407061920629,53.5,28.7576076890968,1.25033076909117,4.86092289885073,827,0.628571428571429,3.95652173913043,6.49648562098698,0.891151548738564,-4.38196716863799,22,0.628571428571429,0.622205943508531,0.619047619047619,0.342443064182195,10.84556103702,3.02705918602556,4.13970245521473,17.1371364177109,0.422357723577236,1.62499245539217,29.6044734643742,0.81851196226877,1.41421356237309,91,3.95652173913043,3.95652173913043,6.55816394144362,91,28.7576076890968,21.7513321067237,0.0689089699024082,0.112695514904418,0.724137931034483,68.739837398374,0.155630249391433,4.86092289885073,0.5101789019124,0.448275862068966,0.206595053709718,0.202469530303457,34.2742728354217,18.9593539136302
"25-26",22.6257612542715,0.334349593495935,0.646450321550613,15.5148077172147,0.412666141529489,0.950198905869173,0.0797448416599928,0.0409666960546566,0.0415282528020544,0.0619021837213499,22,4.68918391094108,0.889608674432252,48.1001508445323,96.2003016890646,0.574727223937201,33.7554382000055,0.521540341373612,0.759361062692367,3.72009426826777,0.165155690967281,27.6782027295975,51.5,30.4138126514911,1.26724219381213,5.14087263298474,925,0.6,3.375,4.12924667285379,0.672051944702241,-4.65035653946353,21,0.6,0.526964209507086,0.5,0.284527837588434,9.31707638275603,1.72109196284256,3.76303012298522,14.1603957064942,0.333231707317073,0.999997160501889,25.0535955589477,1.06316636002147,1.41421356237309,81,3.375,3.375,5.80994304619293,81,30.4138126514911,24.8724166740581,0.13439486687408,0.165267838640565,0.666666666666667,66.869918699187,0.0609285679740774,5.14087263298474,0.443007662835249,0.333333333333333,0.165859781244397,0.24980278426492,28.3207914129883,16.7106168198273
"26-27",22.9562857849529,0.427649325626204,0.655893879570082,17.0532408688221,0.541840963319558,1.24763492491315,0.10626204238921,0.0546228490116815,0.0561123263977209,0.145227982335237,39,4.87306894269436,1.00214122735441,78.4157497064375,156.831499412875,0.68050711328864,62.688778906272,0.667653697469272,0.759500613499414,3.8727084488192,0.231544965618219,29.9957414591113,82,48.2597140480546,1.8561428480021,8.15738053193898,2329,0.657142857142857,4.80769230769231,7.92658015264415,0.80486846740939,-4.74628434889097,23,0.657142857142857,0.633672854598147,0.598086124401914,0.439102564102564,10.0846513247659,3.42025837625978,4.93106236162618,24.3153760142464,0.407225433526012,1.48809134071315,32.2155313994891,0.849412132513767,1.4142135623731,125,4.80769230769231,4.80769230769231,7.91762457472391,125,48.2597140480546,41.3175812910226,0.206954851348918,0.23155187936834,0.713310580204778,85.5298651252408,0.10168625364737,8.15738053193898,0.610244988864143,0.426621160409556,0.281314168377823,0.293874353692752,48.6307520284928,18.5131313131313
"27-28",23.0999412132583,0.573972816747383,0.659998320378808,16.4999580094702,0.583479664578862,1.34351157772445,0.03056814039473,0.015402691652435,0.0155212988180544,0.137644314171203,57,5.71474227368315,1.25344436181041,114.705562405075,229.411124810149,0.967531208417145,85.6043274469916,0.751009700857992,0.748448622559189,3.74224311279594,0.46805831963057,28.0087670305373,104.5,63.4192399828317,2.53676959931327,10.7198081006278,4022,0.657142857142857,6.08,11.4047316338481,0.856189265353923,-4.59711620232416,23,0.657142857142857,0.753866307203251,0.697247706422018,0.708472784921613,9.14676919830009,3.63751796494394,5.91083558506828,34.9379773137095,0.511951257615997,2.30302332417174,35.8872571592286,1.33198358958576,1.4142135623731,152,6.08,6.08,9.25226066683119,152,63.4192399828317,57.9051163643358,0.452626760836181,0.473592330410198,0.767605633802817,114.794563349477,0.0121089224972767,10.7198081006278,0.829363851943499,0.535211267605634,0.548554282596836,0.393795439334934,69.8759546274189,18.1647907647908
"28-29",23.5666693127993,0.36036036036036,0.673333408937124,12.7933347698054,0.609403823311786,1.4032041591713,0.207471517605399,0.109774295488906,0.115742382697452,0.133841533841534,33,3.76461224345903,1.00520222072434,56.0789485024779,112.157897004956,0.709515461352632,43.4865241679518,0.624745350065564,0.793749559609105,3.459874116816,0.251706094949219,23.9414578084266,56.5,36.1662826400502,1.90348856000264,6.11321753019051,1308,0.457142857142857,4.21052631578947,5.34588321293171,0.86030964278588,-4.49151691266757,16,0.457142857142857,0.625915719565794,0.529801324503311,0.435564435564436,8.15215126176041,2.6067322569321,4.15208564358813,17.2398151916906,0.36036036036036,1.12675627853246,23.061589896535,1.68225524078369,1.4142135623731,80,4.21052631578947,4.21052631578947,6.59443129981288,80,36.1662826400502,33.4078554915017,0.249450522908968,0.278416347381865,0.68018018018018,72.0720720720721,0.0112241114465809,6.11321753019051,0.606819763395964,0.36036036036036,0.278416347381865,0.325822366126579,34.4796303833813,13.3872294372294
"29-30",26.0329633645573,0.487612612612613,0.743798953273065,15.6197780187344,0.524813071201722,1.20842675435751,0.271208708708709,0.146307261778987,0.156877646292476,0.185185185185185,22,5.3292072122421,1.13923352867504,67.5473479714466,135.094695942893,0.735493887748111,50.6124543529247,0.671798059564732,0.817601540248419,3.74672094650086,0.270475629457416,28.0758357018966,64.5,37.8285606387555,1.80136003041693,6.39419379481998,1431,0.542857142857143,5.09523809523809,5.20420162234463,0.819247696302125,-4.35919001296795,19,0.542857142857143,0.696438385022097,0.681528662420382,0.519042437431991,9.41975754565675,4.31954436378143,4.51254432516587,20.3630562865867,0.514358108108108,2.13998887205786,27.4898096960482,1.68458832889161,1.41421356237309,107,5.09523809523809,5.09523809523809,7.11424306254184,107,37.8285606387555,28.8901911532171,0.279957473077714,0.312109278469765,0.758454106280193,97.5225225225225,0.00416287457444298,6.39419379481998,0.683381088825215,0.516908212560386,0.350477590007348,0.336034035873089,40.7261125731733,16.6785714285714
"30-31",22.3672549019608,0.347115384615385,0.639064425770308,15.9766106442577,0.475205453665511,1.09420099371968,0.104807692307692,0.053853971264315,0.0553018772196855,0.125751776927283,32,3.61488184153736,0.899140749867447,48.7484593837535,97.496918767507,0.586529299692611,37.462291396571,0.548466753275871,0.766948317893912,3.83474158946956,0.172008309698953,29.410486116015,59,36.1939221417077,1.44775688566831,6.11788945867539,1310,0.571428571428571,3.44,4.02915822874121,0.721166329149649,-4.54615085196319,20,0.571428571428571,0.558853095094902,0.551282051282051,0.447404371584699,10.0664147995978,2.38040722419578,3.84617590356003,14.7930690811258,0.366185897435898,1.22856721634097,25.6558729969125,0.773492468153762,1.41421356237309,86,3.44,3.44,6.12064468798598,86,36.1939221417077,32.6676153179085,0.159285405377903,0.199348841281331,0.690265486725664,69.4230769230769,0.147865583337363,6.11788945867539,0.618216139688532,0.380530973451327,0.288165420149582,0.254086829055621,29.5861381622517,16.9278787878788
"31-32",25.1177860476106,0.509511993382961,0.717651029931732,15.0706716285664,0.585693126837846,1.34860826292589,0.170840709750711,0.0926052975577647,0.0933984867591425,0.148420597144094,46,5.20217617312762,1.21489364991243,83.9560213665477,167.912042733095,0.968815861688165,62.8582737335516,0.694278928050036,0.798350319355238,3.65850076953754,0.469302086929291,26.7692557614136,79.5,49.6689037527506,2.36518589298812,8.39557706686767,2467,0.571428571428571,5.38095238095238,7.28586697057139,0.870755570027209,-4.38291203175948,20,0.571428571428571,0.737268043159847,0.672619047619048,0.720923436586791,8.93981644189653,4.11914648432606,5.07179837948641,25.723138802161,0.492762613730356,2.05453611574493,29.8104775058117,1.33845252465095,1.4142135623731,113,5.38095238095238,5.38095238095238,7.9283209908247,113,49.6689037527506,46.3546934390052,0.46693317327134,0.494013304799405,0.753363228699552,101.902398676592,0.0344553529686769,8.39557706686767,0.837833248429275,0.506726457399103,0.563628055745945,0.392738346469444,51.446277604322,16.2284967320261
"32-33",21.9228365384615,0.477783048703352,0.626366758241758,12.5273351648352,0.47029597782062,1.08289650782482,0.165919770971921,0.0889559982053474,0.0904648380948121,0.103330261945505,34,4.79331062081129,1.10511077797814,73.1484432234432,146.296886446886,0.883895471454284,51.1463485927992,0.604077701350946,0.723505899314164,3.23561674597718,0.390635602228695,20.9384314536959,72.5,42.1070065428546,2.10535032714273,7.11738314671501,1773,0.514285714285714,5.55,6.71567372747194,0.735783686373597,-4.48781384844862,18,0.514285714285714,0.646964557654715,0.652941176470588,0.640997830802603,6.88281923870545,2.7320961504657,4.64838814849199,21.6075123790408,0.465883934218849,1.88134859813258,28.8955779268461,1.94803160687471,1.4142135623731,111,5.55,5.55,7.15166753930852,111,42.1070065428546,35.8364494615965,0.359921403526254,0.399030062028869,0.74235807860262,95.5566097406705,0.00187633455999281,7.11738314671501,0.781229345670853,0.48471615720524,0.471667996807662,0.322890395864106,43.2150247580816,13.9397354212471
"33-34",25.3795756782333,0.544572468162523,0.725130733663808,18.1282683415952,0.569664407248038,1.31170077213862,0.0534084518771064,0.0270765214874216,0.0274369073104259,0.0745438180181655,46,5.62761455171647,1.20249986642547,122.233016275459,244.466032550918,0.982828261717826,81.7269101958848,0.620692424732768,0.802109452917503,4.01054726458751,0.482975696015641,32.1689787229808,115,66.4379409674924,2.65751763869969,11.2300616968156,4414,0.657142857142857,7.36,8.46793011661256,0.858717204664502,-4.82138212832863,23,0.657142857142857,0.686674242126781,0.715953307392996,0.6793904879175,10.7090712026056,2.88644176118332,5.95086337900097,35.4127749555348,0.543473317161916,2.52054000377807,38.080993459723,0.909269846384068,1.41421356237309,184,7.36,7.36,9.04029370075358,184,66.4379409674924,53.5655585525911,0.464265048238545,0.482977951580177,0.778787878787879,108.914493632505,0.0935129209588754,11.2300616968156,0.809091742278435,0.557575757575758,0.514452214452214,0.384059431108522,70.8255499110697,19.4933429480138
"34-35",22.5254617534029,0.376613727129191,0.643584621525798,16.7332001596707,0.561841129092569,1.29368700847949,0.108711804588093,0.055919391464952,0.0574802956269796,0.12633003422931,35,4.3421593698555,0.992389142895987,86.9702840349899,173.94056806998,0.629715397203263,67.133895826178,0.643678955735096,0.754189144485559,3.84562516467171,0.198270740737432,29.5776658143127,86,47.9061582680139,1.84254454876977,8.09761869758194,2295,0.657142857142857,5.26923076923077,8.26433937985497,0.817859206917499,-4.77856074729485,23,0.657142857142857,0.615668588471299,0.619909502262443,0.453109575518263,9.98249745548326,2.85738899852289,5.1628624824296,26.6551490124791,0.405126776260797,1.63094810942162,34.8321158732523,0.805076485899414,1.41421356237309,137,5.26923076923077,5.26923076923077,8.19352767897796,137,47.9061582680139,38.85923393035,0.168192994399701,0.199137768994055,0.724590163934426,75.3227454258382,0.120212474407957,8.09761869758194,0.623641304347826,0.449180327868852,0.292916400765795,0.252924232223511,53.3102980249582,18.1537878787879
"35-36",17.9891661081348,0.388200230305493,0.513976174518138,10.7934996648809,0.345497910373285,0.795538338086118,0,0,0,0.0468544634293631,26,4.36476968906037,0.962923550717426,57.6282506553185,115.256501310637,0.76876706303394,38.4459960999092,0.520745163362932,0.639510079785545,2.93060334830451,0.295501398602915,17.1768719701872,59,36.4417343165772,1.73532068174177,6.15977736146828,1328,0.514285714285714,4.38095238095238,6.06051912242799,0.574310434401333,-4.63256161155356,18,0.514285714285714,0.555194086210452,0.547619047619048,0.458405246807042,5.56995764151517,1.74900208958485,4.08974020789649,16.7259749680852,0.371943371943372,1.21052313020229,25.1170863140425,2.20087399538658,1.4142135623731,92,4.38095238095238,4.38095238095238,6.20048353758875,92,36.4417343165772,30.0162874519929,0.265441622421076,0.299600950756269,0.688524590163934,77.6400460610987,0.00012693915428463,6.15977736146828,0.628639053254438,0.377049180327869,0.297357814599194,0.301535173757526,33.4519499361704,12.350484373198
"36-37",19.2970469280949,0.248012116622491,0.551344197945568,11.5782281568569,0.363457403551926,0.836891599356986,0.0495256760972609,0.0252316522601961,0.0253916062828061,0.0482143364491292,17,3.94027982913162,0.6924132691036,32.7022904647069,65.4045809294138,0.497129298928201,23.2788412465759,0.415391250815663,0.669662699427119,3.06878001021324,0.123568769926422,18.8348215021687,43.5,26.4196896272458,1.25808045844028,4.46574261941473,698,0.571428571428571,3.33333333333333,4.70182587991638,0.60484885142459,-4.8231852440468,20,0.571428571428571,0.413186205786153,0.409356725146199,0.228852459016393,6.28167641975342,1.15101368441813,3.09358096052257,9.57024315930775,0.256991399361714,0.693067797278065,23.6062844183823,1.90188587933653,1.41421356237309,70,3.33333333333333,3.33333333333333,4.82481515154476,70,26.4196896272458,21.6387279601881,0.0858993270471146,0.12569062498184,0.628676470588235,49.6024233244983,0.00154101834713138,4.46574261941473,0.372465314834578,0.257352941176471,0.129211403184006,0.191257868387122,19.1404863186155,13.1744825098273
"37-38",24.131107370041,0.671348635377412,0.689460210572601,13.789204211452,0.680527318306527,1.56697205850782,0.356250585787618,0.208923724572685,0.216730471632332,0.224072563228872,98,5.49124744429533,1.47425862485524,177.657224392347,355.314448784695,1.16079900896467,133.917757895636,0.805732244491692,0.789106166937802,3.52899006147445,0.673727169606679,24.9075417079708,158,108.967885177239,5.44839425886196,18.4189343572624,11874,0.514285714285714,10.9,8.92045460001009,0.946022730000504,-4.57513481704415,18,0.514285714285714,0.895866769303816,0.798534798534799,0.853691854195125,8.3176813928053,5.83047901168826,7.39050164345241,54.6195145418728,0.65665562787865,3.96361834718933,32.2630557117467,1.57421309013324,1.41421356237309,218,10.9,10.9,11.5722840397061,218,108.967885177239,100.124179065101,0.695206337578896,0.700804986839031,0.832317073170732,134.269727075482,0.0153423288355823,18.4189343572624,0.921072024201994,0.664634146341463,0.744731560461616,0.602393557981098,109.239029083746,14.6996753246753
"38-39",25.5896877269426,0.383935607339863,0.731133935055504,13.1604108309991,0.761963541960799,1.75448589312388,0.231003325830142,0.130388461054013,0.130584375427696,0.158231859883236,70,4.30229181209513,1.05130228986558,93.4556489262372,186.911297852474,0.421539597480006,72.9814291864062,0.758980295539546,0.828545864816894,3.51522239721659,0.0888478161218029,24.7135770037863,103.5,73.7360156233031,4.09644531240573,12.4636614661526,5437,0.457142857142857,7.61111111111111,7.53420892840441,1.02967827380024,-4.65404877869329,16,0.457142857142857,0.651412844988524,0.652380952380952,0.528993967697996,8.37716712109199,3.45290509502668,5.35808903217612,28.7091180767261,0.418580434537881,1.87670513044607,26.1061923630688,1.32562387917666,1.4142135623731,137,7.61111111111111,7.61111111111111,8.54291690152762,137,73.7360156233031,70.3844829566498,0.0880967861504901,0.105298634434428,0.742049469964664,76.7871214679725,0.0598628105302188,12.4636614661526,0.69195036589246,0.484098939929329,0.359613731066869,0.253256167062444,57.4182361534521,13.7058080808081
"39-40",20.5808080808081,0.273817590459412,0.588023088023088,8.82034632034632,0.614296972501373,1.41447105155303,0.236725065684131,0.133472256976316,0.134253065745518,0.180617827320966,31,3.26749856964412,0.901041197298053,60.5411255411255,121.082251082251,0.460376631929725,54.5873464765437,0.673619814146204,0.721704660931925,2.79515013266961,0.105973321613479,15.6257285283259,62,41.7971290880127,2.78647527253418,7.0650042968342,1747,0.371428571428571,6.2,5.67349090788727,0.844899393859151,-4.58707064059391,13,0.371428571428571,0.619033277346731,0.540697674418605,0.349260295881647,5.28504525146863,3.80821068048545,4.45778869818798,19.8718800776925,0.328194877354655,1.17721116649348,22.0795594421776,2.30514734648387,1.41421356237309,93,6.2,6.2,7.38832501156681,93,41.7971290880127,35.9048412813922,0.0819189977313318,0.105973751777103,0.685258964143426,54.7635180918824,0.00223819997751817,7.0650042968342,0.517706326863239,0.370517928286853,0.21157805498365,0.228665561176442,39.743760155385,9.57564102564103
"40-41",18.4244948756025,0.189352834788079,0.526414139302929,6.84338381093807,0.311141394381164,0.716429536515449,0,0,0,0.018955636596802,21,3.19907909841046,0.50413724003217,36.4643067829463,72.9286135658926,0.252175447054842,22.1321852478532,0.352205217467308,0.622658858155798,2.24502844020259,0.0317962280486547,10.0803053946369,50.5,34.2052627529741,2.63117405792109,5.78174466995659,1170,0.342857142857143,6.15384615384615,4.29630612080585,0.561254316985066,-4.68151907105486,12,0.342857142857143,0.292854310909127,0.50314465408805,0.246627318718381,3.17796750595339,0.522367785482788,3.16900427853699,10.0425881173858,0.260753322324448,1.0126550232436,19.2715944592499,3.39541974009111,1.41421356237309,80,6.15384615384615,6.15384615384615,4.70448565178524,80,34.2052627529741,27.7857802128943,0.0229276682681503,0.0446122351487952,0.668067226890756,37.8705669576158,3.66707819432488e-06,5.78174466995659,0.395671288468042,0.336134453781513,0.140658812214475,0.162008234773711,20.0851762347715,8.10049627791563
"41-42",20.2399737015122,0.140123456790123,0.578284962900347,7.51770451770452,0.351259168822214,0.808804125907509,0.0432539682539682,0.0218660461132986,0.0221050496856622,0.0321522907368612,29,3.31405286318989,0.508691450383558,28.0826950826951,56.1653901653902,0.162650200499695,17.7459635033339,0.359067812063496,0.696469231817687,2.51115552710169,0.0132275438612955,12.6118041625867,48,35.0856095856977,2.69889304505367,5.9305504442192,1231,0.314285714285714,5.15384615384615,2.77684031632689,0.5982184858713,-4.62130942743297,11,0.314285714285714,0.302195416247637,0.465277777777778,0.245463609172483,4.16438191630275,0.645309580833634,2.79724692430465,7.82459035553184,0.249691358024691,0.870126819035829,15.9975808875288,2.87176677942086,1.4142135623731,67,5.15384615384615,5.15384615384615,4.21259581532977,67,35.0856095856977,31.243657379431,0,0.0132862684767265,0.65158371040724,28.0246913580247,0.0002553173233013,5.9305504442192,0.394172270252962,0.30316742081448,0.139902261620639,0.094795988672245,15.6491807110637,8.35885781621531
"42-43",26.7328293831562,0.368146718146718,0.763795125233034,11.4569268784955,0.720244399360179,1.6584240172792,0.241741657827557,0.130686281181073,0.137489271075415,0.15625,28,5.20949593014216,1.06114706195635,81.1715379754595,162.343075950919,0.456715785050921,65.9205190047648,0.779526063881983,0.826840002797638,3.20233756081334,0.104294654157339,20.5099317067919,69,41.0365690573664,2.73577127049109,6.93644618765876,1684,0.428571428571429,7.33333333333333,7.27108545249675,1.01807236349978,-4.70988815973863,15,0.428571428571429,0.676155341383378,0.552763819095477,0.201146679407549,6.8050410955597,3.88766840861519,5.06481547194157,25.6523557648187,0.381467181467182,1.23595116779408,25.9764145760374,2.03082393431509,1.41421356237309,110,7.33333333333333,7.33333333333333,8.11914521392275,110,41.0365690573664,32.4810145525016,0.0955757676611829,0.106775153610425,0.690972222222222,73.6293436293436,0.00835057219602131,6.93644618765876,0.334924423229912,0.381944444444444,0.111819389110226,0.277794062752997,51.3047115296373,12.2639534683029
"43-44",26.0527286135693,0.391891891891892,0.744363674673409,8.93236409608091,0.683510662176448,1.57384146162998,0.152195945945946,0.0792372433389511,0.0823658469695585,0.088235294117647,65,3.68719773140754,1.00762479348193,72.8179519595449,145.63590391909,0.691963003297852,50.6156147520865,0.60391855037727,0.814778446474362,2.82247533241127,0.239406398966492,15.9327340041402,90.5,68.2934843158555,5.69112369298796,11.5437057679561,4664,0.314285714285714,9.66666666666667,4.69757803365111,0.974798169470926,-4.36554394623236,11,0.314285714285714,0.574326758748647,0.716049382716049,0.640747355405962,5.35979002610606,1.99582666588664,4.60759332152932,21.2299162166016,0.461261261261261,2.52172268441727,19.8330638158346,2.57331691456287,1.4142135623731,116,9.66666666666667,9.66666666666667,7.11446517681312,116,68.2934843158555,65.3720673640333,0.224827277182952,0.239409272307543,0.778846153846154,78.3783783783784,0.00243968555163998,11.5437057679561,0.781043288955874,0.557692307692308,0.471396806145138,0.430565602538616,42.4598324332032,9.58450374531835
"44-45",32.6615175254699,0.608227848101266,0.933186215013424,16.7973518702416,0.960915523650541,2.2125897603843,0.182328190743338,0.100154334220461,0.100308641975309,0.192530585962653,51,6.45391994997647,1.61472146744628,134.524594505131,269.049189010262,1.01417420142403,109.957078420425,0.973787438261647,0.94788646411442,4.02154167942147,0.514274655417035,32.3455949586482,105.5,66.2268827591938,3.67927126439966,11.1943863482679,4386,0.514285714285714,8.88888888888889,9.25501115492097,1.29194506416228,-3.98938138964615,18,0.514285714285714,0.943575290628543,0.846560846560847,0.761722820423758,11.0140619869323,6.54930134746175,6.57250308876469,43.1977968518213,0.666561181434599,5.51718240253294,30.9279107753913,1.04528525246936,1.41421356237309,160,8.88888888888889,8.88888888888889,10.4860420760373,160,66.2268827591938,55.8922246858829,0.518169041478033,0.530143436271538,0.86697247706422,121.645569620253,0.151026392961877,11.1943863482679,0.864747634069401,0.73394495412844,0.615147265077139,0.571481176508022,86.3955937036427,17.1978021978022
"45-46",19.3159712277914,0.386569127075456,0.551884892222611,10.4858129522296,0.323393916591682,0.744642011508968,0.0237444517507808,0.0119435500695221,0.0120148691153915,0.0224071972085593,33,4.73619510627467,0.913978602679695,65.1877015244446,130.375403048889,0.647413553436914,39.643360656686,0.466549861816162,0.6412676668689,2.79522095564164,0.209572154586906,15.6265203817163,77.5,46.4112055434892,2.44269502860469,7.84492556643192,2154,0.514285714285714,6.42105263157895,6.08797592117778,0.583577680061989,-4.91396520095429,18,0.514285714285714,0.503964887823441,0.56221198156682,0.373439667128988,4.99059103942245,1.27554864332832,4.25088552038341,18.0700277074054,0.390925530166036,1.2842076875409,28.6995232410138,2.53314245369227,1.4142135623731,122,6.42105263157895,6.42105263157895,6.29629737676724,122,46.4112055434892,37.6829577722739,0.203730130629253,0.225401095398341,0.69551282051282,77.3138254150912,2.62332177020097e-05,7.84492556643192,0.543802070184297,0.391025641025641,0.229588573864848,0.294008400878548,36.1400554148107,12.3762737262737
"46-47",19.542479707574,0.324085005903188,0.558356563073544,10.0504181353238,0.343926489066071,0.791920006809315,0.0165289256198347,0.00829889866948053,0.0083333333333333,0.0345632362747277,35,4.040001651124,0.804032740845782,47.1339277075126,94.2678554150252,0.694708950103277,31.0237278954951,0.414270124441864,0.65851243544381,2.79383165158792,0.241310262676799,15.610990594829,61,39.6358423652128,2.20199124251182,6.69968016294168,1571,0.514285714285714,4.83333333333333,4.77469978807682,0.598594432670934,-4.80392379453127,18,0.514285714285714,0.461207084831701,0.480662983425414,0.40302719343253,5.11521652214094,1.16806891825299,3.67619363023034,13.5143996069461,0.306375442739079,0.925529650299791,24.0507873992172,2.44877591798504,1.4142135623731,87,4.83333333333333,4.83333333333333,5.56989478316198,87,39.6358423652128,36.0223626489982,0.213592358461987,0.243132161148952,0.658181818181818,64.8170011806375,0.00013878691152957,6.69968016294168,0.574510879502651,0.316363636363636,0.252369477911647,0.283250916278686,27.0287992138922,11.6916093710211
"47-48",25.7276073427776,0.527389746215169,0.735074495507932,12.4962664236348,0.578838645821579,1.33282523711763,0.00936151539530461,0.00469176402247362,0.00470277022558596,0.0603112840466925,46,5.99697548761234,1.27764766552116,95.544840890104,191.089681780208,0.980602851838952,66.5831283847748,0.712705042400155,0.810956896088294,3.34366094039508,0.480790976517342,22.3601369686474,86,56.0713830755047,3.29831665150028,9.47779359495507,3144,0.457142857142857,7.41176470588235,6.77013371124024,0.868831394778838,-4.42733975864877,16,0.457142857142857,0.7538233163623,0.7,0.658291457286432,7.39689643818205,3.17872942602933,5.35206271093908,28.6445752618246,0.537921451034886,2.33332209881952,25.9449745160185,2.0637601508569,1.4142135623731,126,7.41176470588235,7.41176470588235,8.15984855158322,126,56.0713830755047,48.7554103134094,0.484251747809759,0.498464940139004,0.769230769230769,105.477949243034,0.00345209273920921,9.47779359495507,0.793939393939394,0.538461538461538,0.49063670411985,0.487090689021057,57.2891505236491,13.3760944629424
"48-49",23.7511494614055,0.539161359689025,0.678604270325873,10.857668325214,0.685623838117158,1.57870722904993,0.0664130344884624,0.0337769587142224,0.0343470636040891,0.148936170212766,48,4.59344253493484,1.32537018858107,96.6333050166722,193.266610033344,1.00095219188704,72.75209859077,0.781748445366662,0.775834145811486,3.10333658324594,0.500952645221731,19.2613958978252,84,54.0555270069583,3.37847043793489,9.13705172830461,2922,0.428571428571429,7.5,8.2145288385544,0.95090805240965,-4.29897038998041,15,0.428571428571429,0.812948094098154,0.705882352941176,0.714076246334311,6.35199868675637,4.70379775037056,5.45732577599103,29.7824046252961,0.545116202133819,2.3999875200649,26.4811364168653,2.30345639155008,1.41421356237309,120,7.5,7.5,8.52948407529846,120,54.0555270069583,49.0056914116572,0.528616969115816,0.544701205851589,0.772727272727273,107.832271937805,0.00140079391044523,9.13705172830461,0.833190761334474,0.545454545454545,0.555302166476625,0.481180186819391,59.5648092505921,11.6800059776676
"49-50",24.4043300400185,0.504862338974489,0.697266572571957,11.1562651611513,0.627063673964239,1.44386746802813,0.145548729848899,0.0779919416867179,0.078486144225855,0.0961223565480961,52,4.55905145091153,1.15832830630554,87.7618258717879,175.523651743576,0.942824331090416,62.1689740543875,0.62053491371066,0.782565150801866,3.13026060320746,0.444458859648045,19.5970628879855,90.5,59.4894948709434,3.71809342943396,10.0555599403656,3539,0.457142857142857,8.0625,6.48838370612338,0.905523981632711,-4.56866711162421,16,0.457142857142857,0.683859220578269,0.671875,0.701486620416254,6.5482076118418,2.87321585517626,5.12150852913272,26.2298496139792,0.492769638797676,2.04761027214645,27.4255124605483,2.06050152465297,1.4142135623731,129,8.0625,8.0625,7.88473043638065,129,59.4894948709434,53.7204344343032,0.44953007894032,0.470176304387008,0.752941176470588,100.972467794898,0.00516150842984575,10.0555599403656,0.824557315936626,0.505882352941176,0.540222866737903,0.410836875312083,52.4596992279583,12.1312085792117
"50-51",19.7850877192982,0.307024057024057,0.565288220551378,8.47932330827068,0.315541681880637,0.726561572916623,0.0456821861758887,0.0233262022199604,0.0233750037239338,0.0289733200825625,32,3.88091201254833,0.813345732521269,48.7520391888813,97.5040783777626,0.595410139773045,30.3037017519963,0.393060234620881,0.659391889460828,2.55381380650603,0.177256617272278,13.0439299166016,63.5,43.9203825119955,2.9280255007997,7.42389962986339,1929,0.428571428571429,6.33333333333333,3.64810286167593,0.576540190778395,-4.64773289617378,15,0.428571428571429,0.449105401624434,0.568862275449102,0.437216681776972,4.27803037069202,1.20016882895224,3.69700699869262,13.6678607483822,0.361152361152361,1.31943986305603,21.5305126055914,2.85518989361127,1.41421356237309,95,6.33333333333333,6.33333333333333,5.50487981267496,95,43.9203825119955,37.4355634155344,0.151589931608263,0.177949356919092,0.698744769874477,61.4048114048114,5.1255207310974e-05,7.42389962986339,0.608421384639647,0.397489539748954,0.279767947788252,0.282520995891051,27.3357214967644,9.93027095000779
"51-52",18.4290891369839,0.207417582417582,0.526545403913825,7.89818105870737,0.337024011113887,0.776026463971895,0,0,0,0.0398528510116493,15,3.81973566223774,0.675616909876717,24.8445127971444,49.6890255942888,0.262932557246729,17.4805316047347,0.471472467773152,0.627540223861816,2.43045283609209,0.0345667648301523,11.8142019769361,34,19.6214168703486,1.30809445802324,3.3166247903554,385,0.428571428571429,3.53333333333333,4.75832949391737,0.583888632927825,-4.53001264689845,15,0.428571428571429,0.402942624361844,0.4140625,0.142223864056151,3.80320558349884,1.08158385027833,2.70322772208286,7.30744011743729,0.253090659340659,0.706664405340569,19.4092495690583,3.04650307983638,1.41421356237309,53,3.53333333333333,3.53333333333333,4.1809725668479,53,19.6214168703486,16.2170931707927,0.00643252911728132,0.0387083419581868,0.630541871921182,41.4835164835165,9.26955876900948e-06,3.3166247903554,0.249029754204398,0.261083743842365,0.0765559753430105,0.135453769622209,14.6148802348746,9.35126616799127
"52-53",14.2027065527066,0.272167487684729,0.405791615791616,6.08687423687424,0.285908704349841,0.658329120593185,0.00067733990147789,0.00033872731883721,0.00033878468693215,0.0394265232974911,13,3.76481334802757,0.667210863266744,31.9041514041514,63.8083028083028,0.358344295126093,22.9271449370327,0.427788550512259,0.55728314379565,2.15834833504267,0.0642053169247082,9.31693507076291,33,20.4694894904587,1.36463263269725,3.45997522699637,419,0.314285714285714,3.53333333333333,4.07556952155886,0.471704634770591,-4.76248523276245,11,0.314285714285714,0.404000249691628,0.341935483870968,0.120679723502304,2.98258005722605,1.23439409561992,3.08124237202701,9.49405455517464,0.192918719211823,0.519606671475152,16.8271791708166,3.27379036428454,1.4142135623731,53,3.53333333333333,3.53333333333333,4.7882298333552,53,20.4694894904587,15.9306897726489,0.0652998968440912,0.0935542293874886,0.603112840466926,54.4334975369458,5.45268162843726e-07,3.45997522699637,0.215368799794397,0.206225680933852,0.0642145593869732,0.196990910245148,18.9881091103493,7.09062141920817
"53-54",23.7347319347319,0.324700914848698,0.678135198135198,10.172027972028,0.68492735101367,1.57710350822798,0,0,0,0.1328125,23,3.33372218831176,0.750979813321871,63.1020979020979,126.204195804196,0.348073479993832,50.6060437637224,0.636194633919895,0.766892031097696,2.97016006478056,0.0605775737375083,17.6437016208345,59.5,33.2866339541865,2.2191089302791,5.62646806239428,1108,0.4,6.4,7.3474630418179,0.956497536121194,-4.27244860052687,14,0.4,0.546649547729771,0.662068965517241,0.433829287392326,5.87044809431123,2.2155570651135,4.43633576287202,19.6810750009373,0.331034482758621,1.959172878027,25.0931599695625,2.59945463592332,1.4142135623731,96,6.4,6.4,7.1137925021554,96,33.2866339541865,25.8262577454182,0.0676356406915358,0.109301460235729,0.747422680412371,64.9401829697396,0.00027341303595962,5.62646806239428,0.605133806663026,0.494845360824742,0.277,0.223493406464389,39.3621500018745,11.1331847890671
"54-55",22.7296037296037,0.321252638986629,0.649417249417249,7.14358974358974,0.524390442578801,1.2074536159905,0.0406756290934162,0.0207600281491908,0.0207600281491908,0.121495327102804,6,3.05710867012432,0.86516683623157,20.4974358974359,40.9948717948718,0.394731233881451,17.1777053848958,0.609898496246297,0.748690806418008,2.48312648887714,0.0779063735007866,12.3318343195266,17.5,10.4403065089106,0.949118773537323,1.76473389333512,109,0.285714285714286,2.63636363636364,3.69019608002851,0.790017825457138,-3.80468603359035,10,0.285714285714286,0.561344674205939,0.426470588235294,0.146308724832215,4.09278524149833,2.84322936204966,2.55246660179457,6.5150857532767,0.265833919774806,0.74358421437379,12.7248664389453,2.8335586530138,1.41421356237309,29,2.63636363636364,2.63636363636364,4.14459954457554,29,10.4403065089106,7.79148753563923,0.0437572332477159,0.0989538961573069,0.635514018691589,64.2505277973258,0.0012000856566714,1.76473389333512,0.255269320843091,0.271028037383178,0.0789283128167995,0.221704476202651,13.0301715065534,7.81428571428571
"55-56",21.5616565452092,0.397190293742018,0.616047329863119,8.00861528822055,0.590852192035918,1.36048744954476,0.190448412910564,0.105245222200188,0.105246191525764,0.133701657458564,36,2.84634309916637,1.00388446915735,49.6387844611529,99.2775689223058,0.52766105754047,36.6993431765438,0.647218471435176,0.734681243011092,2.64893089279811,0.139213095822364,14.0336697496404,56,39.5979797464467,3.04599844203436,6.6932802122726,1568,0.314285714285714,5.84615384615385,4.86593266819319,0.835840974476399,-4.16899318504608,11,0.314285714285714,0.605219313261326,0.628099173553719,0.544255466851788,4.70014497727197,3.08702712263047,3.85706187157221,14.8769262811361,0.403735632183908,1.6888783803123,18.0177289548104,2.58702178219718,1.41421356237309,76,5.84615384615385,5.84615384615385,6.05799828132559,76,39.5979797464467,36.6705597335645,0.123208366234971,0.159465991238842,0.728915662650602,79.4380587484036,0.00134681236231982,6.6932802122726,0.704877500561924,0.457831325301205,0.373867429661421,0.282018682714379,29.7538525622722,8.69681372549019
"56-57",30.7748538011696,0.555555555555556,0.879281537176274,10.5513784461153,0.885017020013876,2.03782699732996,0.302069520948816,0.164723443011439,0.177904528292356,0.225663716814159,52,4.02198521508013,2.19944956659778,95.4611528822055,190.922305764411,0.823784958297651,77.2609577795989,0.842403783745338,0.905843286075248,3.13793319035496,0.339310828758731,19.6932494142625,78,57.0613704707484,4.7551142058957,9.64513200679863,3256,0.342857142857143,8.66666666666667,6.51914518196853,1.20992876516404,-2.9637007538402,12,0.342857142857143,0.82587591074133,0.945454545454545,0.956802821040259,6.62834499255118,5.28522605379797,5.53283420418186,30.6122543309648,0.597222222222222,17.3324378240458,19.5157205790001,1.98234240979742,1.4142135623731,104,8.66666666666667,8.66666666666667,8.78982125982087,104,57.0613704707484,52.9404814239421,0.157280409025503,0.348008213552361,0.948275862068966,111.111111111111,0.0258200054215234,9.64513200679863,0.977924613305301,0.896551724137931,0.917183098591549,0.426177461957965,61.2245086619295,11.0119825708061
"57-58",32.533088380546,0.576446280991736,0.929516810872743,12.0837185413457,0.984563207192522,2.26704056399191,0.410200032176757,0.249411132071706,0.258019902175746,0.306666666666667,55,4.29135971078558,2.65928662264445,111.331792501284,222.663585002568,0.830008191344229,92.1683057305177,0.935614011957651,0.946635164826771,3.41314162594023,0.344456798849259,23.2990715174518,87,61.2127437712116,4.7086725977855,10.3468421683692,3747,0.371428571428571,9.15384615384615,7.07259983986299,1.31327691075869,-2.91321155126855,13,0.371428571428571,0.903429305466357,0.959677419354839,0.960030745580323,7.921720834809,7.44905062509074,6.00291417075561,36.0349785414585,0.666838842975207,23.7984768974786,21.6746728703888,1.16608377046907,1.4142135623731,119,9.15384615384615,9.15384615384615,9.60043258038499,119,61.2127437712116,56.0913687003627,0.145940872829657,0.348898575844986,0.961240310077519,115.289256198347,0.166101924640824,10.3468421683692,0.979607843137255,0.922480620155039,0.923133776792313,0.415589813528188,72.0699570829171,12.3649122807018
"58-59",33.1138799816766,0.80137741046832,0.946110856619331,14.19166284929,0.99698712513633,2.2956476922459,0.478270769137358,0.311937683006753,0.314294264339152,0.330190612830498,55,5.73762309411084,1.64554932488014,141.2928080623,282.585616124599,1.17631457154786,117.919136595317,1.04196325148509,0.956385771360012,3.70406616502706,0.691857985617907,27.4402123097965,110,73.532305825399,4.90215372169326,12.4292282256669,5407,0.428571428571429,11,7.96636160192093,1.3310907734614,-3.84032143377314,15,0.428571428571429,1.05263373161221,0.877659574468085,0.818003025718608,9.34055501640368,8.77748802793052,6.74861837304229,45.5438499449639,0.777180899908173,7.17381323390283,26.6800311073842,0.557154633859436,1.4142135623731,165,11,11,10.8590578134255,165,73.532305825399,61.6337231718934,0.697108060512189,0.702026529927948,0.890995260663507,160.275482093664,0.380717136687823,12.4292282256669,0.899891819921777,0.781990521327014,0.692051708690644,0.72147591003574,91.0876998899278,14.4834307992203
"59-60",24.8537598996315,0.495625546806649,0.710107425703756,9.23139653414883,0.782315081856729,1.80134704550772,0.372007698122816,0.224429430186938,0.228507037590943,0.268159410821405,29,4.78121794167305,1.25392781630149,86.7202854230377,173.440570846075,0.685784353989336,75.5546429318467,0.884239756781339,0.818057608203682,2.94954865266181,0.235150090088285,17.3996745088382,62,43.4626276242015,3.3432790480155,7.346524931655,1889,0.314285714285714,7.30769230769231,6.52304548234992,1.04023426787307,-4.25876629281119,11,0.314285714285714,0.822789476877959,0.608974358974359,0.382388663967611,5.83179469094575,6.35394923416214,5.32568341479645,28.362903834638,0.42095363079615,1.55736964529185,19.4053356697371,2.40780938038499,1.41421356237309,95,7.30769230769231,7.30769230769231,8.69221737716255,95,43.4626276242015,36.0321215363176,0.25349546054541,0.265681334665651,0.71889400921659,99.1251093613298,0.00327815219524963,7.346524931655,0.553228876848733,0.43778801843318,0.236390939807283,0.439492253767569,56.725807669276,9.54992784992785
"60-61",25.2477738772821,0.437757780277465,0.721364967922345,9.37774458299048,0.573609020747554,1.32078358038023,0,0,0,0.0790839694656487,49,4.78100815510467,1.24870139419747,79.5155077325569,159.031015465114,0.773372416565861,53.5480645774891,0.655162456555794,0.781615747916105,2.81815565682165,0.29905244735246,15.8840026121518,79,54.6717477313466,4.20551905625743,9.24121204171834,2989,0.342857142857143,8.38461538461539,6.36167748011494,0.873975190778073,-4.05570711926211,12,0.342857142857143,0.647462788849908,0.784172661870504,0.798557306973016,5.10192948301026,2.66897309157881,4.82546202924673,23.285083795702,0.52474690663667,3.63330063362763,21.922555693368,2.92970575907249,1.41421356237309,109,8.38461538461539,8.38461538461539,7.31765430841667,109,54.6717477313466,50.127541055626,0.276380262788302,0.322279626156759,0.822485207100592,87.5515560554931,0.0001643594033831,9.24121204171834,0.887997623291741,0.644970414201183,0.664665332443851,0.36666150762191,46.5701675914039,10.2792027417027
"61-62",23.0606060606061,0.417582417582418,0.658874458874459,6.58874458874459,0.579698860497618,1.33480595460745,0.311220828137327,0.174844904121317,0.184287462400463,0.242105263157895,7,1.86916654004124,1.03243603311318,22.9307359307359,45.8614718614719,0.644168661725632,19.7846022617779,0.703534740523099,0.755566909874261,2.38931235985783,0.207476632374696,11.4176271059388,19,12.1243556529821,1.21243556529821,2.04939015319192,147,0.257142857142857,3.1,3.46478751964594,0.846478751964594,-2.86833624214193,9,0.257142857142857,0.702082690285325,0.72093023255814,0.636363636363636,3.83940041421939,4.42668409598237,2.71647807372763,7.379253125043,0.395604395604396,2.58326875161455,12.2785793363169,2.84671549347668,1.4142135623731,31,3.1,3.1,4.44798856358444,31,12.1243556529821,9.30247746845023,0.0207563264145579,0.22677231728905,0.781818181818182,83.5164835164835,0.00207003622563395,2.04939015319192,0.777777777777778,0.563636363636364,0.466666666666667,0.300399801580313,14.758506250086,7.22222222222222
"62-63",28.2836174242424,0.562611806797853,0.808103354978355,12.9296536796537,0.789940247906041,1.81890463918447,0.214669051878354,0.113810997517095,0.120240480961924,0.323076923076923,16,3.78852739508049,1.56040265750802,66.3744588744589,132.748917748918,0.989650726450791,56.9618523162866,0.869253324062804,0.856300735321553,3.42520294128621,0.489704280182289,23.4640303779914,46.5,27.5862284482674,1.72413927801672,4.66292366899321,761,0.457142857142857,4.8125,7.59488243613839,1.09968015225865,-3.04543030367204,16,0.457142857142857,0.861827727127861,0.875,0.884883720930233,7.90186797127714,6.73413893599531,4.6344835402111,21.4784376844876,0.512969588550984,6.99981545941062,23.2512188726607,2.04859583788441,1.4142135623731,77,4.8125,4.8125,7.54730762035619,77,27.5862284482674,21.3054377147367,0.396182640101414,0.517071063619982,0.888888888888889,112.522361359571,0.00493358633776086,4.66292366899321,0.938926588525602,0.777777777777778,0.793534932221064,0.43545691986915,42.9568753689752,13.7651821862348
"63-64",17.7896320011258,0.433668076109937,0.508275200032166,8.13240320051466,0.299859007719205,0.690450881174228,0.023784355179704,0.0119637431651124,0.0120353035571009,0.036144578313253,16,3.78600626951014,0.995529716964876,43.123552195998,86.247104391996,0.834672843751815,26.9081628020404,0.513648608275629,0.585888212400496,2.34355284960199,0.348339378048371,10.9844799177552,46,26.7207784317748,1.67004865198592,4.51663591625449,714,0.457142857142857,4.75,5.90032155070743,0.556270096919214,-4.29790995399148,16,0.457142857142857,0.55603734587367,0.608,0.520029133284778,3.41081016823799,1.54451652467783,3.47782996684423,12.0953012782797,0.436707188160677,1.55101344442943,23.3492719689868,3.17715813660186,1.4142135623731,76,4.75,4.75,5.18730785687918,76,26.7207784317748,20.579701625412,0.297280893840828,0.350108443136026,0.718390804597701,86.7336152219873,3.79316982934697e-07,4.51663591625449,0.684235745088644,0.436781609195402,0.351377952755906,0.306300699171223,24.1906025565595,10.0238068948595
"64-65",13.3838013838014,0.357954545454545,0.382394325251468,5.35352055352055,0.175099416366547,0.40318130591757,0.0129864204211244,0.00653360096562994,0.0065356475439271,0.0101476014760147,19,3.51370258834837,0.821557822108701,35.6629222629223,71.3258445258445,0.73562295364691,20.6496161761983,0.360032384930788,0.500996223612189,1.87455622082439,0.270570564966102,7.02792205006287,45.5,28.9482296522603,2.06773068944716,4.89314389149319,838,0.342857142857143,5.14285714285714,3.22342513785131,0.373101795560808,-4.49619416349859,12,0.342857142857143,0.439820163646667,0.529411764705882,0.449570815450644,2.19146488326324,0.900652236598962,3.11153941242025,9.68167751504455,0.350649350649351,1.12499595704578,19.0964782861772,3.51505748836268,1.4142135623731,72,5.14285714285714,5.14285714285714,4.54418487478209,72,28.9482296522603,23.0157422159425,0.222737516521006,0.270593666328132,0.68,71.5909090909091,1.94399953690194e-07,4.89314389149319,0.620281273131014,0.36,0.289965397923875,0.277915250553354,19.3633550300891,6.71108695652174
"65-66",18.6371534348005,0.456588669950739,0.532490098137157,7.98735147205735,0.270893822560193,0.623756077611275,0.0109089017089568,0.00546982271959684,0.00548436505413419,0.013102480112307,20,4.79334794003219,1.02897456349729,60.383983859278,120.767967718556,0.914516347785429,35.4049220477369,0.459976042586436,0.6167011822255,2.38847340834579,0.4181700751834,11.4096104447499,62,38.4967531098403,2.56645020732269,6.50713893680296,1482,0.371428571428571,6.93333333333333,4.95694840281525,0.53046322685435,-4.56744276267411,13,0.371428571428571,0.55705425160495,0.626506024096385,0.589733386390768,3.53197867331132,1.45322631256324,4.06738031247493,16.5435826063087,0.455972906403941,1.67741313217709,23.5107300681458,3.23171557298236,1.41421356237309,104,6.93333333333333,6.93333333333333,5.95020352994222,104,38.4967531098403,28.9654761578378,0.384084032955892,0.418575643255196,0.728070175438597,91.3177339901478,1.30390212871312e-06,6.50713893680296,0.741927409261577,0.456140350877193,0.418171557562077,0.338023341527056,33.0871652126174,9.52686680469289
"66-67",28.3013587312504,0.891253476974701,0.808610249464297,11.3205434925002,0.896565885167508,2.06441924207372,0.456896551724138,0.263044473339224,0.29608938547486,0.29608938547486,719,6.60137667496895,2.57480330738765,794.574937774284,1589.14987554857,1.32975490404081,689.404820190045,0.930520144003593,0.852878106040902,3.19117766548571,0.884124052410294,20.3672297853896,774,720.227047534317,51.4447891095941,121.740590718837,518727,0.4,59.2142857142857,8.88378812847398,1.20598486631957,-4.6424427518204,14,0.4,1.14468160884258,0.960602549246814,0.993246581165486,6.84938223687029,8.33177508073303,16.3122680550012,266.090089098213,0.831681310433132,24.3821449758223,31.0316167165568,2.40780938038499,1.4142135623731,829,59.2142857142857,59.2142857142857,26.256519574956,829,720.227047534317,719.023205385877,0.920771149898942,0.921389774576557,0.962095875139353,178.25069539494,0.00185009487666032,121.740590718837,0.996611849784002,0.924191750278707,0.986583767766427,0.955312343788174,532.180178196426,12.1026926047673
"67-68",29.8630794701987,0.651532454349356,0.853230842005677,11.9452317880795,0.964451418113304,2.22073145826466,0.302072836453307,0.165778070924644,0.17790682836025,0.179440937781785,691,4.65468566456404,2.16010146979794,700.885165562914,1401.77033112583,0.732275817498062,509.081130998853,0.806436181820268,0.891233063389912,3.33468877497003,0.268113936446227,22.2402984518223,734.5,691.695019499201,49.4067871070858,116.917797740855,478442,0.4,55.5714285714286,8.87982230746514,1.27713016481894,-5.25467595589728,14,0.4,0.836344329448426,0.931736526946108,0.952623866070931,7.47086990701221,5.29310553786526,14.7454166480777,217.427312125408,0.706751565906495,13.6490509699072,30.1277498328868,1.91856601026242,1.41421356237309,778,55.5714285714286,55.5714285714286,22.5628263078643,778,691.695019499201,691.009602342891,0.459181416606128,0.463296969321317,0.93609865470852,130.306490869871,0.0185009487666035,116.917797740855,0.975737194063699,0.87219730941704,0.909533676786495,0.688373948197322,434.854624250816,12.4947010112985
"68-69",24.9794823012653,0.625881316098707,0.713699494321867,13.5602903921155,0.654421406931262,1.50686097613612,0.0540540540540541,0.0274024748407253,0.0277777777777778,0.0821874000639592,66,5.35582890275184,1.39006875970085,143.65239780442,287.30479560884,1.13304694889438,98.9961981971063,0.710236461727701,0.778327720497642,3.39265187860559,0.641897694199432,23.0201735388121,129.5,78.0832888651599,4.10964678237684,13.1984847615171,6097,0.542857142857143,10.1578947368421,10.0185911869113,0.948346904574278,-4.58498687543599,19,0.542857142857143,0.792783339936011,0.790983606557377,0.822252191503709,7.52502364369572,3.69749917843943,6.52692226139426,42.6007142062839,0.631683313748531,3.78429591703882,35.9311710222338,2.05975173321986,1.41421356237309,193,10.1578947368421,10.1578947368421,9.94968332144829,193,78.0832888651599,68.2520204064954,0.631341611429061,0.643542717286892,0.827118644067797,125.176263219741,0.00135964275926548,13.1984847615171,0.902457075192422,0.654237288135593,0.6981564181839,0.482711055961604,85.2014284125679,14.9518543687712
"69-70",22.374918501496,0.520750988142292,0.639283385757028,12.1463843293835,0.501893153075704,1.1556516925479,0.0991735537190082,0.0508812264626772,0.0521739130434782,0.0773047920214058,60,4.35548541452355,1.15355499651661,106.004661015039,212.009322030078,0.931058229628562,69.2599479000333,0.589673359869238,0.696568976933673,3.03627377765939,0.433434713479536,18.4379169058041,113.5,67.8601503092942,3.5715868583839,11.4704589520833,4605,0.542857142857143,8.78947368421053,9.09603411434406,0.794528111281266,-4.76958254324451,19,0.542857142857143,0.648145100699034,0.707627118644068,0.713953488372093,5.86800344317078,2.64396243629028,5.50266319655716,30.2793022547447,0.527376033057851,2.42028213823086,35.4144398690909,2.37907460100472,1.41421356237309,167,8.78947368421053,8.78947368421053,8.32225617846707,167,67.8601503092942,61.0744410551242,0.43703423830925,0.458755716376794,0.773770491803279,104.150197628458,0.00011592444247088,11.4704589520833,0.833107191316147,0.547540983606557,0.555153707052441,0.374805253476647,60.5586045094894,14.1201720901691
