"amap_28_A","ChemoSpecUtils_28_A"
0.0795893102984825,0.0795893102984825
0.0136038402943495,0.0136038402943495
0.0427642594451491,0.0427642594451491
0.497215956516093,0.497215956516093
0.146285656703422,0.146285656703422
0.0556135282182785,0.0556135282182785
0.113161302010042,0.113161302010042
0.387030085854787,0.387030085854787
0.461188312791154,0.461188312791154
0.28563388284204,0.28563388284204
0.27368551397099,0.27368551397099
0.115196566126169,0.115196566126169
0.304743470636848,0.304743470636848
0.555898167404086,0.555898167404086
0.479299794063765,0.479299794063765
0.0272188877043336,0.0272188877043336
0.336526629497467,0.336526629497467
0.154000173956516,0.154000173956516
0.320363866617969,0.320363866617969
0.300048732523091,0.300048732523091
0.136425518317977,0.136425518317977
0.553502110612064,0.553502110612064
0.388817193833375,0.388817193833375
0.111350220227285,0.111350220227285
0.165155690967281,0.165155690967281
0.231544965618219,0.231544965618219
0.46805831963057,0.46805831963057
0.251706094949219,0.251706094949219
0.270475629457416,0.270475629457416
0.172008309698953,0.172008309698953
0.469302086929291,0.469302086929291
0.390635602228695,0.390635602228695
0.482975696015641,0.482975696015641
0.198270740737432,0.198270740737432
0.295501398602915,0.295501398602915
0.123568769926422,0.123568769926422
0.673727169606679,0.673727169606679
0.0888478161218029,0.0888478161218029
0.105973321613479,0.105973321613479
0.0317962280486547,0.0317962280486547
0.0132275438612955,0.0132275438612955
0.104294654157339,0.104294654157339
0.239406398966492,0.239406398966492
0.514274655417035,0.514274655417035
0.209572154586906,0.209572154586906
0.241310262676799,0.241310262676799
0.480790976517342,0.480790976517342
0.500952645221731,0.500952645221731
0.444458859648045,0.444458859648045
0.177256617272278,0.177256617272278
0.0345667648301523,0.0345667648301523
0.0642053169247082,0.0642053169247082
0.0605775737375083,0.0605775737375083
0.0779063735007866,0.0779063735007866
0.139213095822364,0.139213095822364
0.339310828758731,0.339310828758731
0.344456798849259,0.344456798849259
0.691857985617907,0.691857985617907
0.235150090088285,0.235150090088285
0.29905244735246,0.29905244735246
0.207476632374696,0.207476632374696
0.489704280182289,0.489704280182289
0.348339378048371,0.348339378048371
0.270570564966102,0.270570564966102
0.4181700751834,0.4181700751834
0.884124052410294,0.884124052410294
0.268113936446227,0.268113936446227
0.641897694199432,0.641897694199432
0.433434713479536,0.433434713479536
