Year;Article;Query;Query Groupk;;;;
2027;1;"(ALL(""biodiversity"") OR (ALL(""biological"") AND ALL(""diversity"")))";Group Biodiversity;;;;
2026;57110;"(ALL(""biodiversity"") OR (ALL(""biological"") AND ALL(""diversity"")))";Group Biodiversity;;;;
2025;274604;"(ALL(""biodiversity"") OR (ALL(""biological"") AND ALL(""diversity"")))";Group Biodiversity;;;;
2024;241852;"(ALL(""biodiversity"") OR (ALL(""biological"") AND ALL(""diversity"")))";Group Biodiversity;;;;
2023;220110;"(ALL(""biodiversity"") OR (ALL(""biological"") AND ALL(""diversity"")))";Group Biodiversity;;;;
2022;214081;"(ALL(""biodiversity"") OR (ALL(""biological"") AND ALL(""diversity"")))";Group Biodiversity;;;;
2021;205904;"(ALL(""biodiversity"") OR (ALL(""biological"") AND ALL(""diversity"")))";Group Biodiversity;;;;
2020;178883;"(ALL(""biodiversity"") OR (ALL(""biological"") AND ALL(""diversity"")))";Group Biodiversity;;;;
2019;150070;"(ALL(""biodiversity"") OR (ALL(""biological"") AND ALL(""diversity"")))";Group Biodiversity;;;;
2018;136595;"(ALL(""biodiversity"") OR (ALL(""biological"") AND ALL(""diversity"")))";Group Biodiversity;;;;
2017;126594;"(ALL(""biodiversity"") OR (ALL(""biological"") AND ALL(""diversity"")))";Group Biodiversity;;;;
2016;116589;"(ALL(""biodiversity"") OR (ALL(""biological"") AND ALL(""diversity"")))";Group Biodiversity;;;;
2015;109810;"(ALL(""biodiversity"") OR (ALL(""biological"") AND ALL(""diversity"")))";Group Biodiversity;;;;
2014;102787;"(ALL(""biodiversity"") OR (ALL(""biological"") AND ALL(""diversity"")))";Group Biodiversity;;;;
2013;95766;"(ALL(""biodiversity"") OR (ALL(""biological"") AND ALL(""diversity"")))";Group Biodiversity;;;;
2012;86796;"(ALL(""biodiversity"") OR (ALL(""biological"") AND ALL(""diversity"")))";Group Biodiversity;;;;
2011;77276;"(ALL(""biodiversity"") OR (ALL(""biological"") AND ALL(""diversity"")))";Group Biodiversity;;;;
2010;68056;"(ALL(""biodiversity"") OR (ALL(""biological"") AND ALL(""diversity"")))";Group Biodiversity;;;;
2009;61045;"(ALL(""biodiversity"") OR (ALL(""biological"") AND ALL(""diversity"")))";Group Biodiversity;;;;
2008;53768;"(ALL(""biodiversity"") OR (ALL(""biological"") AND ALL(""diversity"")))";Group Biodiversity;;;;
2007;48767;"(ALL(""biodiversity"") OR (ALL(""biological"") AND ALL(""diversity"")))";Group Biodiversity;;;;
2006;45446;"(ALL(""biodiversity"") OR (ALL(""biological"") AND ALL(""diversity"")))";Group Biodiversity;;;;
2005;39651;"(ALL(""biodiversity"") OR (ALL(""biological"") AND ALL(""diversity"")))";Group Biodiversity;;;;
2004;33989;"(ALL(""biodiversity"") OR (ALL(""biological"") AND ALL(""diversity"")))";Group Biodiversity;;;;
2003;28530;"(ALL(""biodiversity"") OR (ALL(""biological"") AND ALL(""diversity"")))";Group Biodiversity;;;;
2002;25456;"(ALL(""biodiversity"") OR (ALL(""biological"") AND ALL(""diversity"")))";Group Biodiversity;;;;
2001;22572;"(ALL(""biodiversity"") OR (ALL(""biological"") AND ALL(""diversity"")))";Group Biodiversity;;;;
2000;19422;"(ALL(""biodiversity"") OR (ALL(""biological"") AND ALL(""diversity"")))";Group Biodiversity;;;;
1999;17275;"(ALL(""biodiversity"") OR (ALL(""biological"") AND ALL(""diversity"")))";Group Biodiversity;;;;
1998;15480;"(ALL(""biodiversity"") OR (ALL(""biological"") AND ALL(""diversity"")))";Group Biodiversity;;;;
1997;13626;"(ALL(""biodiversity"") OR (ALL(""biological"") AND ALL(""diversity"")))";Group Biodiversity;;;;
1996;12288;"(ALL(""biodiversity"") OR (ALL(""biological"") AND ALL(""diversity"")))";Group Biodiversity;;;;
1995;8230;"(ALL(""biodiversity"") OR (ALL(""biological"") AND ALL(""diversity"")))";Group Biodiversity;;;;
1994;7157;"(ALL(""biodiversity"") OR (ALL(""biological"") AND ALL(""diversity"")))";Group Biodiversity;;;;
1993;6002;"(ALL(""biodiversity"") OR (ALL(""biological"") AND ALL(""diversity"")))";Group Biodiversity;;;;
1992;4918;"(ALL(""biodiversity"") OR (ALL(""biological"") AND ALL(""diversity"")))";Group Biodiversity;;;;
1991;4004;"(ALL(""biodiversity"") OR (ALL(""biological"") AND ALL(""diversity"")))";Group Biodiversity;;;;
1990;3369;"(ALL(""biodiversity"") OR (ALL(""biological"") AND ALL(""diversity"")))";Group Biodiversity;;;;
1989;2495;"(ALL(""biodiversity"") OR (ALL(""biological"") AND ALL(""diversity"")))";Group Biodiversity;;;;
1988;2187;"(ALL(""biodiversity"") OR (ALL(""biological"") AND ALL(""diversity"")))";Group Biodiversity;;;;
1987;1987;"(ALL(""biodiversity"") OR (ALL(""biological"") AND ALL(""diversity"")))";Group Biodiversity;;;;
1986;1783;"(ALL(""biodiversity"") OR (ALL(""biological"") AND ALL(""diversity"")))";Group Biodiversity;;;;
1985;1599;"(ALL(""biodiversity"") OR (ALL(""biological"") AND ALL(""diversity"")))";Group Biodiversity;;;;
1984;1410;"(ALL(""biodiversity"") OR (ALL(""biological"") AND ALL(""diversity"")))";Group Biodiversity;;;;
1983;1233;"(ALL(""biodiversity"") OR (ALL(""biological"") AND ALL(""diversity"")))";Group Biodiversity;;;;
1982;1103;"(ALL(""biodiversity"") OR (ALL(""biological"") AND ALL(""diversity"")))";Group Biodiversity;;;;
1981;1042;"(ALL(""biodiversity"") OR (ALL(""biological"") AND ALL(""diversity"")))";Group Biodiversity;;;;
1980;897;"(ALL(""biodiversity"") OR (ALL(""biological"") AND ALL(""diversity"")))";Group Biodiversity;;;;
1979;872;"(ALL(""biodiversity"") OR (ALL(""biological"") AND ALL(""diversity"")))";Group Biodiversity;;;;
1978;647;"(ALL(""biodiversity"") OR (ALL(""biological"") AND ALL(""diversity"")))";Group Biodiversity;;;;
1977;597;"(ALL(""biodiversity"") OR (ALL(""biological"") AND ALL(""diversity"")))";Group Biodiversity;;;;
1976;495;"(ALL(""biodiversity"") OR (ALL(""biological"") AND ALL(""diversity"")))";Group Biodiversity;;;;
1975;385;"(ALL(""biodiversity"") OR (ALL(""biological"") AND ALL(""diversity"")))";Group Biodiversity;;;;
1974;355;"(ALL(""biodiversity"") OR (ALL(""biological"") AND ALL(""diversity"")))";Group Biodiversity;;;;
1973;292;"(ALL(""biodiversity"") OR (ALL(""biological"") AND ALL(""diversity"")))";Group Biodiversity;;;;
1972;254;"(ALL(""biodiversity"") OR (ALL(""biological"") AND ALL(""diversity"")))";Group Biodiversity;;;;
1971;189;"(ALL(""biodiversity"") OR (ALL(""biological"") AND ALL(""diversity"")))";Group Biodiversity;;;;
1970;170;"(ALL(""biodiversity"") OR (ALL(""biological"") AND ALL(""diversity"")))";Group Biodiversity;;;;
1969;22;"(ALL(""biodiversity"") OR (ALL(""biological"") AND ALL(""diversity"")))";Group Biodiversity;;;;
1968;15;"(ALL(""biodiversity"") OR (ALL(""biological"") AND ALL(""diversity"")))";Group Biodiversity;;;;
1967;10;"(ALL(""biodiversity"") OR (ALL(""biological"") AND ALL(""diversity"")))";Group Biodiversity;;;;
1966;8;"(ALL(""biodiversity"") OR (ALL(""biological"") AND ALL(""diversity"")))";Group Biodiversity;;;;
1965;6;"(ALL(""biodiversity"") OR (ALL(""biological"") AND ALL(""diversity"")))";Group Biodiversity;;;;
1964;5;"(ALL(""biodiversity"") OR (ALL(""biological"") AND ALL(""diversity"")))";Group Biodiversity;;;;
1963;3;"(ALL(""biodiversity"") OR (ALL(""biological"") AND ALL(""diversity"")))";Group Biodiversity;;;;
1962;3;"(ALL(""biodiversity"") OR (ALL(""biological"") AND ALL(""diversity"")))";Group Biodiversity;;;;
1961;1;"(ALL(""biodiversity"") OR (ALL(""biological"") AND ALL(""diversity"")))";Group Biodiversity;;;;
1960;1;"(ALL(""biodiversity"") OR (ALL(""biological"") AND ALL(""diversity"")))";Group Biodiversity;;;;
1959;1;"(ALL(""biodiversity"") OR (ALL(""biological"") AND ALL(""diversity"")))";Group Biodiversity;;;;
1957;1;"(ALL(""biodiversity"") OR (ALL(""biological"") AND ALL(""diversity"")))";Group Biodiversity;;;;
1956;1;"(ALL(""biodiversity"") OR (ALL(""biological"") AND ALL(""diversity"")))";Group Biodiversity;;;;
1955;1;"(ALL(""biodiversity"") OR (ALL(""biological"") AND ALL(""diversity"")))";Group Biodiversity;;;;
1954;1;"(ALL(""biodiversity"") OR (ALL(""biological"") AND ALL(""diversity"")))";Group Biodiversity;;;;
1953;2;"(ALL(""biodiversity"") OR (ALL(""biological"") AND ALL(""diversity"")))";Group Biodiversity;;;;
1952;1;"(ALL(""biodiversity"") OR (ALL(""biological"") AND ALL(""diversity"")))";Group Biodiversity;;;;
1951;1;"(ALL(""biodiversity"") OR (ALL(""biological"") AND ALL(""diversity"")))";Group Biodiversity;;;;
1950;1;"(ALL(""biodiversity"") OR (ALL(""biological"") AND ALL(""diversity"")))";Group Biodiversity;;;;
1946;2;"(ALL(""biodiversity"") OR (ALL(""biological"") AND ALL(""diversity"")))";Group Biodiversity;;;;
1945;1;"(ALL(""biodiversity"") OR (ALL(""biological"") AND ALL(""diversity"")))";Group Biodiversity;;;;
1944;1;"(ALL(""biodiversity"") OR (ALL(""biological"") AND ALL(""diversity"")))";Group Biodiversity;;;;
1942;1;"(ALL(""biodiversity"") OR (ALL(""biological"") AND ALL(""diversity"")))";Group Biodiversity;;;;
1936;1;"(ALL(""biodiversity"") OR (ALL(""biological"") AND ALL(""diversity"")))";Group Biodiversity;;;;
1935;2;"(ALL(""biodiversity"") OR (ALL(""biological"") AND ALL(""diversity"")))";Group Biodiversity;;;;
1934;1;"(ALL(""biodiversity"") OR (ALL(""biological"") AND ALL(""diversity"")))";Group Biodiversity;;;;
1932;1;"(ALL(""biodiversity"") OR (ALL(""biological"") AND ALL(""diversity"")))";Group Biodiversity;;;;
1931;1;"(ALL(""biodiversity"") OR (ALL(""biological"") AND ALL(""diversity"")))";Group Biodiversity;;;;
1929;1;"(ALL(""biodiversity"") OR (ALL(""biological"") AND ALL(""diversity"")))";Group Biodiversity;;;;
1921;1;"(ALL(""biodiversity"") OR (ALL(""biological"") AND ALL(""diversity"")))";Group Biodiversity;;;;
1905;5;"(ALL(""biodiversity"") OR (ALL(""biological"") AND ALL(""diversity"")))";Group Biodiversity;;;;
2026;18806;"((ALL(""biodiversity"") OR (ALL(""biological"") AND ALL(""diversity""))) AND (ALL(""marine"") OR ALL(""ocean"") OR ALL(""sea"")))";Group Biodiversity AND Group Marine;;;;
2025;87691;"((ALL(""biodiversity"") OR (ALL(""biological"") AND ALL(""diversity""))) AND (ALL(""marine"") OR ALL(""ocean"") OR ALL(""sea"")))";Group Biodiversity AND Group Marine;;;;
2024;78497;"((ALL(""biodiversity"") OR (ALL(""biological"") AND ALL(""diversity""))) AND (ALL(""marine"") OR ALL(""ocean"") OR ALL(""sea"")))";Group Biodiversity AND Group Marine;;;;
2023;70361;"((ALL(""biodiversity"") OR (ALL(""biological"") AND ALL(""diversity""))) AND (ALL(""marine"") OR ALL(""ocean"") OR ALL(""sea"")))";Group Biodiversity AND Group Marine;;;;
2022;68522;"((ALL(""biodiversity"") OR (ALL(""biological"") AND ALL(""diversity""))) AND (ALL(""marine"") OR ALL(""ocean"") OR ALL(""sea"")))";Group Biodiversity AND Group Marine;;;;
2021;65987;"((ALL(""biodiversity"") OR (ALL(""biological"") AND ALL(""diversity""))) AND (ALL(""marine"") OR ALL(""ocean"") OR ALL(""sea"")))";Group Biodiversity AND Group Marine;;;;
2020;56153;"((ALL(""biodiversity"") OR (ALL(""biological"") AND ALL(""diversity""))) AND (ALL(""marine"") OR ALL(""ocean"") OR ALL(""sea"")))";Group Biodiversity AND Group Marine;;;;
2019;47570;"((ALL(""biodiversity"") OR (ALL(""biological"") AND ALL(""diversity""))) AND (ALL(""marine"") OR ALL(""ocean"") OR ALL(""sea"")))";Group Biodiversity AND Group Marine;;;;
2018;43120;"((ALL(""biodiversity"") OR (ALL(""biological"") AND ALL(""diversity""))) AND (ALL(""marine"") OR ALL(""ocean"") OR ALL(""sea"")))";Group Biodiversity AND Group Marine;;;;
2017;39286;"((ALL(""biodiversity"") OR (ALL(""biological"") AND ALL(""diversity""))) AND (ALL(""marine"") OR ALL(""ocean"") OR ALL(""sea"")))";Group Biodiversity AND Group Marine;;;;
2016;36297;"((ALL(""biodiversity"") OR (ALL(""biological"") AND ALL(""diversity""))) AND (ALL(""marine"") OR ALL(""ocean"") OR ALL(""sea"")))";Group Biodiversity AND Group Marine;;;;
2015;33458;"((ALL(""biodiversity"") OR (ALL(""biological"") AND ALL(""diversity""))) AND (ALL(""marine"") OR ALL(""ocean"") OR ALL(""sea"")))";Group Biodiversity AND Group Marine;;;;
2014;30724;"((ALL(""biodiversity"") OR (ALL(""biological"") AND ALL(""diversity""))) AND (ALL(""marine"") OR ALL(""ocean"") OR ALL(""sea"")))";Group Biodiversity AND Group Marine;;;;
2013;28739;"((ALL(""biodiversity"") OR (ALL(""biological"") AND ALL(""diversity""))) AND (ALL(""marine"") OR ALL(""ocean"") OR ALL(""sea"")))";Group Biodiversity AND Group Marine;;;;
2012;25154;"((ALL(""biodiversity"") OR (ALL(""biological"") AND ALL(""diversity""))) AND (ALL(""marine"") OR ALL(""ocean"") OR ALL(""sea"")))";Group Biodiversity AND Group Marine;;;;
2011;22216;"((ALL(""biodiversity"") OR (ALL(""biological"") AND ALL(""diversity""))) AND (ALL(""marine"") OR ALL(""ocean"") OR ALL(""sea"")))";Group Biodiversity AND Group Marine;;;;
2010;19181;"((ALL(""biodiversity"") OR (ALL(""biological"") AND ALL(""diversity""))) AND (ALL(""marine"") OR ALL(""ocean"") OR ALL(""sea"")))";Group Biodiversity AND Group Marine;;;;
2009;17135;"((ALL(""biodiversity"") OR (ALL(""biological"") AND ALL(""diversity""))) AND (ALL(""marine"") OR ALL(""ocean"") OR ALL(""sea"")))";Group Biodiversity AND Group Marine;;;;
2008;14711;"((ALL(""biodiversity"") OR (ALL(""biological"") AND ALL(""diversity""))) AND (ALL(""marine"") OR ALL(""ocean"") OR ALL(""sea"")))";Group Biodiversity AND Group Marine;;;;
2007;13274;"((ALL(""biodiversity"") OR (ALL(""biological"") AND ALL(""diversity""))) AND (ALL(""marine"") OR ALL(""ocean"") OR ALL(""sea"")))";Group Biodiversity AND Group Marine;;;;
2006;11926;"((ALL(""biodiversity"") OR (ALL(""biological"") AND ALL(""diversity""))) AND (ALL(""marine"") OR ALL(""ocean"") OR ALL(""sea"")))";Group Biodiversity AND Group Marine;;;;
2005;10194;"((ALL(""biodiversity"") OR (ALL(""biological"") AND ALL(""diversity""))) AND (ALL(""marine"") OR ALL(""ocean"") OR ALL(""sea"")))";Group Biodiversity AND Group Marine;;;;
2004;8206;"((ALL(""biodiversity"") OR (ALL(""biological"") AND ALL(""diversity""))) AND (ALL(""marine"") OR ALL(""ocean"") OR ALL(""sea"")))";Group Biodiversity AND Group Marine;;;;
2003;6638;"((ALL(""biodiversity"") OR (ALL(""biological"") AND ALL(""diversity""))) AND (ALL(""marine"") OR ALL(""ocean"") OR ALL(""sea"")))";Group Biodiversity AND Group Marine;;;;
2002;5908;"((ALL(""biodiversity"") OR (ALL(""biological"") AND ALL(""diversity""))) AND (ALL(""marine"") OR ALL(""ocean"") OR ALL(""sea"")))";Group Biodiversity AND Group Marine;;;;
2001;4922;"((ALL(""biodiversity"") OR (ALL(""biological"") AND ALL(""diversity""))) AND (ALL(""marine"") OR ALL(""ocean"") OR ALL(""sea"")))";Group Biodiversity AND Group Marine;;;;
2000;4227;"((ALL(""biodiversity"") OR (ALL(""biological"") AND ALL(""diversity""))) AND (ALL(""marine"") OR ALL(""ocean"") OR ALL(""sea"")))";Group Biodiversity AND Group Marine;;;;
1999;3729;"((ALL(""biodiversity"") OR (ALL(""biological"") AND ALL(""diversity""))) AND (ALL(""marine"") OR ALL(""ocean"") OR ALL(""sea"")))";Group Biodiversity AND Group Marine;;;;
1998;3069;"((ALL(""biodiversity"") OR (ALL(""biological"") AND ALL(""diversity""))) AND (ALL(""marine"") OR ALL(""ocean"") OR ALL(""sea"")))";Group Biodiversity AND Group Marine;;;;
1997;2493;"((ALL(""biodiversity"") OR (ALL(""biological"") AND ALL(""diversity""))) AND (ALL(""marine"") OR ALL(""ocean"") OR ALL(""sea"")))";Group Biodiversity AND Group Marine;;;;
1996;2282;"((ALL(""biodiversity"") OR (ALL(""biological"") AND ALL(""diversity""))) AND (ALL(""marine"") OR ALL(""ocean"") OR ALL(""sea"")))";Group Biodiversity AND Group Marine;;;;
1995;1230;"((ALL(""biodiversity"") OR (ALL(""biological"") AND ALL(""diversity""))) AND (ALL(""marine"") OR ALL(""ocean"") OR ALL(""sea"")))";Group Biodiversity AND Group Marine;;;;
1994;1067;"((ALL(""biodiversity"") OR (ALL(""biological"") AND ALL(""diversity""))) AND (ALL(""marine"") OR ALL(""ocean"") OR ALL(""sea"")))";Group Biodiversity AND Group Marine;;;;
1993;900;"((ALL(""biodiversity"") OR (ALL(""biological"") AND ALL(""diversity""))) AND (ALL(""marine"") OR ALL(""ocean"") OR ALL(""sea"")))";Group Biodiversity AND Group Marine;;;;
1992;772;"((ALL(""biodiversity"") OR (ALL(""biological"") AND ALL(""diversity""))) AND (ALL(""marine"") OR ALL(""ocean"") OR ALL(""sea"")))";Group Biodiversity AND Group Marine;;;;
1991;716;"((ALL(""biodiversity"") OR (ALL(""biological"") AND ALL(""diversity""))) AND (ALL(""marine"") OR ALL(""ocean"") OR ALL(""sea"")))";Group Biodiversity AND Group Marine;;;;
1990;636;"((ALL(""biodiversity"") OR (ALL(""biological"") AND ALL(""diversity""))) AND (ALL(""marine"") OR ALL(""ocean"") OR ALL(""sea"")))";Group Biodiversity AND Group Marine;;;;
1989;550;"((ALL(""biodiversity"") OR (ALL(""biological"") AND ALL(""diversity""))) AND (ALL(""marine"") OR ALL(""ocean"") OR ALL(""sea"")))";Group Biodiversity AND Group Marine;;;;
1988;462;"((ALL(""biodiversity"") OR (ALL(""biological"") AND ALL(""diversity""))) AND (ALL(""marine"") OR ALL(""ocean"") OR ALL(""sea"")))";Group Biodiversity AND Group Marine;;;;
1987;425;"((ALL(""biodiversity"") OR (ALL(""biological"") AND ALL(""diversity""))) AND (ALL(""marine"") OR ALL(""ocean"") OR ALL(""sea"")))";Group Biodiversity AND Group Marine;;;;
1986;398;"((ALL(""biodiversity"") OR (ALL(""biological"") AND ALL(""diversity""))) AND (ALL(""marine"") OR ALL(""ocean"") OR ALL(""sea"")))";Group Biodiversity AND Group Marine;;;;
1985;358;"((ALL(""biodiversity"") OR (ALL(""biological"") AND ALL(""diversity""))) AND (ALL(""marine"") OR ALL(""ocean"") OR ALL(""sea"")))";Group Biodiversity AND Group Marine;;;;
1984;368;"((ALL(""biodiversity"") OR (ALL(""biological"") AND ALL(""diversity""))) AND (ALL(""marine"") OR ALL(""ocean"") OR ALL(""sea"")))";Group Biodiversity AND Group Marine;;;;
1983;301;"((ALL(""biodiversity"") OR (ALL(""biological"") AND ALL(""diversity""))) AND (ALL(""marine"") OR ALL(""ocean"") OR ALL(""sea"")))";Group Biodiversity AND Group Marine;;;;
1982;311;"((ALL(""biodiversity"") OR (ALL(""biological"") AND ALL(""diversity""))) AND (ALL(""marine"") OR ALL(""ocean"") OR ALL(""sea"")))";Group Biodiversity AND Group Marine;;;;
1981;293;"((ALL(""biodiversity"") OR (ALL(""biological"") AND ALL(""diversity""))) AND (ALL(""marine"") OR ALL(""ocean"") OR ALL(""sea"")))";Group Biodiversity AND Group Marine;;;;
1980;251;"((ALL(""biodiversity"") OR (ALL(""biological"") AND ALL(""diversity""))) AND (ALL(""marine"") OR ALL(""ocean"") OR ALL(""sea"")))";Group Biodiversity AND Group Marine;;;;
1979;251;"((ALL(""biodiversity"") OR (ALL(""biological"") AND ALL(""diversity""))) AND (ALL(""marine"") OR ALL(""ocean"") OR ALL(""sea"")))";Group Biodiversity AND Group Marine;;;;
1978;179;"((ALL(""biodiversity"") OR (ALL(""biological"") AND ALL(""diversity""))) AND (ALL(""marine"") OR ALL(""ocean"") OR ALL(""sea"")))";Group Biodiversity AND Group Marine;;;;
1977;202;"((ALL(""biodiversity"") OR (ALL(""biological"") AND ALL(""diversity""))) AND (ALL(""marine"") OR ALL(""ocean"") OR ALL(""sea"")))";Group Biodiversity AND Group Marine;;;;
1976;137;"((ALL(""biodiversity"") OR (ALL(""biological"") AND ALL(""diversity""))) AND (ALL(""marine"") OR ALL(""ocean"") OR ALL(""sea"")))";Group Biodiversity AND Group Marine;;;;
1975;118;"((ALL(""biodiversity"") OR (ALL(""biological"") AND ALL(""diversity""))) AND (ALL(""marine"") OR ALL(""ocean"") OR ALL(""sea"")))";Group Biodiversity AND Group Marine;;;;
1974;104;"((ALL(""biodiversity"") OR (ALL(""biological"") AND ALL(""diversity""))) AND (ALL(""marine"") OR ALL(""ocean"") OR ALL(""sea"")))";Group Biodiversity AND Group Marine;;;;
1973;89;"((ALL(""biodiversity"") OR (ALL(""biological"") AND ALL(""diversity""))) AND (ALL(""marine"") OR ALL(""ocean"") OR ALL(""sea"")))";Group Biodiversity AND Group Marine;;;;
1972;70;"((ALL(""biodiversity"") OR (ALL(""biological"") AND ALL(""diversity""))) AND (ALL(""marine"") OR ALL(""ocean"") OR ALL(""sea"")))";Group Biodiversity AND Group Marine;;;;
1971;46;"((ALL(""biodiversity"") OR (ALL(""biological"") AND ALL(""diversity""))) AND (ALL(""marine"") OR ALL(""ocean"") OR ALL(""sea"")))";Group Biodiversity AND Group Marine;;;;
1970;47;"((ALL(""biodiversity"") OR (ALL(""biological"") AND ALL(""diversity""))) AND (ALL(""marine"") OR ALL(""ocean"") OR ALL(""sea"")))";Group Biodiversity AND Group Marine;;;;
1969;2;"((ALL(""biodiversity"") OR (ALL(""biological"") AND ALL(""diversity""))) AND (ALL(""marine"") OR ALL(""ocean"") OR ALL(""sea"")))";Group Biodiversity AND Group Marine;;;;
1968;3;"((ALL(""biodiversity"") OR (ALL(""biological"") AND ALL(""diversity""))) AND (ALL(""marine"") OR ALL(""ocean"") OR ALL(""sea"")))";Group Biodiversity AND Group Marine;;;;
1967;2;"((ALL(""biodiversity"") OR (ALL(""biological"") AND ALL(""diversity""))) AND (ALL(""marine"") OR ALL(""ocean"") OR ALL(""sea"")))";Group Biodiversity AND Group Marine;;;;
1965;1;"((ALL(""biodiversity"") OR (ALL(""biological"") AND ALL(""diversity""))) AND (ALL(""marine"") OR ALL(""ocean"") OR ALL(""sea"")))";Group Biodiversity AND Group Marine;;;;
1964;3;"((ALL(""biodiversity"") OR (ALL(""biological"") AND ALL(""diversity""))) AND (ALL(""marine"") OR ALL(""ocean"") OR ALL(""sea"")))";Group Biodiversity AND Group Marine;;;;
1944;1;"((ALL(""biodiversity"") OR (ALL(""biological"") AND ALL(""diversity""))) AND (ALL(""marine"") OR ALL(""ocean"") OR ALL(""sea"")))";Group Biodiversity AND Group Marine;;;;
1935;1;"((ALL(""biodiversity"") OR (ALL(""biological"") AND ALL(""diversity""))) AND (ALL(""marine"") OR ALL(""ocean"") OR ALL(""sea"")))";Group Biodiversity AND Group Marine;;;;
1905;2;"((ALL(""biodiversity"") OR (ALL(""biological"") AND ALL(""diversity""))) AND (ALL(""marine"") OR ALL(""ocean"") OR ALL(""sea"")))";Group Biodiversity AND Group Marine;;;;
2026;4507;"((ALL(""biodiversity"") OR (ALL(""biological"") AND ALL(""diversity""))) AND (ALL(""marine"") OR ALL(""ocean"") OR ALL(""sea"")) AND ALL(""policy"") OR ALL(""policies""))";Group Biodiversity AND Group Marine AND Group policy;;;;
2025;21403;"((ALL(""biodiversity"") OR (ALL(""biological"") AND ALL(""diversity""))) AND (ALL(""marine"") OR ALL(""ocean"") OR ALL(""sea"")) AND ALL(""policy"") OR ALL(""policies""))";Group Biodiversity AND Group Marine AND Group policy;;;;
2024;18345;"((ALL(""biodiversity"") OR (ALL(""biological"") AND ALL(""diversity""))) AND (ALL(""marine"") OR ALL(""ocean"") OR ALL(""sea"")) AND ALL(""policy"") OR ALL(""policies""))";Group Biodiversity AND Group Marine AND Group policy;;;;
2023;15970;"((ALL(""biodiversity"") OR (ALL(""biological"") AND ALL(""diversity""))) AND (ALL(""marine"") OR ALL(""ocean"") OR ALL(""sea"")) AND ALL(""policy"") OR ALL(""policies""))";Group Biodiversity AND Group Marine AND Group policy;;;;
2022;14947;"((ALL(""biodiversity"") OR (ALL(""biological"") AND ALL(""diversity""))) AND (ALL(""marine"") OR ALL(""ocean"") OR ALL(""sea"")) AND ALL(""policy"") OR ALL(""policies""))";Group Biodiversity AND Group Marine AND Group policy;;;;
2021;13991;"((ALL(""biodiversity"") OR (ALL(""biological"") AND ALL(""diversity""))) AND (ALL(""marine"") OR ALL(""ocean"") OR ALL(""sea"")) AND ALL(""policy"") OR ALL(""policies""))";Group Biodiversity AND Group Marine AND Group policy;;;;
2020;10925;"((ALL(""biodiversity"") OR (ALL(""biological"") AND ALL(""diversity""))) AND (ALL(""marine"") OR ALL(""ocean"") OR ALL(""sea"")) AND ALL(""policy"") OR ALL(""policies""))";Group Biodiversity AND Group Marine AND Group policy;;;;
2019;8936;"((ALL(""biodiversity"") OR (ALL(""biological"") AND ALL(""diversity""))) AND (ALL(""marine"") OR ALL(""ocean"") OR ALL(""sea"")) AND ALL(""policy"") OR ALL(""policies""))";Group Biodiversity AND Group Marine AND Group policy;;;;
2018;7799;"((ALL(""biodiversity"") OR (ALL(""biological"") AND ALL(""diversity""))) AND (ALL(""marine"") OR ALL(""ocean"") OR ALL(""sea"")) AND ALL(""policy"") OR ALL(""policies""))";Group Biodiversity AND Group Marine AND Group policy;;;;
2017;6884;"((ALL(""biodiversity"") OR (ALL(""biological"") AND ALL(""diversity""))) AND (ALL(""marine"") OR ALL(""ocean"") OR ALL(""sea"")) AND ALL(""policy"") OR ALL(""policies""))";Group Biodiversity AND Group Marine AND Group policy;;;;
2016;6173;"((ALL(""biodiversity"") OR (ALL(""biological"") AND ALL(""diversity""))) AND (ALL(""marine"") OR ALL(""ocean"") OR ALL(""sea"")) AND ALL(""policy"") OR ALL(""policies""))";Group Biodiversity AND Group Marine AND Group policy;;;;
2015;5542;"((ALL(""biodiversity"") OR (ALL(""biological"") AND ALL(""diversity""))) AND (ALL(""marine"") OR ALL(""ocean"") OR ALL(""sea"")) AND ALL(""policy"") OR ALL(""policies""))";Group Biodiversity AND Group Marine AND Group policy;;;;
2014;4859;"((ALL(""biodiversity"") OR (ALL(""biological"") AND ALL(""diversity""))) AND (ALL(""marine"") OR ALL(""ocean"") OR ALL(""sea"")) AND ALL(""policy"") OR ALL(""policies""))";Group Biodiversity AND Group Marine AND Group policy;;;;
2013;4498;"((ALL(""biodiversity"") OR (ALL(""biological"") AND ALL(""diversity""))) AND (ALL(""marine"") OR ALL(""ocean"") OR ALL(""sea"")) AND ALL(""policy"") OR ALL(""policies""))";Group Biodiversity AND Group Marine AND Group policy;;;;
2012;3788;"((ALL(""biodiversity"") OR (ALL(""biological"") AND ALL(""diversity""))) AND (ALL(""marine"") OR ALL(""ocean"") OR ALL(""sea"")) AND ALL(""policy"") OR ALL(""policies""))";Group Biodiversity AND Group Marine AND Group policy;;;;
2011;3014;"((ALL(""biodiversity"") OR (ALL(""biological"") AND ALL(""diversity""))) AND (ALL(""marine"") OR ALL(""ocean"") OR ALL(""sea"")) AND ALL(""policy"") OR ALL(""policies""))";Group Biodiversity AND Group Marine AND Group policy;;;;
2010;2556;"((ALL(""biodiversity"") OR (ALL(""biological"") AND ALL(""diversity""))) AND (ALL(""marine"") OR ALL(""ocean"") OR ALL(""sea"")) AND ALL(""policy"") OR ALL(""policies""))";Group Biodiversity AND Group Marine AND Group policy;;;;
2009;2191;"((ALL(""biodiversity"") OR (ALL(""biological"") AND ALL(""diversity""))) AND (ALL(""marine"") OR ALL(""ocean"") OR ALL(""sea"")) AND ALL(""policy"") OR ALL(""policies""))";Group Biodiversity AND Group Marine AND Group policy;;;;
2008;1619;"((ALL(""biodiversity"") OR (ALL(""biological"") AND ALL(""diversity""))) AND (ALL(""marine"") OR ALL(""ocean"") OR ALL(""sea"")) AND ALL(""policy"") OR ALL(""policies""))";Group Biodiversity AND Group Marine AND Group policy;;;;
2007;1382;"((ALL(""biodiversity"") OR (ALL(""biological"") AND ALL(""diversity""))) AND (ALL(""marine"") OR ALL(""ocean"") OR ALL(""sea"")) AND ALL(""policy"") OR ALL(""policies""))";Group Biodiversity AND Group Marine AND Group policy;;;;
2006;1169;"((ALL(""biodiversity"") OR (ALL(""biological"") AND ALL(""diversity""))) AND (ALL(""marine"") OR ALL(""ocean"") OR ALL(""sea"")) AND ALL(""policy"") OR ALL(""policies""))";Group Biodiversity AND Group Marine AND Group policy;;;;
2005;987;"((ALL(""biodiversity"") OR (ALL(""biological"") AND ALL(""diversity""))) AND (ALL(""marine"") OR ALL(""ocean"") OR ALL(""sea"")) AND ALL(""policy"") OR ALL(""policies""))";Group Biodiversity AND Group Marine AND Group policy;;;;
2004;682;"((ALL(""biodiversity"") OR (ALL(""biological"") AND ALL(""diversity""))) AND (ALL(""marine"") OR ALL(""ocean"") OR ALL(""sea"")) AND ALL(""policy"") OR ALL(""policies""))";Group Biodiversity AND Group Marine AND Group policy;;;;
2003;600;"((ALL(""biodiversity"") OR (ALL(""biological"") AND ALL(""diversity""))) AND (ALL(""marine"") OR ALL(""ocean"") OR ALL(""sea"")) AND ALL(""policy"") OR ALL(""policies""))";Group Biodiversity AND Group Marine AND Group policy;;;;
2002;468;"((ALL(""biodiversity"") OR (ALL(""biological"") AND ALL(""diversity""))) AND (ALL(""marine"") OR ALL(""ocean"") OR ALL(""sea"")) AND ALL(""policy"") OR ALL(""policies""))";Group Biodiversity AND Group Marine AND Group policy;;;;
2001;360;"((ALL(""biodiversity"") OR (ALL(""biological"") AND ALL(""diversity""))) AND (ALL(""marine"") OR ALL(""ocean"") OR ALL(""sea"")) AND ALL(""policy"") OR ALL(""policies""))";Group Biodiversity AND Group Marine AND Group policy;;;;
2000;330;"((ALL(""biodiversity"") OR (ALL(""biological"") AND ALL(""diversity""))) AND (ALL(""marine"") OR ALL(""ocean"") OR ALL(""sea"")) AND ALL(""policy"") OR ALL(""policies""))";Group Biodiversity AND Group Marine AND Group policy;;;;
1999;274;"((ALL(""biodiversity"") OR (ALL(""biological"") AND ALL(""diversity""))) AND (ALL(""marine"") OR ALL(""ocean"") OR ALL(""sea"")) AND ALL(""policy"") OR ALL(""policies""))";Group Biodiversity AND Group Marine AND Group policy;;;;
1998;203;"((ALL(""biodiversity"") OR (ALL(""biological"") AND ALL(""diversity""))) AND (ALL(""marine"") OR ALL(""ocean"") OR ALL(""sea"")) AND ALL(""policy"") OR ALL(""policies""))";Group Biodiversity AND Group Marine AND Group policy;;;;
1997;161;"((ALL(""biodiversity"") OR (ALL(""biological"") AND ALL(""diversity""))) AND (ALL(""marine"") OR ALL(""ocean"") OR ALL(""sea"")) AND ALL(""policy"") OR ALL(""policies""))";Group Biodiversity AND Group Marine AND Group policy;;;;
1996;146;"((ALL(""biodiversity"") OR (ALL(""biological"") AND ALL(""diversity""))) AND (ALL(""marine"") OR ALL(""ocean"") OR ALL(""sea"")) AND ALL(""policy"") OR ALL(""policies""))";Group Biodiversity AND Group Marine AND Group policy;;;;
1995;87;"((ALL(""biodiversity"") OR (ALL(""biological"") AND ALL(""diversity""))) AND (ALL(""marine"") OR ALL(""ocean"") OR ALL(""sea"")) AND ALL(""policy"") OR ALL(""policies""))";Group Biodiversity AND Group Marine AND Group policy;;;;
1994;60;"((ALL(""biodiversity"") OR (ALL(""biological"") AND ALL(""diversity""))) AND (ALL(""marine"") OR ALL(""ocean"") OR ALL(""sea"")) AND ALL(""policy"") OR ALL(""policies""))";Group Biodiversity AND Group Marine AND Group policy;;;;
1993;47;"((ALL(""biodiversity"") OR (ALL(""biological"") AND ALL(""diversity""))) AND (ALL(""marine"") OR ALL(""ocean"") OR ALL(""sea"")) AND ALL(""policy"") OR ALL(""policies""))";Group Biodiversity AND Group Marine AND Group policy;;;;
1992;38;"((ALL(""biodiversity"") OR (ALL(""biological"") AND ALL(""diversity""))) AND (ALL(""marine"") OR ALL(""ocean"") OR ALL(""sea"")) AND ALL(""policy"") OR ALL(""policies""))";Group Biodiversity AND Group Marine AND Group policy;;;;
1991;35;"((ALL(""biodiversity"") OR (ALL(""biological"") AND ALL(""diversity""))) AND (ALL(""marine"") OR ALL(""ocean"") OR ALL(""sea"")) AND ALL(""policy"") OR ALL(""policies""))";Group Biodiversity AND Group Marine AND Group policy;;;;
1990;24;"((ALL(""biodiversity"") OR (ALL(""biological"") AND ALL(""diversity""))) AND (ALL(""marine"") OR ALL(""ocean"") OR ALL(""sea"")) AND ALL(""policy"") OR ALL(""policies""))";Group Biodiversity AND Group Marine AND Group policy;;;;
1989;13;"((ALL(""biodiversity"") OR (ALL(""biological"") AND ALL(""diversity""))) AND (ALL(""marine"") OR ALL(""ocean"") OR ALL(""sea"")) AND ALL(""policy"") OR ALL(""policies""))";Group Biodiversity AND Group Marine AND Group policy;;;;
1988;9;"((ALL(""biodiversity"") OR (ALL(""biological"") AND ALL(""diversity""))) AND (ALL(""marine"") OR ALL(""ocean"") OR ALL(""sea"")) AND ALL(""policy"") OR ALL(""policies""))";Group Biodiversity AND Group Marine AND Group policy;;;;
1987;9;"((ALL(""biodiversity"") OR (ALL(""biological"") AND ALL(""diversity""))) AND (ALL(""marine"") OR ALL(""ocean"") OR ALL(""sea"")) AND ALL(""policy"") OR ALL(""policies""))";Group Biodiversity AND Group Marine AND Group policy;;;;
1986;10;"((ALL(""biodiversity"") OR (ALL(""biological"") AND ALL(""diversity""))) AND (ALL(""marine"") OR ALL(""ocean"") OR ALL(""sea"")) AND ALL(""policy"") OR ALL(""policies""))";Group Biodiversity AND Group Marine AND Group policy;;;;
1985;7;"((ALL(""biodiversity"") OR (ALL(""biological"") AND ALL(""diversity""))) AND (ALL(""marine"") OR ALL(""ocean"") OR ALL(""sea"")) AND ALL(""policy"") OR ALL(""policies""))";Group Biodiversity AND Group Marine AND Group policy;;;;
1984;4;"((ALL(""biodiversity"") OR (ALL(""biological"") AND ALL(""diversity""))) AND (ALL(""marine"") OR ALL(""ocean"") OR ALL(""sea"")) AND ALL(""policy"") OR ALL(""policies""))";Group Biodiversity AND Group Marine AND Group policy;;;;
1983;1;"((ALL(""biodiversity"") OR (ALL(""biological"") AND ALL(""diversity""))) AND (ALL(""marine"") OR ALL(""ocean"") OR ALL(""sea"")) AND ALL(""policy"") OR ALL(""policies""))";Group Biodiversity AND Group Marine AND Group policy;;;;
1982;3;"((ALL(""biodiversity"") OR (ALL(""biological"") AND ALL(""diversity""))) AND (ALL(""marine"") OR ALL(""ocean"") OR ALL(""sea"")) AND ALL(""policy"") OR ALL(""policies""))";Group Biodiversity AND Group Marine AND Group policy;;;;
1981;5;"((ALL(""biodiversity"") OR (ALL(""biological"") AND ALL(""diversity""))) AND (ALL(""marine"") OR ALL(""ocean"") OR ALL(""sea"")) AND ALL(""policy"") OR ALL(""policies""))";Group Biodiversity AND Group Marine AND Group policy;;;;
1980;1;"((ALL(""biodiversity"") OR (ALL(""biological"") AND ALL(""diversity""))) AND (ALL(""marine"") OR ALL(""ocean"") OR ALL(""sea"")) AND ALL(""policy"") OR ALL(""policies""))";Group Biodiversity AND Group Marine AND Group policy;;;;
1979;1;"((ALL(""biodiversity"") OR (ALL(""biological"") AND ALL(""diversity""))) AND (ALL(""marine"") OR ALL(""ocean"") OR ALL(""sea"")) AND ALL(""policy"") OR ALL(""policies""))";Group Biodiversity AND Group Marine AND Group policy;;;;
1978;3;"((ALL(""biodiversity"") OR (ALL(""biological"") AND ALL(""diversity""))) AND (ALL(""marine"") OR ALL(""ocean"") OR ALL(""sea"")) AND ALL(""policy"") OR ALL(""policies""))";Group Biodiversity AND Group Marine AND Group policy;;;;
1977;1;"((ALL(""biodiversity"") OR (ALL(""biological"") AND ALL(""diversity""))) AND (ALL(""marine"") OR ALL(""ocean"") OR ALL(""sea"")) AND ALL(""policy"") OR ALL(""policies""))";Group Biodiversity AND Group Marine AND Group policy;;;;
1975;1;"((ALL(""biodiversity"") OR (ALL(""biological"") AND ALL(""diversity""))) AND (ALL(""marine"") OR ALL(""ocean"") OR ALL(""sea"")) AND ALL(""policy"") OR ALL(""policies""))";Group Biodiversity AND Group Marine AND Group policy;;;;
1974;1;"((ALL(""biodiversity"") OR (ALL(""biological"") AND ALL(""diversity""))) AND (ALL(""marine"") OR ALL(""ocean"") OR ALL(""sea"")) AND ALL(""policy"") OR ALL(""policies""))";Group Biodiversity AND Group Marine AND Group policy;;;;
1973;1;"((ALL(""biodiversity"") OR (ALL(""biological"") AND ALL(""diversity""))) AND (ALL(""marine"") OR ALL(""ocean"") OR ALL(""sea"")) AND ALL(""policy"") OR ALL(""policies""))";Group Biodiversity AND Group Marine AND Group policy;;;;
1972;2;"((ALL(""biodiversity"") OR (ALL(""biological"") AND ALL(""diversity""))) AND (ALL(""marine"") OR ALL(""ocean"") OR ALL(""sea"")) AND ALL(""policy"") OR ALL(""policies""))";Group Biodiversity AND Group Marine AND Group policy;;;;
1905;1;"((ALL(""biodiversity"") OR (ALL(""biological"") AND ALL(""diversity""))) AND (ALL(""marine"") OR ALL(""ocean"") OR ALL(""sea"")) AND ALL(""policy"") OR ALL(""policies""))";Group Biodiversity AND Group Marine AND Group policy;;;;
2027;1;"((ALL(""biodiversity"") OR (ALL(""biological"") AND ALL(""diversity""))) AND ALL(""policy"") OR ALL(""policies""))";Group Biodiversity AND Group policy;;;;
2026;11354;"((ALL(""biodiversity"") OR (ALL(""biological"") AND ALL(""diversity""))) AND ALL(""policy"") OR ALL(""policies""))";Group Biodiversity AND Group policy;;;;
2025;54602;"((ALL(""biodiversity"") OR (ALL(""biological"") AND ALL(""diversity""))) AND ALL(""policy"") OR ALL(""policies""))";Group Biodiversity AND Group policy;;;;
2024;46184;"((ALL(""biodiversity"") OR (ALL(""biological"") AND ALL(""diversity""))) AND ALL(""policy"") OR ALL(""policies""))";Group Biodiversity AND Group policy;;;;
2023;40383;"((ALL(""biodiversity"") OR (ALL(""biological"") AND ALL(""diversity""))) AND ALL(""policy"") OR ALL(""policies""))";Group Biodiversity AND Group policy;;;;
2022;37845;"((ALL(""biodiversity"") OR (ALL(""biological"") AND ALL(""diversity""))) AND ALL(""policy"") OR ALL(""policies""))";Group Biodiversity AND Group policy;;;;
2021;34958;"((ALL(""biodiversity"") OR (ALL(""biological"") AND ALL(""diversity""))) AND ALL(""policy"") OR ALL(""policies""))";Group Biodiversity AND Group policy;;;;
2020;28010;"((ALL(""biodiversity"") OR (ALL(""biological"") AND ALL(""diversity""))) AND ALL(""policy"") OR ALL(""policies""))";Group Biodiversity AND Group policy;;;;
2019;23079;"((ALL(""biodiversity"") OR (ALL(""biological"") AND ALL(""diversity""))) AND ALL(""policy"") OR ALL(""policies""))";Group Biodiversity AND Group policy;;;;
2018;20290;"((ALL(""biodiversity"") OR (ALL(""biological"") AND ALL(""diversity""))) AND ALL(""policy"") OR ALL(""policies""))";Group Biodiversity AND Group policy;;;;
2017;18231;"((ALL(""biodiversity"") OR (ALL(""biological"") AND ALL(""diversity""))) AND ALL(""policy"") OR ALL(""policies""))";Group Biodiversity AND Group policy;;;;
2016;16100;"((ALL(""biodiversity"") OR (ALL(""biological"") AND ALL(""diversity""))) AND ALL(""policy"") OR ALL(""policies""))";Group Biodiversity AND Group policy;;;;
2015;14479;"((ALL(""biodiversity"") OR (ALL(""biological"") AND ALL(""diversity""))) AND ALL(""policy"") OR ALL(""policies""))";Group Biodiversity AND Group policy;;;;
2014;13076;"((ALL(""biodiversity"") OR (ALL(""biological"") AND ALL(""diversity""))) AND ALL(""policy"") OR ALL(""policies""))";Group Biodiversity AND Group policy;;;;
2013;12182;"((ALL(""biodiversity"") OR (ALL(""biological"") AND ALL(""diversity""))) AND ALL(""policy"") OR ALL(""policies""))";Group Biodiversity AND Group policy;;;;
2012;10515;"((ALL(""biodiversity"") OR (ALL(""biological"") AND ALL(""diversity""))) AND ALL(""policy"") OR ALL(""policies""))";Group Biodiversity AND Group policy;;;;
2011;8533;"((ALL(""biodiversity"") OR (ALL(""biological"") AND ALL(""diversity""))) AND ALL(""policy"") OR ALL(""policies""))";Group Biodiversity AND Group policy;;;;
2010;7486;"((ALL(""biodiversity"") OR (ALL(""biological"") AND ALL(""diversity""))) AND ALL(""policy"") OR ALL(""policies""))";Group Biodiversity AND Group policy;;;;
2009;6363;"((ALL(""biodiversity"") OR (ALL(""biological"") AND ALL(""diversity""))) AND ALL(""policy"") OR ALL(""policies""))";Group Biodiversity AND Group policy;;;;
2008;5023;"((ALL(""biodiversity"") OR (ALL(""biological"") AND ALL(""diversity""))) AND ALL(""policy"") OR ALL(""policies""))";Group Biodiversity AND Group policy;;;;
2007;4419;"((ALL(""biodiversity"") OR (ALL(""biological"") AND ALL(""diversity""))) AND ALL(""policy"") OR ALL(""policies""))";Group Biodiversity AND Group policy;;;;
2006;3779;"((ALL(""biodiversity"") OR (ALL(""biological"") AND ALL(""diversity""))) AND ALL(""policy"") OR ALL(""policies""))";Group Biodiversity AND Group policy;;;;
2005;3292;"((ALL(""biodiversity"") OR (ALL(""biological"") AND ALL(""diversity""))) AND ALL(""policy"") OR ALL(""policies""))";Group Biodiversity AND Group policy;;;;
2004;2524;"((ALL(""biodiversity"") OR (ALL(""biological"") AND ALL(""diversity""))) AND ALL(""policy"") OR ALL(""policies""))";Group Biodiversity AND Group policy;;;;
2003;2232;"((ALL(""biodiversity"") OR (ALL(""biological"") AND ALL(""diversity""))) AND ALL(""policy"") OR ALL(""policies""))";Group Biodiversity AND Group policy;;;;
2002;1713;"((ALL(""biodiversity"") OR (ALL(""biological"") AND ALL(""diversity""))) AND ALL(""policy"") OR ALL(""policies""))";Group Biodiversity AND Group policy;;;;
2001;1433;"((ALL(""biodiversity"") OR (ALL(""biological"") AND ALL(""diversity""))) AND ALL(""policy"") OR ALL(""policies""))";Group Biodiversity AND Group policy;;;;
2000;1278;"((ALL(""biodiversity"") OR (ALL(""biological"") AND ALL(""diversity""))) AND ALL(""policy"") OR ALL(""policies""))";Group Biodiversity AND Group policy;;;;
1999;1002;"((ALL(""biodiversity"") OR (ALL(""biological"") AND ALL(""diversity""))) AND ALL(""policy"") OR ALL(""policies""))";Group Biodiversity AND Group policy;;;;
1998;884;"((ALL(""biodiversity"") OR (ALL(""biological"") AND ALL(""diversity""))) AND ALL(""policy"") OR ALL(""policies""))";Group Biodiversity AND Group policy;;;;
1997;737;"((ALL(""biodiversity"") OR (ALL(""biological"") AND ALL(""diversity""))) AND ALL(""policy"") OR ALL(""policies""))";Group Biodiversity AND Group policy;;;;
1996;695;"((ALL(""biodiversity"") OR (ALL(""biological"") AND ALL(""diversity""))) AND ALL(""policy"") OR ALL(""policies""))";Group Biodiversity AND Group policy;;;;
1995;414;"((ALL(""biodiversity"") OR (ALL(""biological"") AND ALL(""diversity""))) AND ALL(""policy"") OR ALL(""policies""))";Group Biodiversity AND Group policy;;;;
1994;292;"((ALL(""biodiversity"") OR (ALL(""biological"") AND ALL(""diversity""))) AND ALL(""policy"") OR ALL(""policies""))";Group Biodiversity AND Group policy;;;;
1993;197;"((ALL(""biodiversity"") OR (ALL(""biological"") AND ALL(""diversity""))) AND ALL(""policy"") OR ALL(""policies""))";Group Biodiversity AND Group policy;;;;
1992;179;"((ALL(""biodiversity"") OR (ALL(""biological"") AND ALL(""diversity""))) AND ALL(""policy"") OR ALL(""policies""))";Group Biodiversity AND Group policy;;;;
1991;117;"((ALL(""biodiversity"") OR (ALL(""biological"") AND ALL(""diversity""))) AND ALL(""policy"") OR ALL(""policies""))";Group Biodiversity AND Group policy;;;;
1990;100;"((ALL(""biodiversity"") OR (ALL(""biological"") AND ALL(""diversity""))) AND ALL(""policy"") OR ALL(""policies""))";Group Biodiversity AND Group policy;;;;
1989;51;"((ALL(""biodiversity"") OR (ALL(""biological"") AND ALL(""diversity""))) AND ALL(""policy"") OR ALL(""policies""))";Group Biodiversity AND Group policy;;;;
1988;43;"((ALL(""biodiversity"") OR (ALL(""biological"") AND ALL(""diversity""))) AND ALL(""policy"") OR ALL(""policies""))";Group Biodiversity AND Group policy;;;;
1987;33;"((ALL(""biodiversity"") OR (ALL(""biological"") AND ALL(""diversity""))) AND ALL(""policy"") OR ALL(""policies""))";Group Biodiversity AND Group policy;;;;
1986;25;"((ALL(""biodiversity"") OR (ALL(""biological"") AND ALL(""diversity""))) AND ALL(""policy"") OR ALL(""policies""))";Group Biodiversity AND Group policy;;;;
1985;22;"((ALL(""biodiversity"") OR (ALL(""biological"") AND ALL(""diversity""))) AND ALL(""policy"") OR ALL(""policies""))";Group Biodiversity AND Group policy;;;;
1984;16;"((ALL(""biodiversity"") OR (ALL(""biological"") AND ALL(""diversity""))) AND ALL(""policy"") OR ALL(""policies""))";Group Biodiversity AND Group policy;;;;
1983;12;"((ALL(""biodiversity"") OR (ALL(""biological"") AND ALL(""diversity""))) AND ALL(""policy"") OR ALL(""policies""))";Group Biodiversity AND Group policy;;;;
1982;14;"((ALL(""biodiversity"") OR (ALL(""biological"") AND ALL(""diversity""))) AND ALL(""policy"") OR ALL(""policies""))";Group Biodiversity AND Group policy;;;;
1981;15;"((ALL(""biodiversity"") OR (ALL(""biological"") AND ALL(""diversity""))) AND ALL(""policy"") OR ALL(""policies""))";Group Biodiversity AND Group policy;;;;
1980;40;"((ALL(""biodiversity"") OR (ALL(""biological"") AND ALL(""diversity""))) AND ALL(""policy"") OR ALL(""policies""))";Group Biodiversity AND Group policy;;;;
1979;5;"((ALL(""biodiversity"") OR (ALL(""biological"") AND ALL(""diversity""))) AND ALL(""policy"") OR ALL(""policies""))";Group Biodiversity AND Group policy;;;;
1978;5;"((ALL(""biodiversity"") OR (ALL(""biological"") AND ALL(""diversity""))) AND ALL(""policy"") OR ALL(""policies""))";Group Biodiversity AND Group policy;;;;
1977;4;"((ALL(""biodiversity"") OR (ALL(""biological"") AND ALL(""diversity""))) AND ALL(""policy"") OR ALL(""policies""))";Group Biodiversity AND Group policy;;;;
1976;3;"((ALL(""biodiversity"") OR (ALL(""biological"") AND ALL(""diversity""))) AND ALL(""policy"") OR ALL(""policies""))";Group Biodiversity AND Group policy;;;;
1975;3;"((ALL(""biodiversity"") OR (ALL(""biological"") AND ALL(""diversity""))) AND ALL(""policy"") OR ALL(""policies""))";Group Biodiversity AND Group policy;;;;
1974;3;"((ALL(""biodiversity"") OR (ALL(""biological"") AND ALL(""diversity""))) AND ALL(""policy"") OR ALL(""policies""))";Group Biodiversity AND Group policy;;;;
1973;3;"((ALL(""biodiversity"") OR (ALL(""biological"") AND ALL(""diversity""))) AND ALL(""policy"") OR ALL(""policies""))";Group Biodiversity AND Group policy;;;;
1972;3;"((ALL(""biodiversity"") OR (ALL(""biological"") AND ALL(""diversity""))) AND ALL(""policy"") OR ALL(""policies""))";Group Biodiversity AND Group policy;;;;
1969;1;"((ALL(""biodiversity"") OR (ALL(""biological"") AND ALL(""diversity""))) AND ALL(""policy"") OR ALL(""policies""))";Group Biodiversity AND Group policy;;;;
1905;1;"((ALL(""biodiversity"") OR (ALL(""biological"") AND ALL(""diversity""))) AND ALL(""policy"") OR ALL(""policies""))";Group Biodiversity AND Group policy;;;;
