"BAT_RACE","ecodive_RACE","fossil_RACE","pctax_RACE","sprex_RACE","tabula_RACE","vegan_RACE","wiqid_RACE"
122.848959044301,122.848959044301,106.817142857143,122.849,448,122.848959044301,122.848959044301,122.848959044301
117.317307367976,117.317307367976,97.4207317073171,117.3173,435,117.317307367976,117.317307367976,117.317307367976
134.669844406052,134.669844406052,107.281437125749,134.6698,463,134.669844406052,134.669844406052,134.669844406052
118.729941424772,118.729941424772,104.188679245283,118.7299,508,118.729941424772,118.729941424772,118.729941424772
137.11408821799,137.11408821799,115.594594594595,137.1141,505,137.11408821799,137.11408821799,137.11408821799
128.220438817691,128.220438817691,100.361445783133,128.2204,412,128.220438817691,128.220438817691,128.220438817691
108.315823190263,108.315823190263,92.4285714285714,108.3158,416,108.315823190263,108.315823190263,108.315823190263
106.58852301511,106.58852301511,96.8598130841121,106.5885,431,106.58852301511,106.58852301511,106.58852301511
131.027876412711,131.027876412711,108.616352201258,131.0279,409,131.027876412711,131.027876412711,131.027876412711
132.601933807827,132.601933807827,109.491803278689,132.6019,483.34699438084,132.601933807827,132.601933807827,132.601933807827
124.809297725401,124.809297725401,100.917098445596,124.8093,401,124.809297725401,124.809297725401,124.809297725401
128.001262239,128.001262239,102.214285714286,128.0013,366,128.001262239,128.001262239,128.001262239
122.213089749289,122.213089749289,105.800995024876,122.2131,409,122.213089749289,122.213089749289,122.213089749289
133.785845206007,133.785845206007,116.457142857143,133.7858,438,133.785845206007,133.785845206007,133.785845206007
119.245879120879,119.245879120879,105.461538461538,119.2459,462,119.245879120879,119.245879120879,119.245879120879
124.936721474838,124.936721474838,106.833333333333,124.9367,437,124.936721474838,124.936721474838,124.936721474838
137.197248677249,137.197248677249,115.933333333333,137.1972,381,137.197248677249,137.197248677249,137.197248677249
115.975134633719,115.975134633719,100.796954314721,115.9751,347,115.975134633719,115.975134633719,115.975134633719
166.116286451101,166.116286451101,131.985915492958,166.1163,433,166.116286451101,166.116286451101,166.116286451101
147.592809595781,147.592809595781,115.545454545455,147.5928,429,147.592809595781,147.592809595781,147.592809595781
161.934634919354,161.934634919354,122.092592592593,161.9346,408,161.934634919354,161.934634919354,161.934634919354
141.966707241886,141.966707241886,108.688524590164,141.9667,418,141.966707241886,141.966707241886,141.966707241886
155.213269474574,155.213269474574,121,155.2133,340,155.213269474574,155.213269474574,155.213269474574
133.817676568955,133.817676568955,112.760869565217,133.8177,392,133.817676568955,133.817676568955,133.817676568955
148.773955773956,148.773955773956,122.454545454545,148.774,442,148.773955773956,148.773955773956,148.773955773956
129.13199957849,129.13199957849,107.647398843931,129.132,407,129.13199957849,129.13199957849,129.13199957849
146.364277059428,146.364277059428,116.978494623656,146.3643,417,146.364277059428,146.364277059428,146.364277059428
116.301605866739,116.301605866739,98.3097826086957,116.3016,387,116.301605866739,116.301605866739,116.301605866739
127.056472407133,127.056472407133,104.737179487179,127.0565,364,127.056472407133,127.056472407133,127.056472407133
137.673716365665,137.673716365665,112.431279620853,137.6737,475,137.673716365665,137.673716365665,137.673716365665
102.501560919843,102.501560919843,87.187134502924,102.5016,421,102.501560919843,102.501560919843,102.501560919843
108.177036598327,108.177036598327,98.304347826087,108.177,459,108.177036598327,108.177036598327,108.177036598327
126.656885066417,126.656885066417,101.023255813953,126.6569,436,126.656885066417,126.656885066417,126.656885066417
124.460040499755,124.460040499755,107.234972677596,124.46,447,124.460040499755,124.460040499755,124.460040499755
149.766024762427,149.766024762427,109.46875,149.766,601,149.766024762427,149.766024762427,149.766024762427
136.318711545379,136.318711545379,108.123595505618,136.3187,430,136.318711545379,136.318711545379,136.318711545379
111.811393152302,111.811393152302,98.7727272727273,111.8114,435,111.811393152302,111.811393152302,111.811393152302
121.347973684211,121.347973684211,95.95,121.348,447,121.347973684211,121.347973684211,121.347973684211
116.493294401954,116.493294401954,97.5083798882682,116.4933,424,116.493294401954,116.493294401954,116.493294401954
106.546378968254,106.546378968254,93.875,106.5464,489,106.546378968254,106.546378968254,106.546378968254
161.646486614734,161.646486614734,126.545454545455,161.6465,402,161.646486614734,161.646486614734,161.646486614734
113.10279552154,113.10279552154,99.4046242774566,113.1028,NA,113.10279552154,113.10279552154,113.10279552154
132.940235567835,132.940235567835,102.521739130435,132.9402,407,132.940235567835,132.940235567835,132.940235567835
122.48597368138,122.48597368138,95.6586826347305,122.486,409,122.48597368138,122.48597368138,122.48597368138
129.701000701179,129.701000701179,95.9937888198758,129.701,NA,129.701000701179,129.701000701179,129.701000701179
108.343934660695,108.343934660695,98.8834355828221,108.3439,NA,108.343934660695,108.343934660695,108.343934660695
176.74346113009,176.74346113009,132.839160839161,176.7435,425,176.74346113009,176.74346113009,176.74346113009
119.45164929549,119.45164929549,105.797687861272,119.4516,415,119.45164929549,119.45164929549,119.45164929549
141.859406960227,141.859406960227,110.74375,141.8594,427,141.859406960227,141.859406960227,141.859406960227
142.122824404684,142.122824404684,111.159509202454,142.1228,432,142.122824404684,142.122824404684,142.122824404684
