"abdiv_DMG","adiv_DMG","agricolae_DMG","ecodive_DMG","tabula_DMG"
15.0701254731286,15.0701254731286,36.6924794128348,15.0701254731286,15.0701254731286
13.6617732677733,13.6617732677733,36.8703278551954,13.6617732677733,13.6617732677733
14.5004818910524,14.5004818910524,36.4955948718623,14.5004818910524,14.5004818910524
14.9266153478629,14.9266153478629,35.9522778271106,14.9266153478629,14.9266153478629
16.0653966279246,16.0653966279246,35.9864884465511,16.0653966279246,16.0653966279246
13.9511167996176,13.9511167996176,37.2029781323136,13.9511167996176,13.9511167996176
13.4313094622502,13.4313094622502,37.1433743153586,13.4313094622502,13.4313094622502
14.3419798506281,14.3419798506281,36.9264768567896,14.3419798506281,14.3419798506281
14.7995037494534,14.7995037494534,37.2481892121074,14.7995037494534,14.7995037494534
15.048503137129,15.048503137129,36.2458570184612,15.048503137129,15.048503137129
14.3477733453892,14.3477733453892,37.3709445275253,14.3477733453892,14.3477733453892
14.0615205641059,14.0615205641059,37.9491639320447,14.0615205641059,14.0615205641059
15.2983634264012,15.2983634264012,37.2481892121074,15.2983634264012,15.2983634264012
15.9481270617398,15.9481270617398,36.8286645549455,15.9481270617398,15.9481270617398
14.9945443709226,14.9945443709226,36.5084558596376,14.9945443709226,14.9945443709226
15.1317452096698,15.1317452096698,36.8425100757177,15.1317452096698,15.1317452096698
15.480919713538,15.480919713538,37.6926740851359,15.480919713538,15.480919713538
15.0444715092055,15.0444715092055,38.2950183870684,15.0444715092055,15.0444715092055
17.7902595761679,17.7902595761679,36.8983161579778,17.7902595761679,17.7902595761679
16.3327070247508,16.3327070247508,36.9548118539816,16.3327070247508,16.3327070247508
16.3027190701624,16.3027190701624,37.2633578746569,16.3027190701624,16.3027190701624
14.9118178899527,14.9118178899527,37.1138578594378,14.9118178899527,14.9118178899527
16.8126461334492,16.8126461334492,38.4289054478839,16.8126461334492,16.8126461334492
15.7420663374056,15.7420663374056,37.5130091444559,15.7420663374056,15.7420663374056
17.0735034029374,17.0735034029374,36.773699637096,17.0735034029374,17.0735034029374
14.9779993523581,14.9779993523581,37.2785761658691,14.9779993523581,14.9779993523581
16.243759229879,16.243759229879,37.1285925254377,16.243759229879,16.243759229879
14.0976859367316,14.0976859367316,37.5938291646175,14.0976859367316,14.0976859367316
14.4137327781924,14.4137327781924,37.9844252037071,14.4137327781924,14.4137327781924
15.5760338474284,15.5760338474284,36.3440789773329,15.5760338474284,15.5760338474284
12.5772990171381,12.5772990171381,37.0699339452492,12.5772990171381,12.5772990171381
14.1946952657026,14.1946952657026,36.547261373763,14.1946952657026,14.1946952657026
13.985686652257,13.985686652257,36.8563977659479,13.985686652257,13.985686652257
14.9117781647064,14.9117781647064,36.7059154823542,14.9117781647064,14.9117781647064
12.8153134928765,12.8153134928765,35.0076856390772,12.8153134928765,12.8153134928765
15.007127869507,15.007127869507,36.9406224480172,15.007127869507,15.007127869507
14.3201719794732,14.3201719794732,36.8703278551954,14.3201719794732,14.3201719794732
13.2731212235299,13.2731212235299,36.7059154823542,13.2731212235299,13.2731212235299
13.7196127092541,13.7196127092541,37.0264246611195,13.7196127092541,13.7196127092541
12.7576510797415,12.7576510797415,36.1735929349633,12.7576510797415,12.7576510797415
16.843293085205,16.843293085205,37.3554222879795,16.843293085205,16.843293085205
14.271807632888,14.271807632888,37.1730803461268,14.271807632888,14.271807632888
14.1458882772271,14.1458882772271,37.2785761658691,14.1458882772271,14.1458882772271
13.3029247186098,13.3029247186098,37.2481892121074,13.3029247186098,13.3029247186098
13.1237372697747,13.1237372697747,36.7464643553692,13.1237372697747,13.1237372697747
14.0176469110779,14.0176469110779,36.9406224480172,14.0176469110779,14.0176469110779
16.688452066867,16.688452066867,37.0120125047347,16.688452066867,16.688452066867
14.9296353341942,14.9296353341942,37.1582034984388,14.9296353341942,14.9296353341942
14.8593708812186,14.8593708812186,36.9833230821442,14.8593708812186,14.8593708812186
15.160439666299,15.160439666299,36.9123748396846,15.160439666299,15.160439666299
