"benthos_EHURE","BiodiversityR_EHURE","mobr_EHURE","vegan_EHURE"
0.976809683604986,0.97680968,0.976809683604986,0.97680968360503
0.970570475131098,0.97057048,0.970570475131098,0.970570475130758
0.966695651360878,0.96669565,0.966695651360878,0.966695651360769
0.973528087095622,0.97352809,0.973528087095622,0.973528087095857
0.96974697469747,0.96974697,0.96974697469747,0.969746974697366
0.965098150379137,0.96509815,0.965098150379137,0.965098150378704
0.969531974050046,0.96953197,0.969531974050046,0.969531974050136
0.969449090810986,0.96944909,0.969449090810986,0.969449090810782
0.955762500599262,0.9557625,0.955762500599262,0.955762500598825
0.968385694526773,0.96838569,0.968385694526773,0.968385694526882
0.968254364089776,0.96825436,0.968254364089775,0.968254364089675
0.957676472789879,0.95767647,0.95767647278988,0.957676472790033
0.97158300973201,0.97158301,0.97158300973201,0.971583009731583
0.974086496766037,0.9740865,0.974086496766037,0.974086496765886
0.973011803814407,0.9730118,0.973011803814407,0.97301180381439
0.970881531711209,0.97088153,0.970881531711209,0.9708815317111
0.957024450891007,0.95702445,0.957024450891007,0.957024450891221
0.970465259615865,0.97046526,0.970465259615865,0.97046525961578
0.967817124283637,0.96781712,0.967817124283637,0.96781712428357
0.977136570594515,0.97713657,0.977136570594514,0.977136570594335
0.970985691573927,0.97098569,0.970985691573927,0.970985691574237
0.957121384232327,0.95712138,0.957121384232327,0.957121384232227
0.975221238938053,0.97522124,0.975221238938053,0.975221238937991
0.971906153765854,0.97190615,0.971906153765854,0.971906153765731
0.974820697509773,0.9748207,0.974820697509773,0.974820697509874
0.973348180244732,0.97334818,0.973348180244732,0.973348180244991
0.969320697288323,0.9693207,0.969320697288323,0.969320697288366
0.952390515590901,0.95239052,0.952390515590901,0.952390515590957
0.950715950715951,0.95071595,0.950715950715951,0.950715950715851
0.962291805463025,0.96229181,0.962291805463025,0.96229180546288
0.965874901029295,0.9658749,0.965874901029295,0.965874901029249
0.958615178240146,0.95861518,0.958615178240146,0.958615178240121
0.96089844985764,0.96089845,0.96089844985764,0.960898449857646
0.962941784291891,0.96294178,0.962941784291891,0.962941784292119
0.799728230726567,0.79972823,0.799728230726567,0.799728230726733
0.9671057624546,0.96710576,0.9671057624546,0.967105762454798
0.958705439906775,0.95870544,0.958705439906775,0.95870543990642
0.938614179231749,0.93861418,0.938614179231749,0.938614179231954
0.938233195057763,0.9382332,0.938233195057763,0.938233195058074
0.915585504039693,0.9155855,0.915585504039693,0.915585504039748
0.975571022692026,0.97557102,0.975571022692026,0.975571022692413
0.975541285047549,0.97554129,0.975541285047549,0.975541285047546
0.959320269665097,0.95932027,0.959320269665097,0.959320269665332
0.960221007718491,0.96022101,0.960221007718491,0.960221007718095
0.955036300408761,0.9550363,0.955036300408761,0.955036300408568
0.966921450642381,0.96692145,0.966921450642381,0.966921450642564
0.969489456159822,0.96948946,0.969489456159822,0.96948945615965
0.96997846458297,0.96997846,0.96997846458297,0.969978464583297
0.963210959747556,0.96321096,0.963210959747556,0.963210959747822
0.970224284609435,0.97022428,0.970224284609435,0.970224284609763
