"divDyn_RSQ","ecodive_RSQ","tabula_RSQ"
117.736564874306,117.736564874306,117.736564874306
114.850499139968,114.850499139968,114.850499139968
139.216509744644,139.216509744644,139.216509744644
114.900628507471,114.900628507471,114.900628507471
143.29970285096,143.29970285096,143.29970285096
128.800160619464,128.800160619464,128.800160619464
108.059873506676,108.059873506676,108.059873506676
107.110193902499,107.110193902499,107.110193902499
155.055284810706,155.055284810706,155.055284810706
135.772681620355,135.772681620355,135.772681620355
127.229265789424,127.229265789424,127.229265789424
137.082532418002,137.082532418002,137.082532418002
123.110530541734,123.110530541734,123.110530541734
139.434786306613,139.434786306613,139.434786306613
119.53165854909,119.53165854909,119.53165854909
125.600362779465,125.600362779465,125.600362779465
167.69404203873,167.69404203873,167.69404203873
114.883562166609,114.883562166609,114.883562166609
190.575533450018,190.575533450018,190.575533450018
137.069190694681,137.069190694681,137.069190694681
158.571251548947,158.571251548947,158.571251548947
161.125497298087,161.125497298087,161.125497298087
154.620581784186,154.620581784186,154.620581784186
140.209804470391,140.209804470391,140.209804470391
149.7783055387,149.7783055387,149.7783055387
129.399586138089,129.399586138089,129.399586138089
147.711350931951,147.711350931951,147.711350931951
133.97942691696,133.97942691696,133.97942691696
158.793695964861,158.793695964861,158.793695964861
152.275203120215,152.275203120215,152.275203120215
101.900735566854,101.900735566854,101.900735566854
120.053532080363,120.053532080363,120.053532080363
134.495031308102,134.495031308102,134.495031308102
138.050508183302,138.050508183302,138.050508183302
477.288849919871,477.288849919871,477.288849919871
135.81357331572,135.81357331572,135.81357331572
120.113626511247,120.113626511247,120.113626511247
143.795865502086,143.795865502086,143.795865502086
146.388086153568,146.388086153568,146.388086153568
158.445511805036,158.445511805036,158.445511805036
157.972715808781,157.972715808781,157.972715808781
109.88841910785,109.88841910785,109.88841910785
139.695761779155,139.695761779155,139.695761779155
130.513648215794,130.513648215794,130.513648215794
136.236225576442,136.236225576442,136.236225576442
114.061986278851,114.061986278851,114.061986278851
182.97344371879,182.97344371879,182.97344371879
124.705338633182,124.705338633182,124.705338633182
151.566053249804,151.566053249804,151.566053249804
137.661043874159,137.661043874159,137.661043874159
