"abdiv_DMN","adiv_DMN","ecodive_DMN","tabula_DMN"
4.39383699873227,4.39383699873227,4.39383699873227,4.39383699873227
4.02749173247723,4.02749173247723,4.02749173247723,4.02749173247723
4.18265471106156,4.18265471106156,4.18265471106156,4.18265471106156
4.17057559425573,4.17057559425573,4.17057559425573,4.17057559425573
4.49444101084885,4.49444101084885,4.49444101084885,4.49444101084885
4.18764943219825,4.18764943219825,4.18764943219825,4.18764943219825
4.02038077033277,4.02038077033277,4.02038077033277,4.02038077033277
4.23881084755998,4.23881084755998,4.23881084755998,4.23881084755998
4.45021358790734,4.45021358790734,4.45021358790734,4.45021358790734
4.27714809881693,4.27714809881693,4.27714809881693,4.27714809881693
4.34457267411862,4.34457267411862,4.34457267411862,4.34457267411862
4.39075033731026,4.39075033731026,4.39075033731026,4.39075033731026
4.59855404083758,4.59855404083758,4.59855404083758,4.59855404083758
4.68262112916147,4.68262112916147,4.68262112916147,4.68262112916147
4.32675157835289,4.32675157835289,4.32675157835289,4.32675157835289
4.44879332108494,4.44879332108494,4.44879332108494,4.44879332108494
4.76453433208061,4.76453433208061,4.76453433208061,4.76453433208061
4.77777033114567,4.77777033114567,4.77777033114567,4.77777033114567
5.23820571152112,5.23820571152112,5.23820571152112,5.23820571152112
4.82804549585268,4.82804549585268,4.82804549585268,4.82804549585268
4.90123033773454,4.90123033773454,4.90123033773454,4.90123033773454
4.45095549120512,4.45095549120512,4.45095549120512,4.45095549120512
5.36902883101174,5.36902883101174,5.36902883101174,5.36902883101174
4.798224586623,4.798224586623,4.798224586623,4.798224586623
4.99434068862219,4.99434068862219,4.99434068862219,4.99434068862219
4.51070253357915,4.51070253357915,4.51070253357915,4.51070253357915
4.84805085805648,4.84805085805648,4.84805085805648,4.84805085805648
4.32079282609047,4.32079282609047,4.32079282609047,4.32079282609047
4.50762479790425,4.50762479790425,4.50762479790425,4.50762479790425
4.4506652370889,4.4506652370889,4.4506652370889,4.4506652370889
3.75275037698006,3.75275037698006,3.75275037698006,3.75275037698006
4.10748824648216,4.10748824648216,4.10748824648216,4.10748824648216
4.11865302645095,4.11865302645095,4.11865302645095,4.11865302645095
4.3514506825317,4.3514506825317,4.3514506825317,4.3514506825317
3.38564061825922,3.38564061825922,3.38564061825922,3.38564061825922
4.43663396396779,4.43663396396779,4.43663396396779,4.43663396396779
4.21927705307138,4.21927705307138,4.21927705307138,4.21927705307138
3.8784669126913,3.8784669126913,3.8784669126913,3.8784669126913
4.07940062190051,4.07940062190051,4.07940062190051,4.07940062190051
3.61772505316908,3.61772505316908,3.61772505316908,3.61772505316908
5.08729761414893,5.08729761414893,5.08729761414893,5.08729761414893
4.27581672849202,4.27581672849202,4.27581672849202,4.27581672849202
4.26286173503084,4.26286173503084,4.26286173503084,4.26286173503084
4.0051922291166,4.0051922291166,4.0051922291166,4.0051922291166
3.84408988279762,3.84408988279762,3.84408988279762,3.84408988279762
4.14728827066554,4.14728827066554,4.14728827066554,4.14728827066554
4.94772675074119,4.94772675074119,4.94772675074119,4.94772675074119
4.46701431243173,4.46701431243173,4.46701431243173,4.46701431243173
4.40379865831203,4.40379865831203,4.40379865831203,4.40379865831203
4.4744645862196,4.4744645862196,4.4744645862196,4.4744645862196
