"index","mean_value","sd_value"
"D1SP",0.793952660654426,0.112123009353725
"DBRI",1.83589025496057,0.38943822469373
"DFIS",4.63317095175138,1.48454736859645
"DINVSP",5.78069943272869,2.12702365427161
"DMC",0.618828950696901,0.115852390339241
"DMG",2.91752634932775,0.804579344234392
"DMN",1.35545379621535,0.322633778037543
"DRY",1.7138330824729,0.188717924610333
"DRYA",1.51627437788833,0.16383879370075
"DSHA",2.01604190216676,0.407600769574643
"EBP",0.335402184390905,0.131753052703704
"EBRI",0.751269511163379,0.11176196025084
"EBU",0.493394364279427,0.102534347199592
"EEVAR",0.42681233241039,0.113682219567779
"EGIN",0.819979691111986,0.0587690674731191
"EHEI",0.503445557194135,0.138416762929741
"EHURE",0.803072615814242,0.11338315359471
"EMC",0.760484354119202,0.124259689228478
"EMN",0.530481908310505,0.140473164800133
"EPIE",0.754708847009273,0.10883534418103
"ESP",0.395541638271547,0.133692096499395
"EST",0.468269885761322,0.0906968656350059
"QHIL_0",15.1142857142857,4.64240959779574
"QHIL_1",8.05548127189342,2.74501481370926
"QHIL_2",5.78069943272869,2.12702365427161
"QHIL_3",4.93815266383837,1.83747346630809
"QREN_0",2.65908246743562,0.360585861909985
"QREN_1",2.01604190216676,0.407600769574643
"QREN_2",1.67748857274832,0.417831745395414
"QREN_3",1.52016279974961,0.413351665222585
"QTSA_0",14.1142857142857,4.64240959779574
"QTSA_1",2.01604190216676,0.407600769574643
"QTSA_2",0.793952660654426,0.112123009353725
"QTSA_3",0.463975250395433,0.0507875535036908
"RACE",19.1723190415508,6.86386355512365
"RC1",17.5581462585034,6.23060117301541
"RC1M",19.5940105497419,8.15666601106662
"RCA2",15.1142857142857,4.64240959779574
"RHUR_2",1.80307261581424,0.113383153594709
"RHUR_3",2.47669541725023,0.244120398750484
"RICE",15.1142857142857,4.64240959779574
"RICH",15.1142857142857,4.64240959779574
"RJA1",19.9142857142857,7.26863992050754
"RJA2",20.2714285714286,7.09750196629002
"RSQ",18.6031497119742,6.65519156100575
