"abdiv_DBRI","ecodive_DBRI","tabula_DBRI","wiqid_DBRI"
2.08252746039484,2.08252746039484,2.08252746039484,8.02472548051004
1.80390120854607,1.80390120854607,1.80390120854607,6.0732944968131
1.84364762924433,1.84364762924433,1.84364762924433,6.31954763745077
2.07400597415105,2.07400597415105,2.07400597415105,7.95663342750981
2.29780707503468,2.29780707503468,2.29780707503468,9.95233378610214
2.39276681894552,2.39276681894552,2.39276681894552,10.9437314163627
2.12477246049547,2.12477246049547,2.12477246049547,8.37099253991502
2.30151509844851,2.30151509844851,2.30151509844851,9.98930577694511
2.08550504667707,2.08550504667707,2.08550504667707,8.04865540204225
2.29528911547263,2.29528911547263,2.29528911547263,9.92730573511424
2.39499065295968,2.39499065295968,2.39499065295968,10.96809553937
2.10905508061129,2.10905508061129,2.10905508061129,8.24045104266901
1.71272726362948,1.71272726362948,1.71272726362948,5.54406099399247
2.41853192065311,2.41853192065311,2.41853192065311,11.2293616140137
2.0080813071768,2.0080813071768,2.0080813071768,7.44901126276738
2.02699459768715,2.02699459768715,2.02699459768715,7.59123731850488
1.7112119025387,1.7112119025387,1.7112119025387,5.53566610193011
2.10948090357199,2.10948090357199,2.10948090357199,8.2439607631363
2.39883199192783,2.39883199192783,2.39883199192783,11.0103087378663
2.28373827199602,2.28373827199602,2.28373827199602,9.81329669829957
1.9573675945012,1.9573675945012,1.9573675945012,7.08066333358498
1.63537996958731,1.63537996958731,1.63537996958731,5.13140740539989
1.98093516845665,1.98093516845665,1.98093516845665,7.2495193379622
1.8376770079211,1.8376770079211,1.8376770079211,6.28192842835447
1.86238703806081,1.86238703806081,1.86238703806081,6.43908879123335
1.85084029497051,1.85084029497051,1.85084029497051,6.36516589290949
2.05460322733394,2.05460322733394,2.05460322733394,7.803740947188
2.10170855245103,2.10170855245102,2.10170855245103,8.1801341681218
1.52380898164976,1.52380898164976,1.52380898164976,4.58967392686249
2.16451680206227,2.16451680206227,2.16451680206227,8.7103920563567
1.82898830168969,1.82898830168969,1.82898830168969,6.22758303514582
2.20552334772175,2.20552334772175,2.20552334772175,9.07499970570531
1.99300665786905,1.99300665786905,1.99300665786905,7.33756216880849
2.12557060334638,2.12557060334638,2.12557060334638,8.37767645477038
1.95264277729309,1.95264277729309,1.95264277729309,7.04728740329652
2.09285392379861,2.09285392379861,2.09285392379861,8.10802185278285
1.97193486657567,1.97193486657567,1.97193486657567,7.18456422173179
1.49354634479097,1.49354634479097,1.49354634479097,4.45285892429888
1.59456512549152,1.59456512549152,1.59456512549152,4.92618633338125
1.63086852359164,1.63086852359164,1.63086852359164,5.10830947970715
1.3446906143322,1.3446906143322,1.3446906143322,3.83699924436964
1.37277388078464,1.37277388078464,1.37277388078464,3.94628204326406
1.36301694381026,1.36301694381026,1.36301694381026,3.90796564738394
1.00788436608393,1.00788436608393,1.00788436608393,2.73979846858587
1.76214135469577,1.76214135469577,1.76214135469577,5.82489722020311
2.02392297691757,2.02392297691757,2.02392297691757,7.56795569076109
1.81814463878387,1.81814463878387,1.81814463878387,6.16041803941296
1.45526362549176,1.45526362549176,1.45526362549176,4.28561311355812
2.09001006143891,2.09001006143891,2.09001006143891,8.08499651059432
1.66772294807745,1.66772294807745,1.66772294807745,5.30008547654192
1.73602035788714,1.73602035788714,1.73602035788714,5.67471509105119
1.59546566552509,1.59546566552509,1.59546566552509,4.93062455948748
2.0307619583837,2.0307619583837,2.0307619583837,7.61989018657209
1.2666943902531,1.2666943902531,1.2666943902531,3.54910120681646
1.65052886222551,1.65052886222551,1.65052886222551,5.2097343304316
1.46835419310114,1.46835419310114,1.46835419310114,4.34208302697655
1.06564517013318,1.06564517013318,1.06564517013318,2.9027111225923
1.54162073550621,1.54162073550621,1.54162073550621,4.67215646780791
0.902102155874736,0.902102155874736,0.902102155874736,2.46477901866272
1.56514222440152,1.56514222440152,1.56514222440152,4.78335519734944
1.70803156245219,1.70803156245219,1.70803156245219,5.51808876688782
1.17536657388872,1.17536657388872,1.17536657388872,3.23933018008073
2.09880455979689,2.09880455979689,2.09880455979689,8.1564135774682
1.95886320434171,1.95886320434171,1.95886320434171,7.09126116648009
1.98974981142029,1.98974981142029,1.98974981142029,7.31370372824414
2.06052760488776,2.06052760488776,2.06052760488776,7.85011047456088
0.343266516368854,0.343266516368854,0.343266516368854,1.40954437851974
1.92114198837608,1.92114198837608,1.92114198837608,6.8287523740037
1.99631628855763,1.99631628855763,1.99631628855763,7.361887020676
2.19823572411694,2.19823572411693,2.19823572411694,9.00910492345771
