"abdiv_DMC","adiv_DMC","agricolae_DMC","ecodive_DMC","forestHES_DMC","tabula_DMC"
0.64032448616116,0.64032448616116,0.64032448616116,0.64032448616116,0.64032448616116,0.64032448616116
0.490859805880895,0.490859805880895,0.490859805880895,0.490859805880895,0.490859805880895,0.490859805880895
0.530254097210805,0.530254097210805,0.530254097210805,0.530254097210805,0.530254097210805,0.530254097210805
0.599253685009937,0.599253685009937,0.599253685009937,0.599253685009937,0.599253685009937,0.599253685009937
0.712314508937171,0.712314508937171,0.712314508937171,0.712314508937171,0.712314508937171,0.712314508937171
0.727621158604934,0.727621158604934,0.727621158604934,0.727621158604934,0.727621158604934,0.727621158604934
0.692121382794592,0.692121382794592,0.692121382794592,0.692121382794592,0.692121382794592,0.692121382794592
0.730004250389943,0.730004250389943,0.730004250389943,0.730004250389943,0.730004250389943,0.730004250389943
0.695406532908194,0.695406532908194,0.695406532908194,0.695406532908194,0.695406532908194,0.695406532908194
0.720867415738301,0.720867415738301,0.720867415738301,0.720867415738301,0.720867415738301,0.720867415738301
0.715960838304154,0.715960838304154,0.715960838304154,0.715960838304154,0.715960838304154,0.715960838304154
0.661587650372936,0.661587650372936,0.661587650372936,0.661587650372936,0.661587650372936,0.661587650372936
0.547348137636142,0.547348137636142,0.547348137636142,0.547348137636142,0.547348137636142,0.547348137636142
0.713974147052376,0.713974147052376,0.713974147052376,0.713974147052376,0.713974147052376,0.713974147052376
0.673102147901622,0.673102147901622,0.673102147901622,0.673102147901622,0.673102147901622,0.673102147901622
0.670838049730225,0.670838049730225,0.670838049730225,0.670838049730225,0.670838049730225,0.670838049730225
0.600630631769544,0.600630631769544,0.600630631769544,0.600630631769544,0.600630631769544,0.600630631769544
0.690915197209575,0.690915197209575,0.690915197209575,0.690915197209575,0.690915197209575,0.690915197209575
0.77324396430413,0.77324396430413,0.77324396430413,0.77324396430413,0.77324396430413,0.77324396430413
0.695289535616751,0.695289535616751,0.695289535616751,0.695289535616751,0.695289535616751,0.695289535616751
0.661648167642519,0.661648167642519,0.661648167642519,0.661648167642519,0.661648167642519,0.661648167642519
0.547750571220132,0.547750571220132,0.547750571220132,0.547750571220132,0.547750571220132,0.547750571220132
0.692656043992406,0.692656043992406,0.692656043992406,0.692656043992406,0.692656043992406,0.692656043992406
0.659112971682245,0.659112971682245,0.659112971682245,0.659112971682245,0.659112971682245,0.659112971682245
0.617646646405931,0.617646646405931,0.617646646405931,0.617646646405931,0.617646646405931,0.617646646405931
0.626245333485459,0.626245333485459,0.626245333485459,0.626245333485459,0.626245333485459,0.626245333485459
0.613920931767046,0.613920931767046,0.613920931767046,0.613920931767046,0.613920931767046,0.613920931767046
0.691218457927422,0.691218457927422,0.691218457927422,0.691218457927422,0.691218457927422,0.691218457927422
0.562320084792843,0.562320084792843,0.562320084792843,0.562320084792843,0.562320084792843,0.562320084792843
0.726819635024101,0.726819635024101,0.726819635024101,0.726819635024101,0.726819635024101,0.726819635024101
0.602029635878171,0.602029635878171,0.602029635878171,0.602029635878171,0.602029635878171,0.602029635878171
0.747293943450226,0.747293943450226,0.747293943450226,0.747293943450226,0.747293943450226,0.747293943450226
0.667003966459615,0.667003966459615,0.667003966459615,0.667003966459615,0.667003966459615,0.667003966459615
0.655733501165912,0.655733501165912,0.655733501165912,0.655733501165912,0.655733501165912,0.655733501165912
0.651890560527374,0.651890560527374,0.651890560527374,0.651890560527374,0.651890560527374,0.651890560527374
0.692047717336163,0.692047717336163,0.692047717336163,0.692047717336163,0.692047717336163,0.692047717336163
0.661612809347002,0.661612809347002,0.661612809347002,0.661612809347002,0.661612809347002,0.661612809347002
0.429432754528778,0.429432754528778,0.429432754528778,0.429432754528778,0.429432754528778,0.429432754528778
0.560919505540115,0.560919505540115,0.560919505540115,0.560919505540115,0.560919505540115,0.560919505540115
0.547225680116391,0.547225680116391,0.547225680116391,0.547225680116391,0.547225680116391,0.547225680116391
0.467217764654743,0.467217764654743,0.467217764654743,0.467217764654743,0.467217764654743,0.467217764654743
0.460574742308318,0.460574742308318,0.460574742308318,0.460574742308318,0.460574742308318,0.460574742308318
0.410667946835271,0.410667946835271,0.410667946835271,0.410667946835271,0.410667946835271,0.410667946835271
0.434747229972923,0.434747229972923,NA,0.434747229972923,0.434747229972923,0.434747229972923
0.565475500815881,0.565475500815881,0.565475500815881,0.565475500815881,0.565475500815881,0.565475500815881
0.661422410224495,0.661422410224495,0.661422410224495,0.661422410224495,0.661422410224495,0.661422410224495
0.637970699651889,0.637970699651889,0.637970699651889,0.637970699651889,0.637970699651889,0.637970699651889
0.499692180103725,0.499692180103725,0.499692180103725,0.499692180103725,0.499692180103725,0.499692180103725
0.714826546240717,0.714826546240717,0.714826546240717,0.714826546240717,0.714826546240717,0.714826546240717
0.56309536528924,0.56309536528924,0.56309536528924,0.56309536528924,0.56309536528924,0.56309536528924
0.599039284318498,0.599039284318498,0.599039284318498,0.599039284318498,0.599039284318498,0.599039284318498
0.542401919297512,0.542401919297512,0.542401919297512,0.542401919297512,0.542401919297512,0.542401919297512
0.660017789748219,0.660017789748219,0.660017789748219,0.660017789748219,0.660017789748219,0.660017789748219
0.526460492392917,0.526460492392917,0.526460492392917,0.526460492392917,0.526460492392917,0.526460492392917
0.64203603622235,0.64203603622235,0.64203603622235,0.64203603622235,0.64203603622235,0.64203603622235
0.49725305913491,0.49725305913491,0.49725305913491,0.49725305913491,0.49725305913491,0.49725305913491
0.823413440348565,0.823413440348565,0.823413440348565,0.823413440348565,0.823413440348565,0.823413440348565
0.521815323048806,0.521815323048806,0.521815323048806,0.521815323048806,0.521815323048806,0.521815323048806
0.355419666700975,0.355419666700975,0.355419666700975,0.355419666700975,0.355419666700975,0.355419666700975
0.535860016827912,0.535860016827912,0.535860016827912,0.535860016827912,0.535860016827912,0.535860016827912
0.716429766360936,0.716429766360936,0.716429766360936,0.716429766360936,0.716429766360936,0.716429766360936
0.702209991879323,0.702209991879323,0.702209991879323,0.702209991879323,0.702209991879323,0.702209991879323
0.725975656517097,0.725975656517097,0.725975656517097,0.725975656517097,0.725975656517097,0.725975656517097
0.694784268509442,0.694784268509442,0.694784268509442,0.694784268509442,0.694784268509442,0.694784268509442
0.688813400129214,0.688813400129214,0.688813400129214,0.688813400129214,0.688813400129214,0.688813400129214
0.702771448828662,0.702771448828662,0.702771448828662,0.702771448828662,0.702771448828662,0.702771448828662
0.0758413160578267,0.0758413160578267,0.0758413160578267,0.0758413160578267,0.0758413160578267,0.0758413160578267
0.657835135776892,0.657835135776892,0.657835135776892,0.657835135776892,0.657835135776892,0.657835135776892
0.598753726695419,0.598753726695419,0.598753726695419,0.598753726695419,0.598753726695419,0.598753726695419
0.738757882067172,0.738757882067172,0.738757882067172,0.738757882067172,0.738757882067172,0.738757882067172
