"abdiv_DSP","agricolae_DSP","antitrust_DSP","benthos_DSP","breakaway_DSP","concstats_DSP","DescTools_DSP","diverse_DSP","divseg_DSP","EconGeo_DSP","hhi_DSP","ineq_DSP","microbiome_DSP","PDtoolkit_DSP","politics_DSP","REAT_DSP","sprex_DSP","tabula_DSP","triversity_DSP"
0.171224489795918,0.171224489795918,1712.24489795918,0.165262076053443,0.171224489795918,0.171224489795918,0.171224489795918,0.165262076053443,1.17122448979592,0.171224489795918,0.171224489795918,0.171224489795918,0.171224489795918,0.171224489795918,0.171224489795918,0.171224489795918,0.171224489795918,0.171224489795918,0.171224489795918
0.290654934283805,0.290654934283805,2906.54934283805,0.287998211191235,0.290654934283805,0.290654934283805,0.290654934283805,0.106900328587076,1.2906549342838,0.290654934283805,0.290654934283805,0.290654934283805,0.290654934283805,0.290654934283805,0.290654934283805,0.290654934283805,0.290654934283805,0.290654934283805,0.290654934283805
0.258700427795121,0.258700427795121,2587.00427795121,0.2546934030805,0.258700427795121,0.258700427795121,0.258700427795121,0.106589147286822,1.25870042779512,0.258700427795121,0.258700427795121,0.258700427795121,0.258700427795121,0.258700427795121,0.258700427795121,0.258700427795121,0.258700427795121,0.258700427795121,0.258700427795121
0.190253802141914,0.190253802141914,1902.53802141914,0.187412587412587,0.190253802141914,0.190253802141914,0.190253802141914,0.143236779165559,1.19025380214191,0.190253802141914,0.190253802141914,0.190253802141914,0.190253802141914,0.190253802141914,0.190253802141914,0.190253802141914,0.190253802141914,0.190253802141914,0.190253802141914
0.114365798843464,0.114365798843464,1143.65798843463,0.109892898837622,0.114365798843464,0.114365798843464,0.114365798843464,0.239535182331792,1.11436579884346,0.114365798843464,0.114365798843464,0.114365798843464,0.114365798843464,0.114365798843464,0.114365798843464,0.114365798843464,0.114365798843464,0.114365798843464,0.114365798843464
0.104141388704471,0.104141388704471,1041.41388704471,0.0998343761501656,0.104141388704471,0.104141388704471,0.104141388704471,0.105282139488431,1.10414138870447,0.104141388704471,0.104141388704471,0.104141388704471,0.104141388704471,0.104141388704471,0.104141388704471,0.104141388704471,0.104141388704471,0.104141388704471,0.104141388704471
0.131229995427526,0.131229995427526,1312.29995427526,0.125833908442604,0.131229995427526,0.131229995427526,0.131229995427526,0.146868686868687,1.13122999542753,0.131229995427526,0.131229995427526,0.131229995427526,0.131229995427526,0.131229995427526,0.131229995427526,0.131229995427526,0.131229995427526,0.131229995427526,0.131229995427526
0.112244897959184,0.112244897959184,1122.44897959184,0.105142857142857,0.112244897959184,0.112244897959184,0.112244897959184,0.149054982817869,1.11224489795918,0.112244897959184,0.112244897959184,0.112244897959184,0.112244897959184,0.112244897959184,0.112244897959184,0.112244897959184,0.112244897959184,0.112244897959184,0.112244897959184
0.13490647101593,0.13490647101593,1349.0647101593,0.127815540450486,0.13490647101593,0.13490647101593,0.13490647101593,0.205243445692884,1.13490647101593,0.13490647101593,0.13490647101593,0.13490647101593,0.13490647101593,0.13490647101593,0.13490647101593,0.13490647101593,0.13490647101593,0.13490647101593,0.13490647101593
0.112280447089563,0.112280447089563,1122.80447089563,0.106900328587076,0.112280447089563,0.112280447089563,0.112280447089563,0.131537012892945,1.11228044708956,0.112280447089563,0.112280447089563,0.112280447089563,0.112280447089563,0.112280447089563,0.112280447089563,0.112280447089563,0.112280447089563,0.112280447089563,0.112280447089563
0.110725308641975,0.110725308641975,1107.25308641975,0.106589147286822,0.110725308641975,0.110725308641975,0.110725308641975,0.0809792843691149,1.11072530864198,0.110725308641975,0.110725308641975,0.110725308641975,0.110725308641975,0.110725308641975,0.110725308641975,0.110725308641975,0.110725308641975,0.110725308641975,0.110725308641975
0.147259141704688,0.147259141704688,1472.59141704688,0.143236779165559,0.147259141704688,0.147259141704688,0.147259141704688,0.287998211191235,1.14725914170469,0.147259141704688,0.147259141704688,0.147259141704688,0.147259141704688,0.147259141704688,0.147259141704688,0.147259141704688,0.147259141704688,0.147259141704688,0.147259141704688
0.243831593731048,0.243831593731048,2438.31593731048,0.239535182331792,0.243831593731048,0.243831593731048,0.243831593731048,0.121941078641007,1.24383159373105,0.243831593731048,0.243831593731048,0.243831593731048,0.243831593731048,0.243831593731048,0.243831593731048,0.243831593731048,0.243831593731048,0.243831593731048,0.243831593731048
0.108608228189218,0.108608228189218,1086.08228189218,0.105282139488431,0.108608228189218,0.108608228189218,0.108608228189218,0.152372531682877,1.10860822818922,0.108608228189218,0.108608228189218,0.108608228189218,0.108608228189218,0.108608228189218,0.108608228189218,0.108608228189218,0.108608228189218,0.108608228189218,0.108608228189218
0.1554,0.1554,1554,0.146868686868687,0.1554,0.1554,0.1554,0.239630082959336,1.1554,0.1554,0.1554,0.1554,0.1554,0.1554,0.1554,0.1554,0.1554,0.1554,0.1554
0.157827611860984,0.157827611860984,1578.27611860984,0.149054982817869,0.157827611860984,0.157827611860984,0.157827611860984,0.137037037037037,1.15782761186098,0.157827611860984,0.157827611860984,0.157827611860984,0.157827611860984,0.157827611860984,0.157827611860984,0.157827611860984,0.157827611860984,0.157827611860984,0.157827611860984
0.214074074074074,0.214074074074074,2140.74074074074,0.205243445692884,0.214074074074074,0.214074074074074,0.214074074074074,0.161392405063291,1.21407407407407,0.214074074074074,0.214074074074074,0.214074074074074,0.214074074074074,0.214074074074074,0.214074074074074,0.214074074074074,0.214074074074074,0.214074074074074,0.214074074074074
0.138896868715886,0.138896868715886,1388.96868715886,0.131537012892945,0.138896868715886,0.138896868715886,0.138896868715886,0.185259229641477,1.13889686871589,0.138896868715886,0.138896868715886,0.138896868715886,0.138896868715886,0.138896868715886,0.138896868715886,0.138896868715886,0.138896868715886,0.138896868715886,0.138896868715886
0.0887675955185292,0.0887675955185292,887.675955185291,0.0809792843691149,0.0887675955185292,0.0887675955185292,0.0887675955185292,0.178851540616247,1.08876759551853,0.0887675955185292,0.0887675955185292,0.0887675955185292,0.0887675955185292,0.0887675955185292,0.0887675955185292,0.0887675955185292,0.0887675955185292,0.0887675955185292,0.0887675955185292
0.126713137996219,0.126713137996219,1267.13137996219,0.121941078641007,0.126713137996219,0.126713137996219,0.126713137996219,0.182551418201371,1.12671313799622,0.126713137996219,0.126713137996219,0.126713137996219,0.126713137996219,0.126713137996219,0.126713137996219,0.126713137996219,0.126713137996219,0.126713137996219,0.126713137996219
0.159617210899262,0.159617210899262,1596.17210899262,0.152372531682877,0.159617210899262,0.159617210899262,0.159617210899262,0.132350532350532,1.15961721089926,0.159617210899262,0.159617210899262,0.159617210899262,0.159617210899262,0.159617210899262,0.159617210899262,0.159617210899262,0.159617210899262,0.159617210899262,0.159617210899262
0.244050838290968,0.244050838290968,2440.50838290968,0.239630082959336,0.244050838290968,0.244050838290968,0.244050838290968,0.234234234234234,1.24405083829097,0.244050838290968,0.244050838290968,0.244050838290968,0.244050838290968,0.244050838290968,0.244050838290968,0.244050838290968,0.244050838290968,0.244050838290968,0.244050838290968
0.147690900777321,0.147690900777321,1476.90900777321,0.137037037037037,0.147690900777321,0.147690900777321,0.147690900777321,0.2546934030805,1.14769090077732,0.147690900777321,0.147690900777321,0.147690900777321,0.147690900777321,0.147690900777321,0.147690900777321,0.147690900777321,0.147690900777321,0.147690900777321,0.147690900777321
0.171875,0.171875,1718.75,0.161392405063291,0.171875,0.171875,0.171875,0.11140350877193,1.171875,0.171875,0.171875,0.171875,0.171875,0.171875,0.171875,0.171875,0.171875,0.171875,0.171875
0.191883138343579,0.191883138343579,1918.83138343579,0.185259229641477,0.191883138343579,0.191883138343579,0.191883138343579,0.197018485390578,1.19188313834358,0.191883138343579,0.191883138343579,0.191883138343579,0.191883138343579,0.191883138343579,0.191883138343579,0.191883138343579,0.191883138343579,0.191883138343579,0.191883138343579
0.185694444444444,0.185694444444444,1856.94444444444,0.178851540616247,0.185694444444444,0.185694444444444,0.185694444444444,0.0993454885460495,1.18569444444444,0.185694444444444,0.185694444444444,0.185694444444444,0.185694444444444,0.185694444444444,0.185694444444444,0.185694444444444,0.185694444444444,0.185694444444444,0.185694444444444
0.187276554512346,0.187276554512346,1872.76554512346,0.182551418201371,0.187276554512346,0.187276554512346,0.187276554512346,0.145969498910675,1.18727655451235,0.187276554512346,0.187276554512346,0.187276554512346,0.187276554512346,0.187276554512346,0.187276554512346,0.187276554512346,0.187276554512346,0.187276554512346,0.187276554512346
0.140167194221248,0.140167194221248,1401.67194221248,0.132350532350532,0.140167194221248,0.140167194221248,0.140167194221248,0.148763420757438,1.14016719422125,0.140167194221248,0.140167194221248,0.140167194221248,0.140167194221248,0.140167194221248,0.140167194221248,0.140167194221248,0.140167194221248,0.140167194221248,0.140167194221248
0.241133024916809,0.241133024916809,2411.33024916809,0.234234234234234,0.241133024916809,0.241133024916809,0.241133024916809,0.160524160524161,1.24113302491681,0.241133024916809,0.241133024916809,0.241133024916809,0.241133024916809,0.241133024916809,0.241133024916809,0.241133024916809,0.241133024916809,0.241133024916809,0.241133024916809
0.120659722222222,0.120659722222222,1206.59722222222,0.11140350877193,0.120659722222222,0.120659722222222,0.120659722222222,0.128844839371155,1.12065972222222,0.120659722222222,0.120659722222222,0.120659722222222,0.120659722222222,0.120659722222222,0.120659722222222,0.120659722222222,0.120659722222222,0.120659722222222,0.120659722222222
0.203195266272189,0.203195266272189,2031.95266272189,0.197018485390578,0.203195266272189,0.203195266272189,0.203195266272189,0.149515170472318,1.20319526627219,0.203195266272189,0.203195266272189,0.203195266272189,0.203195266272189,0.203195266272189,0.203195266272189,0.203195266272189,0.203195266272189,0.203195266272189,0.203195266272189
0.109029945658458,0.109029945658458,1090.29945658458,0.0993454885460495,0.109029945658458,0.109029945658458,0.109029945658458,0.358775188562423,1.10902994565846,0.109029945658458,0.109029945658458,0.109029945658458,0.109029945658458,0.109029945658458,0.109029945658458,0.109029945658458,0.109029945658458,0.109029945658458,0.109029945658458
0.152249134948097,0.152249134948097,1522.49134948097,0.145969498910675,0.152249134948097,0.152249134948097,0.152249134948097,0.238846945778998,1.1522491349481,0.152249134948097,0.152249134948097,0.152249134948097,0.152249134948097,0.152249134948097,0.152249134948097,0.152249134948097,0.152249134948097,0.152249134948097,0.152249134948097
0.153151238176214,0.153151238176214,1531.51238176214,0.148763420757438,0.153151238176214,0.153151238176214,0.153151238176214,0.187412587412587,1.15315123817621,0.153151238176214,0.153151238176214,0.153151238176214,0.153151238176214,0.153151238176214,0.153151238176214,0.153151238176214,0.153151238176214,0.153151238176214,0.153151238176214
0.168087005924844,0.168087005924844,1680.87005924844,0.160524160524161,0.168087005924844,0.168087005924844,0.168087005924844,0.241629919973869,1.16808700592484,0.168087005924844,0.168087005924844,0.168087005924844,0.168087005924844,0.168087005924844,0.168087005924844,0.168087005924844,0.168087005924844,0.168087005924844,0.168087005924844
0.135394878172876,0.135394878172876,1353.94878172876,0.128844839371155,0.135394878172876,0.135394878172876,0.135394878172876,0.333641975308642,1.13539487817288,0.135394878172876,0.135394878172876,0.135394878172876,0.135394878172876,0.135394878172876,0.135394878172876,0.135394878172876,0.135394878172876,0.135394878172876,0.135394878172876
0.1556337663682,0.1556337663682,1556.337663682,0.149515170472318,0.1556337663682,0.1556337663682,0.1556337663682,0.329701952723535,1.1556337663682,0.1556337663682,0.1556337663682,0.1556337663682,0.1556337663682,0.1556337663682,0.1556337663682,0.1556337663682,0.1556337663682,0.1556337663682,0.1556337663682
0.362167912432463,0.362167912432463,3621.67912432463,0.358775188562423,0.362167912432463,0.362167912432463,0.362167912432463,0.384077955506527,1.36216791243246,0.362167912432463,0.362167912432463,0.362167912432463,0.362167912432463,0.362167912432463,0.362167912432463,0.362167912432463,0.362167912432463,0.362167912432463,0.362167912432463
0.246944318696243,0.246944318696243,2469.44318696243,0.238846945778998,0.246944318696243,0.246944318696243,0.246944318696243,0.375706214689266,1.24694431869624,0.246944318696243,0.246944318696243,0.246944318696243,0.246944318696243,0.246944318696243,0.246944318696243,0.246944318696243,0.246944318696243,0.246944318696243,0.246944318696243
0.246460302649195,0.246460302649195,2464.60302649195,0.241629919973869,0.246460302649195,0.246460302649195,0.246460302649195,0.225026203337902,1.24646030264919,0.246460302649195,0.246460302649195,0.246460302649195,0.246460302649195,0.246460302649195,0.246460302649195,0.246460302649195,0.246460302649195,0.246460302649195,0.246460302649195
0.341868617588782,0.341868617588782,3418.68617588782,0.333641975308642,0.341868617588782,0.341868617588782,0.341868617588782,0.148034971564383,1.34186861758878,0.341868617588782,0.341868617588782,0.341868617588782,0.341868617588782,0.341868617588782,0.341868617588782,0.341868617588782,0.341868617588782,0.341868617588782,0.341868617588782
0.334489795918367,0.334489795918367,3344.89795918367,0.329701952723535,0.334489795918367,0.334489795918367,0.334489795918367,0.169559228650138,1.33448979591837,0.334489795918367,0.334489795918367,0.334489795918367,0.334489795918367,0.334489795918367,0.334489795918367,0.334489795918367,0.334489795918367,0.334489795918367,0.334489795918367
0.388239590942294,0.388239590942294,3882.39590942294,0.384077955506527,0.388239590942294,0.388239590942294,0.388239590942294,0.293299620733249,1.38823959094229,0.388239590942294,0.388239590942294,0.388239590942294,0.388239590942294,0.388239590942294,0.388239590942294,0.388239590942294,0.388239590942294,0.388239590942294,0.388239590942294
0.386111111111111,0.386111111111111,3861.11111111111,0.375706214689266,0.386111111111111,0.386111111111111,0.386111111111111,0.11726326926468,1.38611111111111,0.386111111111111,0.386111111111111,0.386111111111111,0.386111111111111,0.386111111111111,0.386111111111111,0.386111111111111,0.386111111111111,0.386111111111111,0.386111111111111
0.229931100785131,0.229931100785131,2299.31100785131,0.225026203337902,0.229931100785131,0.229931100785131,0.229931100785131,0.109892898837622,1.22993110078513,0.229931100785131,0.229931100785131,0.229931100785131,0.229931100785131,0.229931100785131,0.229931100785131,0.229931100785131,0.229931100785131,0.229931100785131,0.229931100785131
0.15356721200877,0.15356721200877,1535.6721200877,0.148034971564383,0.15356721200877,0.15356721200877,0.15356721200877,0.228258871116014,1.15356721200877,0.15356721200877,0.15356721200877,0.15356721200877,0.15356721200877,0.15356721200877,0.15356721200877,0.15356721200877,0.15356721200877,0.15356721200877,0.15356721200877
0.176422375520798,0.176422375520798,1764.22375520798,0.169559228650138,0.176422375520798,0.176422375520798,0.176422375520798,0.206349206349206,1.1764223755208,0.176422375520798,0.176422375520798,0.176422375520798,0.176422375520798,0.176422375520798,0.176422375520798,0.176422375520798,0.176422375520798,0.176422375520798,0.176422375520798
0.299553606390477,0.299553606390477,2995.53606390477,0.293299620733249,0.299553606390477,0.299553606390477,0.299553606390477,0.252252252252252,1.29955360639048,0.299553606390477,0.299553606390477,0.299553606390477,0.299553606390477,0.299553606390477,0.299553606390477,0.299553606390477,0.299553606390477,0.299553606390477,0.299553606390477
0.125513145252861,0.125513145252861,1255.13145252861,0.11726326926468,0.125513145252861,0.125513145252861,0.125513145252861,0.15,1.12551314525286,0.125513145252861,0.125513145252861,0.125513145252861,0.125513145252861,0.125513145252861,0.125513145252861,0.125513145252861,0.125513145252861,0.125513145252861,0.125513145252861
0.233473338203068,0.233473338203068,2334.73338203068,0.228258871116014,0.233473338203068,0.233473338203068,0.233473338203068,0.28656462585034,1.23347333820307,0.233473338203068,0.233473338203068,0.233473338203068,0.233473338203068,0.233473338203068,0.233473338203068,0.233473338203068,0.233473338203068,0.233473338203068,0.233473338203068
0.215070643642072,0.215070643642072,2150.70643642072,0.206349206349206,0.215070643642072,0.215070643642072,0.215070643642072,0.181488203266788,1.21507064364207,0.215070643642072,0.215070643642072,0.215070643642072,0.215070643642072,0.215070643642072,0.215070643642072,0.215070643642072,0.215070643642072,0.215070643642072,0.215070643642072
0.258928571428571,0.258928571428571,2589.28571428571,0.252252252252252,0.258928571428571,0.258928571428571,0.258928571428571,0.296642436829353,1.25892857142857,0.258928571428571,0.258928571428571,0.258928571428571,0.258928571428571,0.258928571428571,0.258928571428571,0.258928571428571,0.258928571428571,0.258928571428571,0.258928571428571
0.155862068965517,0.155862068965517,1558.62068965517,0.15,0.155862068965517,0.155862068965517,0.155862068965517,0.107142857142857,1.15586206896552,0.155862068965517,0.155862068965517,0.155862068965517,0.155862068965517,0.155862068965517,0.155862068965517,0.155862068965517,0.155862068965517,0.155862068965517,0.155862068965517
0.301124531445231,0.301124531445231,3011.24531445231,0.28656462585034,0.301124531445231,0.301124531445231,0.301124531445231,0.270247933884298,1.30112453144523,0.301124531445231,0.301124531445231,0.301124531445231,0.301124531445231,0.301124531445231,0.301124531445231,0.301124531445231,0.301124531445231,0.301124531445231,0.301124531445231
0.195600475624257,0.195600475624257,1956.00475624257,0.181488203266788,0.195600475624257,0.195600475624257,0.195600475624257,0.459176029962547,1.19560047562426,0.195600475624257,0.195600475624257,0.195600475624257,0.195600475624257,0.195600475624257,0.195600475624257,0.195600475624257,0.195600475624257,0.195600475624257,0.195600475624257
0.303155006858711,0.303155006858711,3031.55006858711,0.296642436829353,0.303155006858711,0.303155006858711,0.303155006858711,0.0998343761501656,1.30315500685871,0.303155006858711,0.303155006858711,0.303155006858711,0.303155006858711,0.303155006858711,0.303155006858711,0.303155006858711,0.303155006858711,0.303155006858711,0.303155006858711
0.21875,NA,2187.5,0.107142857142857,0.21875,0.21875,0.21875,0.2559680039995,1.21875,0.21875,0.21875,0.21875,0.21875,0.21875,0.21875,0.21875,0.21875,0.21875,0.21875
0.276278942695171,0.276278942695171,2762.78942695171,0.270247933884298,0.276278942695171,0.276278942695171,0.276278942695171,0.13472706155633,1.27627894269517,0.276278942695171,0.276278942695171,0.276278942695171,0.276278942695171,0.276278942695171,0.276278942695171,0.276278942695171,0.276278942695171,0.276278942695171,0.276278942695171
0.465185185185185,0.465185185185185,4651.85185185185,0.459176029962547,0.465185185185185,0.465185185185185,0.465185185185185,0.179487179487179,1.46518518518519,0.465185185185185,0.465185185185185,0.465185185185185,0.465185185185185,0.465185185185185,0.465185185185185,0.465185185185185,0.465185185185185,0.465185185185185,0.465185185185185
0.261826523653047,0.261826523653047,2618.26523653047,0.2559680039995,0.261826523653047,0.261826523653047,0.261826523653047,0.113816689466484,1.26182652365305,0.261826523653047,0.261826523653047,0.261826523653047,0.261826523653047,0.261826523653047,0.261826523653047,0.261826523653047,0.261826523653047,0.261826523653047,0.261826523653047
0.155328798185941,0.155328798185941,1553.28798185941,0.13472706155633,0.155328798185941,0.155328798185941,0.155328798185941,0.134012539184953,1.15532879818594,0.155328798185941,0.155328798185941,0.155328798185941,0.155328798185941,0.155328798185941,0.155328798185941,0.155328798185941,0.155328798185941,0.155328798185941,0.155328798185941
0.242603550295858,0.242603550295858,2426.03550295858,0.179487179487179,0.242603550295858,0.242603550295858,0.242603550295858,0.133848133848134,1.24260355029586,0.242603550295858,0.242603550295858,0.242603550295858,0.242603550295858,0.242603550295858,0.242603550295858,0.242603550295858,0.242603550295858,0.242603550295858,0.242603550295858
0.124121146565711,0.124121146565711,1241.21146565711,0.113816689466484,0.124121146565711,0.124121146565711,0.124121146565711,0.12383808095952,1.12412114656571,0.124121146565711,0.124121146565711,0.124121146565711,0.124121146565711,0.124121146565711,0.124121146565711,0.124121146565711,0.124121146565711,0.124121146565711,0.124121146565711
0.143853305785124,0.143853305785124,1438.53305785124,0.134012539184953,0.143853305785124,0.143853305785124,0.143853305785124,0.858911980038741,1.14385330578512,0.143853305785124,0.143853305785124,0.143853305785124,0.143853305785124,0.143853305785124,0.143853305785124,0.143853305785124,0.143853305785124,0.143853305785124,0.143853305785124
0.141581632653061,0.141581632653061,1415.81632653061,0.133848133848134,0.141581632653061,0.141581632653061,0.141581632653061,0.156101556101556,1.14158163265306,0.141581632653061,0.141581632653061,0.141581632653061,0.141581632653061,0.141581632653061,0.141581632653061,0.141581632653061,0.141581632653061,0.141581632653061,0.141581632653061
0.131391200951249,0.131391200951249,1313.91200951248,0.12383808095952,0.131391200951249,0.131391200951249,0.131391200951249,0.193989071038251,1.13139120095125,0.131391200951249,0.131391200951249,0.131391200951249,0.131391200951249,0.131391200951249,0.131391200951249,0.131391200951249,0.131391200951249,0.131391200951249,0.131391200951249
0.859092630512443,0.859092630512443,8590.92630512443,0.858911980038741,0.859092630512443,0.859092630512443,0.859092630512443,0.125833908442604,1.85909263051244,0.859092630512443,0.859092630512443,0.859092630512443,0.859092630512443,0.859092630512443,0.859092630512443,0.859092630512443,0.859092630512443,0.859092630512443,0.859092630512443
0.163704244785326,0.163704244785326,1637.04244785326,0.156101556101556,0.163704244785326,0.163704244785326,0.163704244785326,0.100413223140496,1.16370424478533,0.163704244785326,0.163704244785326,0.163704244785326,0.163704244785326,0.163704244785326,0.163704244785326,0.163704244785326,0.163704244785326,0.163704244785326,0.163704244785326
0.198369565217391,0.198369565217391,1983.69565217391,0.193989071038251,0.198369565217391,0.198369565217391,0.198369565217391,0.105142857142857,1.19836956521739,0.198369565217391,0.198369565217391,0.198369565217391,0.198369565217391,0.198369565217391,0.198369565217391,0.198369565217391,0.198369565217391,0.198369565217391,0.198369565217391
0.107847824602145,0.107847824602145,1078.47824602145,0.100413223140496,0.107847824602145,0.107847824602145,0.107847824602145,0.127815540450486,1.10784782460214,0.107847824602145,0.107847824602145,0.107847824602145,0.107847824602145,0.107847824602145,0.107847824602145,0.107847824602145,0.107847824602145,0.107847824602145,0.107847824602145
