"abdiv_EBP","agricolae_EBP","BiodiversityR_EBP","diverse_EBP","dyvDyn_EBP","ecodive_EBP","microbiome_EBP","tabula_EBP","triversity_EBP","wiqid_EBP"
0.357142857142857,0.357142857142857,0.35714286,0.357142857142857,0.357142857142857,0.357142857142857,0.357142857142857,0.357142857142857,0.357142857142857,1
0.514925373134328,0.514925373134328,0.51492537,0.198795180722892,0.514925373134328,0.514925373134328,0.514925373134328,0.514925373134328,0.514925373134328,1
0.478494623655914,0.478494623655914,0.47849462,0.194444444444444,0.478494623655914,0.478494623655914,0.478494623655914,0.478494623655914,0.478494623655914,1
0.377622377622378,0.377622377622378,0.37762238,0.276995305164319,0.377622377622378,0.377622377622378,0.377622377622378,0.377622377622378,0.377622377622378,1
0.21608040201005,0.21608040201005,0.2160804,0.355932203389831,0.21608040201005,0.21608040201005,0.21608040201005,0.21608040201005,0.21608040201005,1
0.186602870813397,0.186602870813397,0.18660287,0.226765799256506,0.186602870813397,0.186602870813397,0.186602870813397,0.186602870813397,0.186602870813397,1
0.228395061728395,0.228395061728395,0.22839506,0.29,0.228395061728395,0.228395061728395,0.228395061728395,0.228395061728395,0.228395061728395,1
0.206349206349206,0.206349206349206,0.20634921,0.309278350515464,0.206349206349206,0.206349206349206,0.206349206349206,0.206349206349206,0.206349206349206,1
0.24390243902439,0.24390243902439,0.24390244,0.344444444444444,0.24390243902439,0.24390243902439,0.24390243902439,0.24390243902439,0.24390243902439,1
0.198795180722892,0.198795180722892,0.19879518,0.271186440677966,0.198795180722892,0.198795180722892,0.198795180722892,0.198795180722892,0.198795180722892,1
0.194444444444444,0.194444444444444,0.19444444,0.152542372881356,0.194444444444444,0.194444444444444,0.194444444444444,0.194444444444444,0.194444444444444,1
0.276995305164319,0.276995305164319,0.27699531,0.514925373134328,0.276995305164319,0.276995305164319,0.276995305164319,0.276995305164319,0.276995305164319,1
0.355932203389831,0.355932203389831,0.3559322,0.277173913043478,0.355932203389831,0.355932203389831,0.355932203389831,0.355932203389831,0.355932203389831,1
0.226765799256506,0.226765799256506,0.2267658,0.264957264957265,0.226765799256506,0.226765799256506,0.226765799256506,0.226765799256506,0.226765799256506,1
0.29,0.29,0.29,0.401162790697674,0.29,0.29,0.29,0.29,0.29,1
0.309278350515464,0.309278350515464,0.30927835,0.246913580246914,0.309278350515464,0.309278350515464,0.309278350515464,0.309278350515464,0.309278350515464,1
0.344444444444444,0.344444444444444,0.34444444,0.275,0.344444444444444,0.344444444444444,0.344444444444444,0.344444444444444,0.344444444444444,1
0.271186440677966,0.271186440677966,0.27118644,0.308943089430894,0.271186440677966,0.271186440677966,0.271186440677966,0.271186440677966,0.271186440677966,1
0.152542372881356,0.152542372881356,0.15254237,0.291666666666667,0.152542372881356,0.152542372881356,0.152542372881356,0.152542372881356,0.152542372881356,1
0.277173913043478,0.277173913043478,0.27717391,0.38150289017341,0.277173913043478,0.277173913043478,0.277173913043478,0.277173913043478,0.277173913043478,1
0.264957264957265,0.264957264957265,0.26495726,0.27027027027027,0.264957264957265,0.264957264957265,0.264957264957265,0.264957264957265,0.264957264957265,1
0.401162790697674,0.401162790697674,0.40116279,0.378378378378378,0.401162790697674,0.401162790697674,0.401162790697674,0.401162790697674,0.401162790697674,1
0.246913580246914,0.246913580246914,0.24691358,0.478494623655914,0.246913580246914,0.246913580246914,0.246913580246914,0.246913580246914,0.246913580246914,1
0.275,0.275,0.275,0.208333333333333,0.275,0.275,0.275,0.275,0.275,1
0.308943089430894,0.308943089430894,0.30894309,0.384615384615385,0.308943089430894,0.308943089430894,0.308943089430894,0.308943089430894,0.308943089430894,1
0.291666666666667,0.291666666666667,0.29166667,0.193548387096774,0.291666666666667,0.291666666666667,0.291666666666667,0.291666666666667,0.291666666666667,1
0.38150289017341,0.38150289017341,0.38150289,0.279411764705882,0.38150289017341,0.38150289017341,0.38150289017341,0.38150289017341,0.38150289017341,1
0.27027027027027,0.27027027027027,0.27027027,0.288659793814433,0.27027027027027,0.27027027027027,0.27027027027027,0.27027027027027,0.27027027027027,1
0.378378378378378,0.378378378378378,0.37837838,0.261261261261261,0.378378378378378,0.378378378378378,0.378378378378378,0.378378378378378,0.378378378378378,1
0.208333333333333,0.208333333333333,0.20833333,0.218045112781955,0.208333333333333,0.208333333333333,0.208333333333333,0.208333333333333,0.208333333333333,1
0.384615384615385,0.384615384615385,0.38461538,0.258992805755396,0.384615384615385,0.384615384615385,0.384615384615385,0.384615384615385,0.384615384615385,1
0.193548387096774,0.193548387096774,0.19354839,0.582010582010582,0.193548387096774,0.193548387096774,0.193548387096774,0.193548387096774,0.193548387096774,1
0.279411764705882,0.279411764705882,0.27941176,0.425531914893617,0.279411764705882,0.279411764705882,0.279411764705882,0.279411764705882,0.279411764705882,1
0.288659793814433,0.288659793814433,0.28865979,0.377622377622378,0.288659793814433,0.288659793814433,0.288659793814433,0.288659793814433,0.288659793814433,1
0.261261261261261,0.261261261261261,0.26126126,0.414012738853503,0.261261261261261,0.261261261261261,0.261261261261261,0.261261261261261,0.261261261261261,1
0.218045112781955,0.218045112781955,0.21804511,0.54320987654321,0.218045112781955,0.218045112781955,0.218045112781955,0.218045112781955,0.218045112781955,1
0.258992805755396,0.258992805755396,0.25899281,0.521428571428571,0.258992805755396,0.258992805755396,0.258992805755396,0.258992805755396,0.258992805755396,1
0.582010582010582,0.582010582010582,0.58201058,0.601351351351351,0.582010582010582,0.582010582010582,0.582010582010582,0.582010582010582,0.582010582010582,1
0.425531914893617,0.425531914893617,0.42553191,0.466666666666667,0.425531914893617,0.425531914893617,0.425531914893617,0.425531914893617,0.425531914893617,1
0.414012738853503,0.414012738853503,0.41401274,0.329113924050633,0.414012738853503,0.414012738853503,0.414012738853503,0.414012738853503,0.414012738853503,1
0.54320987654321,0.54320987654321,0.54320988,0.272727272727273,0.54320987654321,0.54320987654321,0.54320987654321,0.54320987654321,0.54320987654321,1
0.521428571428571,0.521428571428571,0.52142857,0.28099173553719,0.521428571428571,0.521428571428571,0.521428571428571,0.521428571428571,0.521428571428571,1
0.601351351351351,0.601351351351351,0.60135135,0.469026548672566,0.601351351351351,0.601351351351351,0.601351351351351,0.601351351351351,0.601351351351351,1
0.466666666666667,0.466666666666667,0.46666667,0.233644859813084,0.466666666666667,0.466666666666667,0.466666666666667,0.466666666666667,0.466666666666667,1
0.329113924050633,0.329113924050633,0.32911392,0.21608040201005,0.329113924050633,0.329113924050633,0.329113924050633,0.329113924050633,0.329113924050633,1
0.272727272727273,0.272727272727273,0.27272727,0.385135135135135,0.272727272727273,0.272727272727273,0.272727272727273,0.272727272727273,0.272727272727273,1
0.28099173553719,0.28099173553719,0.28099174,0.340659340659341,0.28099173553719,0.28099173553719,0.28099173553719,0.28099173553719,0.28099173553719,1
0.469026548672566,0.469026548672566,0.46902655,0.410714285714286,0.469026548672566,0.469026548672566,0.469026548672566,0.469026548672566,0.469026548672566,1
0.233644859813084,0.233644859813084,0.23364486,0.303448275862069,0.233644859813084,0.233644859813084,0.233644859813084,0.233644859813084,0.233644859813084,1
0.385135135135135,0.385135135135135,0.38513514,0.428571428571429,0.385135135135135,0.385135135135135,0.385135135135135,0.385135135135135,0.385135135135135,1
0.340659340659341,0.340659340659341,0.34065934,0.310344827586207,0.340659340659341,0.340659340659341,0.340659340659341,0.340659340659341,0.340659340659341,1
0.410714285714286,0.410714285714286,0.41071429,0.5,0.410714285714286,0.410714285714286,0.410714285714286,0.410714285714286,0.410714285714286,1
0.303448275862069,0.303448275862069,0.30344828,0.25,0.303448275862069,0.303448275862069,0.303448275862069,0.303448275862069,0.303448275862069,1
0.428571428571429,0.428571428571429,0.42857143,0.471074380165289,0.428571428571429,0.428571428571429,0.428571428571429,0.428571428571429,0.428571428571429,1
0.310344827586207,0.310344827586207,0.31034483,0.6,0.310344827586207,0.310344827586207,0.310344827586207,0.310344827586207,0.310344827586207,1
0.5,0.5,0.5,0.186602870813397,0.5,0.5,0.5,0.5,0.5,1
0.25,0.25,0.25,0.433070866141732,0.25,0.25,0.25,0.25,0.25,1
0.471074380165289,0.471074380165289,0.47107438,0.214285714285714,0.471074380165289,0.471074380165289,0.471074380165289,0.471074380165289,0.471074380165289,1
0.6,0.6,0.6,0.384615384615385,0.6,0.6,0.6,0.6,0.6,1
0.433070866141732,0.433070866141732,0.43307087,0.22093023255814,0.433070866141732,0.433070866141732,0.433070866141732,0.433070866141732,0.433070866141732,1
0.214285714285714,0.214285714285714,0.21428571,0.227272727272727,0.214285714285714,0.214285714285714,0.214285714285714,0.214285714285714,0.214285714285714,1
0.384615384615385,0.384615384615385,0.38461538,0.223214285714286,0.384615384615385,0.384615384615385,0.384615384615385,0.384615384615385,0.384615384615385,1
0.22093023255814,0.22093023255814,0.22093023,0.21551724137931,0.22093023255814,0.22093023255814,0.22093023255814,0.22093023255814,0.22093023255814,1
0.227272727272727,0.227272727272727,0.22727273,0.925736235595391,0.227272727272727,0.227272727272727,0.227272727272727,0.227272727272727,0.227272727272727,1
0.223214285714286,0.223214285714286,0.22321429,0.288288288288288,0.223214285714286,0.223214285714286,0.223214285714286,0.223214285714286,0.223214285714286,1
0.21551724137931,0.21551724137931,0.21551724,0.396739130434783,0.21551724137931,0.21551724137931,0.21551724137931,0.21551724137931,0.21551724137931,1
0.925736235595391,0.925736235595391,0.92573624,0.228395061728395,0.925736235595391,0.925736235595391,0.925736235595391,0.925736235595391,0.925736235595391,1
0.288288288288288,0.288288288288288,0.28828829,0.190082644628099,0.288288288288288,0.288288288288288,0.288288288288288,0.288288288288288,0.288288288288288,1
0.396739130434783,0.396739130434783,0.39673913,0.206349206349206,0.396739130434783,0.396739130434783,0.396739130434783,0.396739130434783,0.396739130434783,1
0.190082644628099,0.190082644628099,0.19008264,0.24390243902439,0.190082644628099,0.190082644628099,0.190082644628099,0.190082644628099,0.190082644628099,1
