"codyn_EEQ","custom_EEQ"
0.178214976841818,0.0175401476820035
0.149031381397538,0.0155614967773638
0.158467156508177,0.0198863319591769
0.143315505275449,0.0165063799061634
0.164463827454197,0.0213729832705348
0.169569095191205,0.0169781985704982
0.161253540696471,0.0290368477612276
0.192982895786686,0.0151491294722105
0.17182721264329,0.0286212823040656
0.17703691315567,0.0191078029127523
0.168046644195542,0.0123641754178932
0.149721325235582,0.0244180616418311
0.146485044712125,0.0251797693826556
0.155329593592417,0.0148773792671733
0.184542091125972,0.0221626695684113
0.188259842500427,0.0213654455688444
0.168101946967804,0.0372676448485655
0.178485596905,0.0216729958777272
0.196966154315502,0.0146317822643353
0.172574364165857,0.0180490222236631
0.165408997164553,0.0294545930483513
0.138465856014557,0.0464981148192884
0.196063529387423,0.0288219989491197
0.182044006492929,0.04010596765896
0.165961117530317,0.0204375409616441
0.163809738879415,0.0267776012851177
0.168251719991505,0.0156618106266054
0.184795351219527,0.0217167420140728
0.137873267315295,0.105915595088518
0.194654072401858,0.0151978314206683
0.159056465222331,0.0372065986028916
0.212760416028908,0.0209912739853817
0.154560003111291,0.0324259599776532
0.157939883051485,0.0188108835396188
0.174218561150734,0.0216497276519678
0.166432429016019,0.0233685297654339
0.151187462040648,0.0304452735405602
0.144981980858058,0.0418433285054545
0.16166063627704,0.0644967010762367
0.142285070193542,0.0611650624635814
0.159040642232062,0.063413674535297
0.139348189374889,0.0881210221976126
0.145924141484438,0.056486555495647
0.131372722958154,0.296401442439038
0.155612295642023,0.0281377438252339
0.158063882487088,0.0292312759372293
0.151865329502677,0.0438528681576678
0.152283928606096,0.0577239309298298
0.203099130028554,0.0332296765848553
0.147378085655492,0.0650622463003911
0.173312425707506,0.0354086044181314
0.154548123420392,0.0493525782116327
0.165279023303983,0.032770425977441
0.164197297317854,0.114438029529895
0.198457924220302,0.0698404191687437
0.151564909084178,0.066227330143232
0.430134205418004,0.0820089479491809
0.145932307509752,0.0702356685956168
0.117643299588273,0.173082250373443
0.146209559939228,0.0606447389642736
0.220126101513845,0.0656876666197102
0.301375428031171,0.110407293251864
0.189584507934909,0.0230872785727899
0.186063647519135,0.0372240529777412
0.172808645376329,0.0421968403165597
0.176918061722441,0.0365530456081589
0.0876136679816985,0.257978192779998
0.174529907616454,0.0403595172719201
0.175612251706693,0.0210453920461108
0.179590644910548,0.0305667072139291
