"acid_EGIN","DescTools_EGIN","dplR_EGIN","EconGeo_EGIN","giniVarCI_EGIN","ineq_EGIN","microbiome_EGIN","REAT_EGIN","shipunov_EGIN","wINEQ_EGIN"
0.77265306122449,0.77265306122449,0.77265306122449,0.773,0.77265306122449,0.77265306122449,0.77265306122449,0.77265306122449,0.77265306122449,0.77265306122449
0.822601279317697,0.822601279317697,0.822601279317697,0.823,0.822601279317697,0.822601279317697,0.822601279317697,0.822601279317697,0.822601279317697,0.822601279317697
0.816282642089094,0.816282642089094,0.816282642089094,0.816,0.816282642089094,0.816282642089094,0.816282642089094,0.816282642089094,0.816282642089094,0.816282642089094
0.792607392607393,0.792607392607392,0.792607392607393,0.793,0.792607392607393,0.792607392607393,0.792607392607393,0.792607392607393,0.792607392607393,0.792607392607393
0.74802584350323,0.74802584350323,0.74802584350323,0.748,0.74802584350323,0.74802584350323,0.748025843503231,0.748025843503231,0.748025843503231,0.74802584350323
0.720984278879016,0.720984278879016,0.720984278879016,0.721,0.720984278879016,0.720984278879016,0.720984278879016,0.720984278879016,0.720984278879016,0.720984278879016
0.787301587301587,0.787301587301587,0.787301587301587,0.787,0.787301587301587,0.787301587301587,0.787301587301587,0.787301587301587,0.787301587301587,0.787301587301587
0.720634920634921,0.720634920634921,0.720634920634921,0.721,0.72063492063492,0.720634920634921,0.72063492063492,0.720634920634921,0.72063492063492,0.720634920634921
0.78931475029036,0.78931475029036,0.78931475029036,0.789,0.78931475029036,0.78931475029036,0.78931475029036,0.78931475029036,0.78931475029036,0.78931475029036
0.741824440619621,0.741824440619621,0.741824440619621,0.742,0.741824440619621,0.741824440619621,0.741824440619621,0.741824440619621,0.741824440619621,0.741824440619621
0.711904761904762,0.711904761904762,0.711904761904762,0.712,0.711904761904761,0.711904761904762,0.711904761904762,0.711904761904762,0.711904761904762,0.711904761904762
0.796244131455399,0.796244131455399,0.796244131455399,0.796,0.796244131455399,0.796244131455399,0.796244131455399,0.796244131455399,0.796244131455399,0.796244131455399
0.850040355125101,0.850040355125101,0.850040355125101,0.85,0.850040355125101,0.850040355125101,0.850040355125101,0.850040355125101,0.850040355125101,0.850040355125101
0.718428040361126,0.718428040361126,0.718428040361126,0.718,0.718428040361126,0.718428040361126,0.718428040361126,0.718428040361126,0.718428040361126,0.718428040361126
0.788571428571429,0.788571428571428,0.788571428571429,0.789,0.788571428571429,0.788571428571429,0.788571428571428,0.788571428571429,0.788571428571428,0.788571428571429
0.781148748159057,0.781148748159057,0.781148748159057,0.781,0.781148748159057,0.781148748159058,0.781148748159057,0.781148748159057,0.781148748159057,0.781148748159057
0.848888888888889,0.848888888888889,0.848888888888889,0.849,0.848888888888889,0.848888888888889,0.848888888888889,0.848888888888889,0.848888888888889,0.848888888888889
0.776755447941889,0.776755447941889,0.776755447941889,0.777,0.776755447941889,0.776755447941889,0.776755447941889,0.776755447941889,0.776755447941889,0.776755447941889
0.691041162227603,0.691041162227603,0.691041162227603,0.691,0.691041162227603,0.691041162227603,0.691041162227602,0.691041162227603,0.691041162227602,0.691041162227603
0.741614906832298,0.741614906832298,0.741614906832298,0.742,0.741614906832298,0.741614906832298,0.741614906832298,0.741614906832298,0.741614906832298,0.741614906832298
0.813675213675214,0.813675213675214,0.813675213675214,0.814,0.813675213675214,0.813675213675214,0.813675213675214,0.813675213675214,0.813675213675214,0.813675213675214
0.87375415282392,0.87375415282392,0.87375415282392,0.874,0.87375415282392,0.87375415282392,0.87375415282392,0.87375415282392,0.87375415282392,0.87375415282392
0.795061728395062,0.795061728395062,0.795061728395062,0.795,0.795061728395062,0.795061728395062,0.795061728395062,0.795061728395062,0.795061728395062,0.795061728395062
0.825714285714286,0.825714285714286,0.825714285714286,0.826,0.825714285714286,0.825714285714286,0.825714285714286,0.825714285714286,0.825714285714286,0.825714285714286
0.820905923344948,0.820905923344948,0.820905923344948,0.821,0.820905923344948,0.820905923344948,0.820905923344948,0.820905923344948,0.820905923344948,0.820905923344948
0.828571428571429,0.828571428571429,0.828571428571429,0.829,0.828571428571429,0.828571428571429,0.828571428571429,0.828571428571429,0.828571428571429,0.828571428571429
0.780842279108175,0.780842279108175,0.780842279108175,0.781,0.780842279108175,0.780842279108175,0.780842279108175,0.780842279108175,0.780842279108175,0.780842279108175
0.775804375804376,0.775804375804376,0.775804375804376,0.776,0.775804375804376,0.775804375804376,0.775804375804376,0.775804375804376,0.775804375804376,0.775804375804376
0.887516087516087,0.887516087516087,0.887516087516088,0.888,0.887516087516088,0.887516087516088,0.887516087516087,0.887516087516088,0.887516087516087,0.887516087516088
0.745833333333333,0.745833333333333,0.745833333333333,0.746,0.745833333333333,0.745833333333333,0.745833333333334,0.745833333333333,0.745833333333334,0.745833333333333
0.837362637362637,0.837362637362637,0.837362637362637,0.837,0.837362637362637,0.837362637362637,0.837362637362637,0.837362637362637,0.837362637362637,0.837362637362637
0.740399385560676,0.740399385560676,0.740399385560676,0.74,0.740399385560676,0.740399385560676,0.740399385560675,0.740399385560676,0.740399385560675,0.740399385560676
0.811344537815126,0.811344537815126,0.811344537815126,0.811,0.811344537815126,0.811344537815126,0.811344537815126,0.811344537815126,0.811344537815126,0.811344537815126
0.784683357879234,0.784683357879234,0.784683357879234,0.785,0.784683357879234,0.784683357879234,0.784683357879234,0.784683357879234,0.784683357879234,0.784683357879234
0.800514800514801,0.8005148005148,0.800514800514801,0.801,0.8005148005148,0.8005148005148,0.8005148005148,0.800514800514801,0.8005148005148,0.800514800514801
0.783243823845328,0.783243823845327,0.783243823845328,0.783,0.783243823845328,0.783243823845328,0.783243823845328,0.783243823845328,0.783243823845328,0.783243823845328
0.813155190133607,0.813155190133607,0.813155190133607,0.813,0.813155190133607,0.813155190133607,0.813155190133608,0.813155190133607,0.813155190133608,0.813155190133607
0.875585789871504,0.875585789871504,0.875585789871504,0.876,0.875585789871504,0.875585789871504,0.875585789871504,0.875585789871504,0.875585789871504,0.875585789871504
0.874164133738602,0.874164133738602,0.874164133738602,0.874,0.874164133738602,0.874164133738602,0.874164133738602,0.874164133738602,0.874164133738602,0.874164133738602
0.875341219290264,0.875341219290264,0.875341219290264,0.875,0.875341219290264,0.875341219290264,0.875341219290264,0.875341219290264,0.875341219290264,0.875341219290264
0.896649029982363,0.896649029982363,0.896649029982363,0.897,0.896649029982363,0.896649029982364,0.896649029982364,0.896649029982363,0.896649029982364,0.896649029982363
0.903265306122449,0.903265306122449,0.903265306122449,0.903,0.903265306122449,0.903265306122449,0.903265306122449,0.903265306122449,0.903265306122449,0.903265306122449
0.893822393822394,0.893822393822394,0.893822393822394,0.894,0.893822393822394,0.893822393822394,0.893822393822394,0.893822393822394,0.893822393822394,0.893822393822394
0.929523809523809,0.929523809523809,0.92952380952381,0.93,0.929523809523809,0.929523809523809,0.92952380952381,0.92952380952381,0.92952380952381,0.92952380952381
0.841591320072333,0.841591320072333,0.841591320072333,0.842,0.841591320072332,0.841591320072333,0.841591320072333,0.841591320072333,0.841591320072333,0.841591320072333
0.806679035250464,0.806679035250464,0.806679035250464,0.807,0.806679035250464,0.806679035250464,0.806679035250464,0.806679035250464,0.806679035250464,0.806679035250464
0.842030696576151,0.842030696576151,0.842030696576151,0.842,0.842030696576151,0.842030696576151,0.842030696576151,0.842030696576151,0.842030696576151,0.842030696576151
0.890012642225032,0.890012642225032,0.890012642225032,0.89,0.890012642225032,0.890012642225032,0.890012642225032,0.890012642225032,0.890012642225032,0.890012642225032
0.781842456608812,0.781842456608812,0.781842456608812,0.782,0.781842456608812,0.781842456608812,0.781842456608812,0.781842456608812,0.781842456608812,0.781842456608812
0.86988416988417,0.86988416988417,0.86988416988417,0.87,0.86988416988417,0.86988416988417,0.86988416988417,0.86988416988417,0.86988416988417,0.86988416988417
0.841444270015699,0.841444270015698,0.841444270015699,0.841,0.841444270015699,0.841444270015698,0.841444270015698,0.841444270015699,0.841444270015698,0.841444270015698
0.868367346938775,0.868367346938775,0.868367346938775,0.868,0.868367346938775,0.868367346938775,0.868367346938776,0.868367346938775,0.868367346938776,0.868367346938775
0.803546798029557,0.803546798029557,0.803546798029557,0.804,0.803546798029557,0.803546798029557,0.803546798029557,0.803546798029557,0.803546798029557,0.803546798029557
0.904956268221574,0.904956268221574,0.904956268221574,0.905,0.904956268221574,0.904956268221574,0.904956268221574,0.904956268221574,0.904956268221574,0.904956268221574
0.85615763546798,0.85615763546798,0.85615763546798,0.856,0.85615763546798,0.856157635467981,0.85615763546798,0.85615763546798,0.85615763546798,0.85615763546798
0.887830687830688,0.887830687830688,0.887830687830688,0.888,0.887830687830688,0.887830687830688,0.887830687830688,0.887830687830688,0.887830687830688,0.887830687830688
0.878571428571429,0.878571428571428,0.878571428571429,0.879,0.878571428571428,0.878571428571429,0.878571428571428,0.878571428571429,0.878571428571428,0.878571428571429
0.882172373081464,0.882172373081464,0.882172373081464,0.882,0.882172373081464,0.882172373081464,0.882172373081464,0.882172373081464,0.882172373081464,0.882172373081464
0.937142857142857,0.937142857142857,0.937142857142857,0.937,0.937142857142857,0.937142857142857,0.937142857142857,0.937142857142857,0.937142857142857,0.937142857142857
0.881889763779528,0.881889763779528,0.881889763779528,0.882,0.881889763779528,0.881889763779528,0.881889763779528,0.881889763779528,0.881889763779528,0.881889763779527
0.834013605442177,0.834013605442177,0.834013605442177,0.834,0.834013605442177,0.834013605442177,0.834013605442177,0.834013605442177,0.834013605442177,0.834013605442177
0.887912087912088,0.887912087912088,0.887912087912088,0.888,0.887912087912088,0.887912087912088,0.887912087912088,0.887912087912088,0.887912087912088,0.887912087912088
0.766777408637874,0.766777408637874,0.766777408637874,0.767,0.766777408637874,0.766777408637874,0.766777408637874,0.766777408637874,0.766777408637874,0.766777408637874
0.805194805194805,0.805194805194805,0.805194805194805,0.805,0.805194805194805,0.805194805194805,0.805194805194805,0.805194805194805,0.805194805194805,0.805194805194805
0.810204081632653,0.810204081632653,0.810204081632653,0.81,0.810204081632653,0.810204081632653,0.810204081632653,0.810204081632653,0.810204081632653,0.810204081632653
0.795073891625616,0.795073891625616,0.795073891625616,0.795,0.795073891625616,0.795073891625616,0.795073891625615,0.795073891625616,0.795073891625615,0.795073891625616
0.963599780501189,0.963599780501189,0.963599780501189,0.964,0.963599780501189,0.963599780501189,0.963599780501189,0.963599780501189,0.963599780501189,0.963599780501189
0.822136422136422,0.822136422136422,0.822136422136422,0.822,0.822136422136422,0.822136422136422,0.822136422136422,0.822136422136422,0.822136422136422,0.822136422136422
0.798447204968944,0.798447204968944,0.798447204968944,0.798,0.798447204968944,0.798447204968944,0.798447204968944,0.798447204968944,0.798447204968944,0.798447204968944
0.757497048406139,0.757497048406139,0.757497048406139,0.757,0.757497048406139,0.757497048406139,0.757497048406139,0.757497048406139,0.757497048406139,0.757497048406139
