"package","col"
"abdiv","black"
"ade4","grey70"
"adiv","black"
"agricolae","grey70"
"antitrust","black"
"aqp","grey70"
"asbio","black"
"BAT","grey70"
"benthos","black"
"BiodiversityR","grey70"
"biosampleR","black"
"breakaway","grey70"
"catsim","black"
"chemodiv","grey70"
"codyn","black"
"Compositional","grey70"
"concstats","black"
"CUB","grey70"
"DescTools","black"
"divDyn","grey70"
"divent","black"
"diverse","grey70"
"divseg","black"
"ecodive","grey70"
"EconGeo","black"
"entropart","grey70"
"forestHES","black"
"forestmangr","grey70"
"HardyWeinberg","black"
"hhi","grey70"
"ineq","black"
"iNEXT","grey70"
"lawstat","black"
"MCPAN","grey70"
"microbiome","black"
"OTUtable","grey70"
"PCRA","black"
"PDtoolkit","grey70"
"pgirmess","black"
"politics","grey70"
"preseqR","black"
"REAT","grey70"
"RoughSets","black"
"sads","grey70"
"simboot","black"
"SpiecEasi","grey70"
"sprex","black"
"SYNCSA","grey70"
"tabula","black"
"triversity","grey70"
"untb","black"
"vegan","grey70"
"wavethresh","black"
"wiqid","grey70"
