"Sample","RICH","D1SP","DBRI","DFIS","DHUR_2","DHUR_3","DINVSP","DMC","DQ","DRAO","DSHA","DSP","EBP","EBRI","EBU","EEQ","EEVAR","EGIN","EHEI","EHURE","EMC","EMN","EPIE","ESP","EST","QHIL_0","QHIL_1","QHIL_2","QHIL_3","QREN_0","QREN_1","QREN_2","QREN_3","QTSA_0","QTSA_1","QTSA_2","QTSA_3","RACE","RC1","RC1M","RCA2","RICE","RJA1","RJA2","RSQ","TMG","TMN","TRY","TRYA"
1,20,0.828775510204082,2.08252746039484,6.38515507963988,1.83473792394654,2.5514321462085,5.84028605482718,0.64032448616116,5.91655497307444,0.828775510204082,2.28577509566694,0.171224489795918,0.357142857142857,0.757839642481135,0.503759398496241,0.178214976841818,0.458765364581015,0.77265306122449,0.464910790689576,0.834737923946542,0.755039055048023,0.478571428571429,0.763010471878786,0.292014302741359,0.471428571428571,20,9.83330502310194,5.84028605482717,4.48207811705616,2.99573227355399,2.28577509566694,1.76477977763151,1.50008680428891,19,2.28577509566694,0.828775510204082,0.475110787172012,23.5632798573975,22.5,24.1369047619048,20,20,25,27,24.3025641025641,3.84487552419213,1.69030850945703,1.87503066413123,1.67999170572451
2,23,0.709345065716195,1.80390120854607,6.0252685904752,1.71200178880875,2.2727307115684,3.44050584403142,0.490859805880895,6.25167851051884,0.709345065716196,1.93042838599021,0.290654934283805,0.514925373134328,0.60866450635894,0.39246947082768,0.149031381397538,0.350650468298212,0.822601279317697,0.267839192886418,0.71200178880875,0.582292058371702,0.615671641791045,0.615669573295054,0.149587210610062,0.581116158338741,23,6.89246224350119,3.44050584403142,2.68777974497271,3.13549421592915,1.93042838599021,1.23561850825841,0.988715479189311,22,1.93042838599021,0.709345065716195,0.430787800527325,28.4339622641509,25.5,26.5865671641791,23,23,29,30,33.4837206707028,3.93490453057536,1.40494861009751,1.82173755281209,1.66227396100004
3,19,0.741299572204879,1.84364762924433,5.29751122179693,1.74530659691947,2.34551097380687,3.86547486033519,0.530254097210805,5.64582826474227,0.741299572204878,1.99564653126028,0.258700427795121,0.478494623655914,0.670092894293015,0.450418160095579,0.158467156508177,0.428648186330639,0.816282642089094,0.353164332996207,0.745306596919471,0.63766417511587,0.586021505376344,0.677768004492741,0.2034460452808,0.520656479909451,19,7.35695799393173,3.8654748603352,2.9888095275283,2.94443897916644,1.99564653126028,1.3520845361575,1.09487515679098,18,1.99564653126028,0.741299572204879,0.444027651900835,20.8909807972205,19.75,20.491935483871,19,19,22,22,21.3321462694346,3.44448384582905,1.39314759270286,1.78062596116567,1.60937504578841
4,23,0.809746197858086,2.07400597415105,5.89363510308537,1.81258741258743,2.49588817409433,5.25613674334918,0.599253685009937,5.91655497307444,0.809746197858086,2.19930866615162,0.190253802141914,0.377622377622378,0.697837530228026,0.448664971392244,0.143315505275449,0.329257387133923,0.792607392607393,0.364489834470078,0.812587412587427,0.71235545131171,0.541958041958042,0.701423289183105,0.228527684493443,0.527363940407419,23,9.01877635834171,5.25613674334918,4.09998403204622,3.13549421592915,2.19930866615162,1.65939629746283,1.41098307907981,22,2.19930866615162,0.809746197858086,0.470255568432741,28.4956951530612,24.4285714285714,25.0760489510489,23,23,28,27,27.7630415886191,3.88968031352419,1.36001851077489,1.80958400315624,1.65370527248959
5,19,0.885634201156536,2.29780707503468,5.16802568695514,1.89010710116237,2.68698205687725,8.74387281960698,0.712314508937171,4.92600136196937,0.885634201156537,2.45414151003693,0.114365798843464,0.21608040201005,0.832343646023933,0.572026800670017,0.164463827454197,0.417772209996511,0.748025843503231,0.590913305171348,0.890107101162374,0.858854639632588,0.376884422110553,0.833483569332344,0.460203832610894,0.405448294102089,19,11.6364394930843,8.74387281960698,7.43622245816474,2.94443897916644,2.45414151003693,2.16835320589277,2.00636298578674,18,2.45414151003693,0.885634201156536,0.490957984285205,20.9007421150278,20,21.2386934673367,19,19,22,23,20.0307758446288,3.40052209272434,1.34687428951584,1.76690073734774,1.59999291320108
6,21,0.895858611295529,2.39276681894552,5.81944199563695,1.90016562384986,2.71440020696311,9.60233018245768,0.727621158604934,5.77446246996802,0.895858611295529,2.55750479292843,0.104141388704471,0.186602870813397,0.838724870986877,0.571291866028708,0.169569095191205,0.439499639485594,0.720984278879016,0.595179000440232,0.900165623849864,0.866341838964801,0.368421052631579,0.840034798640156,0.457253818212271,0.40829346092504,21,12.9035800088046,9.60233018245768,8.12351475888305,3.04452243772342,2.55750479292843,2.26200579635962,2.09476291259934,20,2.55750479292843,0.895858611295529,0.492423265718652,22.6935155680117,22,23.2392344497608,21,21,24,25,21.9386262552157,3.74368189198277,1.45260037411876,1.81690650992711,1.64746956285004
7,16,0.868770004572474,2.12477246049547,4.40591740252655,1.87416609155739,2.64267454566367,7.62020905923345,0.692121382794592,0,0.868770004572474,2.28188850040498,0.131229995427526,0.228395061728395,0.821143680974579,0.530041152263374,0.161253540696471,0.428831783246243,0.787301587301587,0.586344074624208,0.874166091557386,0.850324255107121,0.395061728395062,0.823017305848953,0.476263066202091,0.440586419753086,16,9.79516111936312,7.62020905923345,6.71789543686817,2.77258872223978,2.28188850040498,2.03080380491715,1.90477492644679,15,2.28188850040498,0.868770004572474,0.488920924429993,17.1613750976632,16.5,17.9876543209877,16,16,18,19,16.5255608118419,2.94834711946832,1.25707872210942,1.70431483398246,1.53413624118581
8,21,0.887755102040816,2.30151509844851,7.19597017158374,1.89485714285715,2.70102918586786,8.90909090909091,0.730004250389943,5.64582826474227,0.887755102040814,2.53987142731388,0.112244897959184,0.206349206349206,0.832004229912817,0.575,0.192982895786686,0.503265033185325,0.72063492063492,0.583902040813846,0.894857142857149,0.850582655403161,0.404761904761905,0.834242965610428,0.424242424242424,0.404761904761905,21,12.6780408162769,8.90909090909091,7.32949928582146,3.04452243772342,2.53987142731388,2.1870722058722,1.99190720330903,20,2.53987142731388,0.887755102040816,0.490692749763045,24.5694833339726,23.5,25.1335978835979,21,21,26,28,23.8248050218756,4.13540822987444,1.87082869338697,1.93162435722064,1.72450465165016
9,16,0.86509352898407,2.08550504667707,4.90701582331615,1.87218445954954,2.63825378939338,7.4125428711416,0.695406532908194,0,0.865093528984071,2.27728918808146,0.13490647101593,0.24390243902439,0.819679837119068,0.550135501355014,0.17182721264329,0.444009004414338,0.78931475029036,0.583347570485861,0.872184459549535,0.843605116614568,0.40650406504065,0.821358454578795,0.46328392944635,0.421747967479675,16,9.75021355728792,7.4125428711416,6.41075609262972,2.77258872223978,2.27728918808146,2.00317354793499,1.85797721914486,15,2.27728918808146,0.86509352898407,0.487833896780372,18.3960167412325,16.75,17.4878048780488,16,16,19,19,17.2180226775413,3.11708756196211,1.44267141546789,1.76468622681332,1.57412829010335
10,19,0.887719552910437,2.29528911547263,5.53276736392236,1.89309967141288,2.69478134266552,8.90627020038785,0.720867415738301,6.25167851051884,0.887719552910438,2.47691915111123,0.112280447089563,0.198795180722892,0.839585459144336,0.563922356091031,0.17703691315567,0.486733552016518,0.741824440619621,0.605807322195248,0.893099671412881,0.862874162626138,0.373493975903614,0.841219386320053,0.468751063178308,0.413126188966392,19,11.9045317995145,8.90627020038785,7.63375766009409,2.94443897916644,2.47691915111123,2.18675554558008,2.03258020900571,18,2.47691915111123,0.887719552910437,0.491419881879091,19.9706630803106,19.25,19.6626506024096,19,19,21,20,19.449741987063,3.52113517191848,1.47468599884203,1.80464577257593,1.62565333810374
11,25,0.889274691358025,2.39499065295968,7.3119526937976,1.89341085271313,2.69624477770525,9.03135888501742,0.715960838304154,7.49451867310857,0.889274691358019,2.57284443806123,0.110725308641975,0.194444444444444,0.79784211337047,0.50733024691358,0.168046644195542,0.409925507315469,0.711904761904762,0.504293428170647,0.893410852713134,0.834057341989203,0.361111111111111,0.799299065277417,0.361254355400697,0.472962962962963,25,13.1030422760955,9.03135888501742,7.60604769647038,3.2188758248682,2.57284443806123,2.20070284171254,2.02894368038706,24,2.57284443806123,0.889274691358025,0.491357250704923,28.8195097210482,30,33.9583333333333,25,25,31,35,28.9989678751129,4.46488501240998,1.70103454359943,1.91393505673258,1.73697344319692
12,19,0.852740858295312,2.10905508061129,5.0446416800135,1.85676322083445,2.59887366765201,6.79074988774136,0.661587650372936,3.94436998204963,0.852740858295314,2.24718804757461,0.147259141704688,0.276995305164319,0.761312071407689,0.476004173187272,0.149721325235582,0.3321158482978,0.796244131455399,0.470060791641891,0.856763220834455,0.799726179991501,0.436619718309859,0.763197357280869,0.357407888828492,0.496417099085742,19,9.46109424955404,6.79074988774136,5.75314733757724,2.94443897916644,2.24718804757461,1.91556137549337,1.74974706811765,18,2.24718804757461,0.852740858295312,0.48489366847562,22.7946428571429,22.3333333333333,25.2206572769953,19,19,24,27,22.689203516367,3.35739956779956,1.30185854867231,1.75347199483078,1.59075666203605
13,18,0.756168406268952,1.71272726362948,5.0103682189788,1.7604648176682,2.35786594761172,4.10119125539992,0.547348137636142,5.4214210885152,0.756168406268953,1.851997092018,0.243831593731048,0.355932203389831,0.634589995760641,0.378863409770688,0.146485044712125,0.336979648031841,0.850040355125101,0.316031374031225,0.760464817668197,0.662316406351278,0.677966101694915,0.640747020503004,0.227843958633329,0.586629001883239,18,6.37253335853082,4.10119125539992,3.55224322384562,2.89037175789616,1.851997092018,1.4112774816063,1.26757929796737,17,1.851997092018,0.756168406268952,0.460375425162477,27.1818181818182,21,22.4745762711864,18,18,24,26,26.8083021043528,3.28429448109238,1.35296285040509,1.75806792156527,1.58671548106427
14,23,0.891391771810782,2.41853192065311,6.01754977048768,1.89471786051153,2.70067460616802,9.20740552233108,0.713974147052376,5.64582826474227,0.891391771810783,2.56237755804038,0.108608228189218,0.226765799256506,0.815901008578126,0.531936465021967,0.155329593592417,0.404255427186259,0.718428040361126,0.543936798303761,0.894717860511526,0.84706833190275,0.379182156133829,0.817216483775609,0.400321979231786,0.447712946500727,23,12.9666095626827,9.20740552233109,7.55479312799825,3.13549421592915,2.56237755804038,2.2200081083375,2.02218221321853,22,2.56237755804038,0.891391771810782,0.491239581550763,24.0142003876429,23.1428571428571,23.3320941759603,23,23,25,21,23.4347092581069,3.93228506482236,1.40233474995429,1.82103298833984,1.66177840413968
15,18,0.8446,2.0080813071768,6.40545117602716,1.85313131313127,2.59130488559056,6.43500643500644,0.673102147901622,6.68067845080676,0.8446,2.24117596362769,0.1554,0.29,0.773389198592216,0.522352941176471,0.184542091125972,0.416717727913574,0.788571428571428,0.494375529464734,0.853131313131271,0.79261248819727,0.5,0.775393669518482,0.357500357500358,0.451111111111111,18,9.40438400090047,6.43500643500644,5.3132892688732,2.89037175789616,2.24117596362769,1.86175284104859,1.67021109147385,17,2.24117596362769,0.8446,0.482289,29.9419441780281,36,58.095,18,18,42,35,30.7946737141695,3.69150309617764,1.8,1.89262069048827,1.67512816670432
16,17,0.842172388139016,2.02699459768715,5.9696280622833,1.85094501718213,2.58778486163862,6.33602693602694,0.670838049730225,6.68067845080676,0.842172388139015,2.26693887322499,0.157827611860984,0.309278350515464,0.795814716159965,0.545747422680412,0.188259842500427,0.532025155444845,0.781148748159057,0.54061351532716,0.850945017182129,0.795713680444979,0.505154639175258,0.800129957731841,0.372707466825114,0.427531837477259,17,9.64981624523456,6.33602693602694,5.09349467415833,2.83321334405622,2.26693887322499,1.84625190576997,1.62796417143211,16,2.26693887322499,0.842172388139016,0.480727489473229,18.7943262411348,17.5,17.8907216494845,17,17,20,18,18.4281897841419,3.49748871025605,1.72608848072715,1.86328987094546,1.64714178082583
17,14,0.785925925925926,1.7112119025387,4.6442221802933,1.79475655430714,2.44120701395985,4.67128027681661,0.600630631769544,0,0.785925925925925,1.91061528727681,0.214074074074074,0.344444444444444,0.718434254335122,0.434188034188034,0.168101946967804,0.408806704440408,0.848888888888889,0.442865012822871,0.794756554307137,0.733301737092957,0.611111111111111,0.723976423640391,0.333662876915472,0.525396825396825,14,6.75724516669732,4.67128027681661,4.01796391415021,2.63905732961526,1.91061528727681,1.54143318332004,1.39077528530468,13,1.91061528727681,0.785925925925926,0.469028806584362,21.2843137254902,16.5,18.1203703703704,14,14,19,21,19.3985056039851,2.88901108100554,1.47572957474524,1.75465142330391,1.54627378823216
18,18,0.861103131284114,2.10948090357199,5.91784926994105,1.86846298710708,2.63062161878638,7.19958634953464,0.690915197209575,5.64582826474227,0.861103131284113,2.32484210153417,0.138896868715886,0.271186440677966,0.802031920244,0.518444666001994,0.178485596905,0.464205445611912,0.776755447941889,0.542650908010216,0.868462987107075,0.820768223345875,0.432203389830508,0.804340166687199,0.399977019418591,0.454802259887006,18,10.2250654361737,7.19958634953464,5.97802076009348,2.89037175789616,2.32484210153417,1.97402357291809,1.78808953660471,17,2.32484210153417,0.861103131284114,0.486008793498848,21.6407424173834,19.2,19.9830508474576,18,18,22,22,20.233901241698,3.56342985088939,1.65703431221698,1.84984997513272,1.64763769082625
19,21,0.911232404481471,2.39883199192783,7.43062308276055,1.91902071563091,2.76528945436011,11.2653721682848,0.77324396430413,7.25543814516621,0.911232404481472,2.65467015397119,0.0887675955185292,0.152542372881356,0.872529553340764,0.59364406779661,0.196966154315502,0.529661319810638,0.691041162227602,0.661014738895591,0.919020715630908,0.898026545808155,0.288135593220339,0.871949610578746,0.536446293727847,0.387005649717514,21,14.2202947779118,11.2653721682848,9.93440765975588,3.04452243772342,2.65467015397119,2.42173361091369,2.29600425266176,20,2.65467015397119,0.911232404481471,0.494933756615818,24.0849758140206,21.8571428571429,22.3220338983051,21,21,25,23,22.428901734104,4.19227041281105,1.93320669758648,1.94850705288271,1.73551028695719
20,20,0.873286862003781,2.28373827199602,5.70850875190819,1.87805892135902,2.65848299953793,7.89184149184149,0.695289535616751,6.68067845080676,0.873286862003782,2.45675319140555,0.126713137996219,0.277173913043478,0.817798408048498,0.560640732265446,0.172574364165857,0.455928196857508,0.741614906832298,0.561414204486989,0.878058921359019,0.829517967361945,0.41304347826087,0.820084362375607,0.394592074592075,0.417391304347826,20,11.6668698852528,7.89184149184149,6.21150658910179,2.99573227355399,2.45675319140555,2.06582950329591,1.82640347346179,19,2.45675319140555,0.873286862003781,0.487040862322265,21.4903104098782,21,22.2377717391304,20,20,23,24,21.14244289265,3.64338141122401,1.47441956154897,1.81391687297265,1.63895822222293
21,16,0.840382789100738,1.9573675945012,5.01212140467503,1.84762746831714,2.57322108176678,6.2649885583524,0.661648167642519,0,0.840382789100738,2.14817426119648,0.159617210899262,0.264957264957265,0.771928130214943,0.476353276353276,0.165408997164553,0.411898089160098,0.813675213675214,0.504613265828351,0.847627468317143,0.800638363873721,0.47008547008547,0.774790088398368,0.391561784897025,0.490918803418803,16,8.56919898742526,6.2649885583524,5.46261832665698,2.77258872223978,2.14817426119648,1.83497676206582,1.69792822181767,15,2.14817426119648,0.840382789100738,0.483244079562291,19.7168724279835,17.2,17.982905982906,16,16,20,20,18.565871559633,3.14982195219567,1.47920052326728,1.77649845025113,1.58181389327774
22,14,0.755949161709032,1.63537996958731,3.60198351312689,1.76036991704064,2.35785993712046,4.09750692520776,0.547750571220132,0,0.755949161709032,1.75099521105059,0.244050838290968,0.401162790697674,0.659085287331253,0.368515205724508,0.138465856014557,0.286741939884118,0.87375415282392,0.366179428533469,0.760369917040636,0.690539399111038,0.622093023255814,0.663492676495157,0.292679066086268,0.586378737541528,14,5.76033257093509,4.09750692520776,3.54427678709851,2.63905732961526,1.75099521105059,1.41037872174003,1.26533412989027,13,1.75099521105059,0.755949161709032,0.460197097425384,18.4455429230516,19,26.4273255813953,14,14,19,23,20.1157416819137,2.52550052429539,1.06748999232823,1.61064454266006,1.45243587389934
23,15,0.85230909922268,1.98093516845665,5.41528530148173,1.86296296296296,2.61511954992971,6.77089783281734,0.692656043992406,0,0.85230909922268,2.22923289456105,0.147690900777321,0.246913580246914,0.820726036212535,0.558201058201058,0.196063529387423,0.514801553852728,0.795061728395062,0.592338202656399,0.86296296296296,0.829999110026577,0.481481481481481,0.823187433399028,0.451393188854489,0.412345679012346,15,9.29273483718959,6.77089783281734,5.73234387289602,2.70805020110221,2.22923289456105,1.91263369745411,1.74612449994877,14,2.22923289456105,0.85230909922268,0.484783823604125,18.0710087156273,17,18.9506172839506,15,15,19,21,17.3848638670974,3.18583729319393,1.66666666666667,1.82934069008289,1.6046350011866
24,13,0.828125,1.8376770079211,4.40128578012701,1.83860759493668,2.55006085686466,5.81818181818182,0.659112971682245,0,0.828124999999999,2.05622663798673,0.171875,0.275,0.797901396077953,0.51875,0.182044006492929,0.468400355853577,0.825714285714286,0.568034992681008,0.838607594936684,0.810104449854066,0.5125,0.801663639870739,0.447552447552447,0.444230769230769,13,7.81641991217209,5.81818181818182,5.05736895206929,2.56494935746154,2.05622663798673,1.7609878105613,1.62084637812134,12,2.05622663798673,0.828125,0.480451171875,15.2479338842975,19,18.925,13,13,27,21,15.7725267800882,2.73845893702402,1.45344418537486,1.7359930335972,1.52189051120977
25,19,0.808116861656421,1.86238703806081,6.28262736388214,1.81474077035853,2.49076567720026,5.21150533930417,0.617646646405931,5.23158485696398,0.808116861656421,2.05845264623166,0.191883138343579,0.308943089430894,0.694782651704864,0.389792231255646,0.165961117530317,0.379443181077954,0.820905923344948,0.379657705963367,0.814740770358528,0.729258756640247,0.569105691056911,0.699098422754342,0.274289754700219,0.578091570389388,19,7.83383870734061,5.21150533930417,4.47382760349941,2.94443897916644,2.05845264623166,1.65086874672021,1.49824432935713,18,2.05845264623166,0.808116861656421,0.475018902479328,32.6089965397924,26.2,29.0426829268293,19,19,28,33,34.7202166064982,3.74050507435453,1.71317230586812,1.87406479386881,1.67169571830498
26,17,0.814305555555556,1.85084029497051,5.40750080535267,1.82114845938374,2.50466101694915,5.38519072550486,0.626245333485459,6.25167851051884,0.814305555555557,2.03679127607165,0.185694444444444,0.291666666666667,0.714598188953162,0.417708333333333,0.163809738879415,0.372591256629346,0.828571428571429,0.416623231607167,0.821148459383745,0.751292385949768,0.516666666666667,0.71889795392381,0.316775925029698,0.548039215686275,17,7.66597170571466,5.38519072550486,4.73013165059339,2.83321334405622,2.03679127607165,1.6836527279022,1.55395303522293,16,2.03679127607165,0.814305555555556,0.477652777777778,27.050297210791,22.25,25.0986111111111,17,17,24,28,26.1748476997409,3.34204231769647,1.55188057959797,1.80919626406077,1.61240790548604
27,22,0.812723445487654,2.05460322733394,6.68388266416656,1.81744858179866,2.50957613148348,5.33969669937556,0.613920931767046,4.58842961024189,0.81272344548765,2.23502351199203,0.187276554512346,0.38150289017341,0.718142258427179,0.450867052023121,0.168251719991505,0.403158881795141,0.780842279108175,0.397461981389852,0.817448581798657,0.720953106388309,0.497109826589595,0.723064644280039,0.242713486335253,0.524172359432475,22,9.3467016091869,5.33969669937556,4.10227208348307,3.09104245335832,2.23502351199203,1.6751688534893,1.41154098691979,21,2.23502351199203,0.812723445487654,0.470288739226188,28.3844880174292,29,34.1791907514451,22,22,29,34,31.224013434089,4.0750653470535,1.67262902679335,1.88520080287092,1.70031501019356
28,18,0.859832805778752,2.10170855245103,6.08809149324541,1.86764946764947,2.62888443071936,7.13433700057904,0.691218457927422,5.91655497307444,0.859832805778752,2.32674415127102,0.140167194221248,0.27027027027027,0.802322145571957,0.531001589825119,0.184795351219527,0.465426715087293,0.775804375804376,0.543796031000838,0.867649467649473,0.818543445694104,0.459459459459459,0.804998230734374,0.396352055587724,0.442942942942943,18,10.2445325270142,7.13433700057904,5.88589346876736,2.89037175789616,2.32674415127102,1.96491932447799,1.77255855055938,17,2.32674415127102,0.859832805778752,0.485567378920191,22.6784607438017,20.5,22.1291291291291,18,18,23,25,21.5299648434306,3.60970187541485,1.7084843923545,1.86525157847298,1.65760237171383
29,9,0.758866975083191,1.52380898164976,2.31256569818229,1.76576576576577,2.36525482947505,4.14708852238304,0.562320084792843,0,0.758866975083191,1.64167062992938,0.241133024916809,0.378378378378378,0.743639995147392,0.493243243243243,0.137873267315295,0.316844885243297,0.887516087516087,0.520473636346375,0.765765765765768,0.763420536491263,0.594594594594595,0.747156502281455,0.460787613598115,0.45045045045045,9,5.163789090771,4.14708852238304,3.7142485519882,2.19722457733622,1.64167062992938,1.42240652716206,1.31217638368217,8,1.64167062992938,0.758866975083191,0.463756671207365,11.3090909090909,9.33333333333333,9.99099099099099,9,9,11,11,9.96594326587011,1.69868323548934,0.854242196177249,1.41794099666928,1.26008865836395
30,21,0.879340277777778,2.16451680206227,8.29540252356447,1.88859649122812,2.68238381858902,8.28776978417266,0.726819635024101,5.64582826474227,0.879340277777773,2.43864573732106,0.120659722222222,0.208333333333333,0.801280220068204,0.4859375,0.194654072401858,0.450645080192348,0.745833333333334,0.522875687404534,0.888596491228124,0.834809224340743,0.395833333333333,0.800994503145979,0.394655704008222,0.489583333333333,21,11.4575137480907,8.28776978417266,7.13685610236796,3.04452243772342,2.43864573732106,2.11478090812514,1.96527235758418,20,2.43864573732106,0.879340277777778,0.490183512369792,44.9144489795918,34.75,40.9565972222222,21,21,40,40,35.9751808569839,4.3817866562823,2.14330352493528,2.00525003313073,1.77188378724289
31,15,0.796804733727811,1.82898830168969,4.38183232417792,1.80298151460943,2.46887298747764,4.92137449039021,0.602029635878171,0,0.79680473372781,1.99034410181326,0.203195266272189,0.384615384615385,0.731389325373117,0.489010989010989,0.159056465222331,0.342343648238877,0.837362637362637,0.451289391706684,0.802981514609433,0.740398115190507,0.538461538461539,0.734973118667876,0.328091632692681,0.476923076923077,15,7.31805148389358,4.92137449039021,3.98020077892801,2.70805020110221,1.99034410181326,1.59358785945374,1.38133226499078,14,1.99034410181326,0.796804733727811,0.468438324988621,27.5761772853186,22.5,32.8615384615385,15,15,26,26,22.3541939321832,2.87619946864262,1.31558702896054,1.71115350000702,1.52933278848582
32,16,0.890970054341542,2.20552334772175,5.56757678295695,1.90065451145393,2.71530292988918,9.17179215270414,0.747293943450226,0,0.890970054341543,2.4570713728317,0.109029945658458,0.193548387096774,0.884777491524369,0.645161290322581,0.212760416028908,0.633771734386235,0.740399385560675,0.711372177145849,0.900654511453933,0.893070895117302,0.376344086021505,0.886201171173632,0.573237009544008,0.332661290322581,16,11.6705826571877,9.17179215270414,7.85721940927568,2.77258872223978,2.4570713728317,2.21613270367305,2.06143277912842,15,2.4570713728317,0.890970054341542,0.49190098426445,16.4206854470741,16,16.0989247311828,16,16,17,13,16.1092320166802,3.30935923693641,1.65912271156868,1.83457736243756,1.61894572559912
33,16,0.847750865051903,1.99300665786905,4.71002806730772,1.85403050108936,2.59071797873386,6.56818181818182,0.667003966459615,0,0.847750865051902,2.16151178715681,0.152249134948097,0.279411764705882,0.778327086433836,0.498039215686275,0.154560003111291,0.350940261768678,0.811344537815126,0.512283765796673,0.854030501089355,0.813078464257976,0.448529411764706,0.779600584038543,0.410511363636364,0.470588235294118,16,8.68425648695009,6.56818181818182,5.65699818064817,2.77258872223978,2.16151178715681,1.88223705419417,1.73289339475025,15,2.16151178715681,0.847750865051903,0.48437579508447,25.1010848126233,18,19.1020220588235,16,16,21,22,19.8227628149435,3.05333884607947,1.37198868114007,1.74177877666238,1.55909403271371
34,21,0.846848761823786,2.12557060334638,5.98452458190791,1.85123657924254,2.58643118022534,6.529493407356,0.655733501165912,4.92600136196937,0.846848761823786,2.28586349862987,0.153151238176214,0.288659793814433,0.748159973256422,0.471907216494845,0.157939883051485,0.361820271352126,0.784683357879234,0.441708717741329,0.851236579242541,0.778547592558161,0.489690721649485,0.750811841721604,0.310928257493143,0.502945508100147,21,9.83417435482658,6.529493407356,5.38129608415602,3.04452243772342,2.28586349862987,1.87632936100724,1.68292925299575,20,2.28586349862987,0.846848761823786,0.482733821423445,27.3869387755102,24,25.4768041237113,21,21,27,29,26.5319648093842,3.79660943709923,1.50771213309725,1.83225729585429,1.65800666938343
35,18,0.831912994075156,1.95264277729309,6.08809149324541,1.83947583947584,2.55275792890479,5.94929985514244,0.651890560527374,7.25543814516621,0.831912994075156,2.16732870909559,0.168087005924844,0.261261261261261,0.745416647225583,0.451510333863275,0.174218561150734,0.436886479622956,0.8005148005148,0.454995255123445,0.83947583947584,0.771971204631178,0.495495495495495,0.749844272860299,0.330516658619025,0.518018018018018,18,8.73491933709856,5.94929985514244,5.14421384554511,2.89037175789616,2.16732870909559,1.78327354122908,1.63787255791126,17,2.16732870909559,0.831912994075156,0.481105649111493,22.4547807232287,21.75,23.9459459459459,18,18,24,27,24.1046425939573,3.60970187541485,1.7084843923545,1.86525157847298,1.65760237171383
36,18,0.864605121827124,2.09285392379861,5.61360143031494,1.87115516062888,2.63417217575518,7.38580375782881,0.692047717336163,4.33950660903934,0.864605121827125,2.28536861806529,0.135394878172876,0.218045112781955,0.789034932141928,0.466165413533835,0.166432429016019,0.407631230808819,0.783243823845328,0.519371106888176,0.871155160628879,0.826954650100597,0.390977443609023,0.790683278655046,0.410322430990489,0.504177109440267,18,9.82930881709899,7.38580375782881,6.56773941637596,2.89037175789616,2.28536861806529,1.99955974659849,1.88216969663346,17,2.28536861806529,0.864605121827124,0.488408539013881,20.7442956349206,21.3333333333333,24.203007518797,18,18,23,26,21.4021819421558,3.47623442708713,1.56079794514342,1.82097767548528,1.62875820974948
37,16,0.8443662336318,1.97193486657567,4.66955230189627,1.85048482952768,2.57945975812181,6.4253408713003,0.661612809347002,0,0.844366233631797,2.13873944553299,0.1556337663682,0.258992805755396,0.769000056372346,0.45083932853717,0.151187462040648,0.383462570383548,0.813155190133608,0.499248691651487,0.850484829527677,0.807327391046323,0.431654676258993,0.771387197956015,0.401583804456269,0.514838129496403,16,8.4887303747723,6.4253408713003,5.71109528752234,2.77258872223978,2.13873944553299,1.86024968327285,1.74241082445377,15,2.13873944553299,0.8443662336318,0.484670386975963,17.5714285714286,16.5,16.8935251798561,16,16,19,17,17.4041923935039,3.03983772196831,1.35710228748795,1.73694318047314,1.55589850247693
38,14,0.637832087567537,1.49354634479097,3.49150175102743,1.64122481143759,2.1199108915004,2.7611501893793,0.429432754528778,0,0.637832087567537,1.6049222997935,0.362167912432463,0.582010582010582,0.59928711698284,0.415954415954416,0.144981980858058,0.35091895485042,0.875585789871504,0.305959449003594,0.641224811437591,0.543435315205959,0.677248677248677,0.608142264202908,0.197225013527093,0.542328042328042,14,4.97747283704672,2.7611501893793,2.24266389033255,2.63905732961526,1.6049222997935,1.01564732820138,0.807664396040659,13,1.6049222997935,0.637832087567537,0.400587356243693,15.9732107445466,15,16.2380952380952,14,14,17,18,17.2633481880098,2.48008916925039,1.01835015443463,1.59300372157931,1.44045075953029
39,11,0.753055681303757,1.59456512549152,3.23126940216781,1.76115305422098,2.3654024051804,4.04949587534372,0.560919505540115,0,0.753055681303757,1.75540712702658,0.246944318696243,0.425531914893617,0.726111287268428,0.480851063829787,0.16166063627704,0.389098421618375,0.874164133738602,0.478580281921459,0.761153054220982,0.720219393814646,0.617021276595745,0.732061632107059,0.368135988667611,0.471953578336557,11,5.78580281921459,4.04949587534372,3.39028955544631,2.39789527279837,1.75540712702658,1.39859239814699,1.22091533233067,10,1.75540712702658,0.753055681303757,0.456499282432602,13.8251996450754,12.5,15.4521276595745,11,11,14,16,13.2308303987277,2.20104582230159,1.13456337088467,1.58417821623876,1.39860049893464
40,12,0.753539697350805,1.63086852359164,3.02353222247415,1.75837008002611,2.35563054163838,4.05744855967078,0.547225680116391,0,0.753539697350805,1.74570076572547,0.246460302649195,0.414012738853503,0.697648983864201,0.42501447596989,0.142285070193542,0.318070642990454,0.875341219290264,0.429992308833437,0.758370080026111,0.707907653439163,0.611464968152866,0.702521668519982,0.338120713305898,0.527070063694268,12,5.7299153971678,4.05744855967078,3.45823057193977,2.484906649788,1.74570076572547,1.40055434248787,1.24075706286928,11,1.74570076572547,0.753539697350805,0.458191738117824,14.3938993566176,13.5,16.4713375796178,12,12,15,17,14.2213870718726,2.17552714473743,0.957704261361147,1.53330213077298,1.37886596030723
41,11,0.658131382411218,1.3446906143322,3.43555833487082,1.66635802469135,2.15917721518989,2.92510031208203,0.467217764654743,0,0.658131382411218,1.50933415771251,0.341868617588782,0.54320987654321,0.618958134301102,0.390123456790123,0.159040642232062,0.358577636455534,0.896649029982364,0.352371770875853,0.66635802469135,0.594576127284492,0.703703703703704,0.629441233249149,0.265918210189276,0.554433221099888,11,4.52371770875853,2.92510031208203,2.45013297208001,2.39789527279837,1.50933415771251,1.07332877482467,0.89614229740221,10,1.50933415771251,0.658131382411218,0.416710415643505,21.8810068649886,14.3333333333333,17.1728395061728,11,11,16,19,19.6189671072856,2.27559806656709,1.22222222222222,1.61982499116969,1.42085500569601
42,10,0.665510204081633,1.37277388078464,2.46492459945475,1.67029804727646,2.16053666383663,2.98962782184259,0.460574742308318,0,0.665510204081632,1.47599258955746,0.334489795918367,0.521428571428571,0.633640692460665,0.396825396825397,0.139348189374889,0.302591921573102,0.903265306122449,0.375041841261383,0.670298047276461,0.616651351201933,0.742857142857143,0.641015436974895,0.298962782184259,0.542857142857143,10,4.37537657135245,2.98962782184259,2.55224344205977,2.30258509299405,1.47599258955746,1.09514890535489,0.936972753589602,9,1.47599258955746,0.665510204081633,0.423241618075802,12.4409937888199,13,12.9785714285714,10,10,26,16,13.0150229943792,1.8212568272489,0.845154254728517,1.44118941944479,1.29127822673075
43,12,0.611760409057706,1.36301694381026,3.08343802258101,1.61592204449344,2.06414102108819,2.57572906867357,0.410667946835271,0,0.611760409057706,1.47869931487261,0.388239590942294,0.601351351351351,0.584885483203902,0.395577395577396,0.145924141484438,0.34913903344535,0.893822393822394,0.307930505104397,0.615922044493445,0.529872169351664,0.709459459459459,0.59507238028389,0.21464408905613,0.554054054054054,12,4.38723555614837,2.57572906867357,2.13303960715915,2.484906649788,1.47869931487261,0.946132627506446,0.757548008074037,11,1.47869931487261,0.611760409057706,0.390106459637139,13.9117709213863,13.5,16.4695945945946,12,12,15,17,15.4999085421621,2.20122728381004,0.986393923832144,1.54449450724561,1.38634407642297
44,5,0.613888888888889,1.00788436608393,1.29671741258658,1.62429378531073,2.02805376972531,2.58992805755396,0.434747229972923,0,0.613888888888889,1.11086952661299,0.386111111111111,0.466666666666667,0.681831429410941,0.416666666666667,0.131372722958154,0.330777374931174,0.92952380952381,0.509249499312278,0.624293785310729,0.684932915934373,0.866666666666667,0.690222044622347,0.517985611510791,0.466666666666667,5,3.03699799724911,2.58992805755396,2.45255735793986,1.6094379124341,1.11086952661299,0.951630098319464,0.897131299723087,4,1.11086952661299,0.613888888888889,0.416875,5.82507288629738,5,5.49166666666667,5,5,6,6,5.38664812239221,0.976957346703889,0.645497224367903,1.14176385058299,0.986555789071779
45,17,0.770068899214869,1.76214135469577,4.83340916014092,1.77497379666208,2.39389663791016,4.34912891986063,0.565475500815881,6.25167851051884,0.770068899214869,1.91191781438445,0.229931100785131,0.329113924050633,0.668958395072898,0.414161392405063,0.155612295642023,0.35240252272831,0.841591320072333,0.360378274767646,0.774973796662078,0.687146092476162,0.658227848101266,0.674823100913121,0.255831112932978,0.551377513030529,17,6.76605239628233,4.34912891986063,3.72789895774248,2.83321334405622,1.91191781438445,1.46997557674032,1.31584479284619,16,1.91191781438445,0.770068899214869,0.464021608838246,22.8509861212564,22,25.9430379746835,17,17,23,27,25.3114793661009,3.1604344996233,1.35244738309874,1.74687075134676,1.57123325967082
46,16,0.84643278799123,2.02392297691757,4.48939302637744,1.85196502843561,2.5852281103829,6.5118066996156,0.661422410224495,0,0.846432787991231,2.18316504826242,0.15356721200877,0.272727272727273,0.784557959618778,0.481385281385281,0.158063882487088,0.420241976328866,0.806679035250464,0.524956640055272,0.851965028435613,0.810831298022005,0.454545454545455,0.787410347142578,0.406987918725975,0.486201298701299,16,8.87434960082908,6.5118066996156,5.6191025596904,2.77258872223978,2.18316504826242,1.87361694453971,1.72617196426646,15,2.18316504826242,0.84643278799123,0.484164342993825,16.7586206896552,16.25,16.6623376623377,16,16,18,17,16.6150988008782,2.97799109580905,1.28931674244061,1.71486056837136,1.54120819071034
47,14,0.823577624479202,1.81814463878387,4.09414234506348,1.83044077134983,2.52623793318976,5.66821525358111,0.637970699651889,0,0.823577624479201,1.97644857057545,0.176422375520798,0.28099173553719,0.747346741748785,0.453273998728544,0.151865329502677,0.316643483786317,0.842030696576151,0.478235885821616,0.83044077134983,0.791514515805893,0.479338842975207,0.748922180809004,0.404872518112936,0.50767414403778,14,7.21706651568101,5.66821525358111,5.11028049705235,2.63905732961526,1.97644857057545,1.73487429809764,1.63125429450018,13,1.97644857057545,0.823577624479202,0.480853891003471,26.9224376731302,19,22.9256198347107,14,14,20,24,20.3878546403792,2.7107105442576,1.27272727272727,1.68335294613859,1.50069994459476
48,12,0.700446393609523,1.45526362549176,3.39490891453288,1.70670037926676,2.23638398195921,3.33830065359477,0.499692180103725,0,0.700446393609523,1.59473021331706,0.299553606390477,0.469026548672566,0.634081410483846,0.384553499597747,0.152283928606096,0.328404921055885,0.890012642225032,0.35699996853673,0.706700379266765,0.636397117492439,0.725663716814159,0.641766648840957,0.278191721132898,0.564159292035398,12,4.92699965390403,3.33830065359477,2.87467880680927,2.484906649788,1.59473021331706,1.20546189116404,1.05594094863755,11,1.59473021331706,0.700446393609523,0.439494988207751,18.9674556213018,22,21.9115044247788,12,12,39,22,19.5241954520419,2.32686642641395,1.12886504206032,1.59968467516682,1.42255057512747
49,13,0.874486854747139,2.09001006143891,3.87660245703948,1.88273673073532,2.66631735395623,7.96729297146834,0.714826546240717,0,0.87448685474714,2.28222157332806,0.125513145252861,0.233644859813084,0.888139275578054,0.665109034267913,0.203099130028554,0.604680414267059,0.781842456608812,0.733202013807939,0.88273673073532,0.893547005258439,0.392523364485981,0.889772566732748,0.612868690112949,0.309130122214234,13,9.79842416569527,7.96729297146834,6.90937681262902,2.56494935746154,2.28222157332806,2.07534478284479,1.93287944740705,12,2.28222157332806,0.874486854747139,0.489526490090552,13.30608,13,13.4953271028037,13,13,14,14,13.1256558237146,2.5680375689134,1.25675743575936,1.6636452154793,1.47637737465517
50,11,0.766526661796932,1.66772294807745,2.7463606429885,1.77174112888397,2.38644417411541,4.28314430973797,0.56309536528924,0,0.766526661796932,1.78501165071013,0.233473338203068,0.385135135135135,0.739574617182606,0.497297297297297,0.147378085655492,0.385981705700356,0.86988416988417,0.495964938132553,0.771741128883968,0.739896356758841,0.635135135135135,0.744407677415787,0.389376755430725,0.457002457002457,11,5.95964938132553,4.28314430973797,3.6655648810419,2.39789527279837,1.78501165071013,1.4546873916771,1.29898245198643,10,1.78501165071013,0.766526661796932,0.462787557005508,11.6014030612245,11,11.2483108108108,11,11,12,11,11.2335906454118,2.00111571255459,0.904194430179465,1.49041255859783,1.33779991598891
51,14,0.784929356357928,1.73602035788714,4.62070716252126,1.79365079365078,2.43995555006792,4.64963503649635,0.599039284318498,0,0.784929356357928,1.93885827588015,0.215070643642072,0.340659340659341,0.728234688899949,0.461538461538462,0.173312425707506,0.447970994278315,0.841444270015698,0.457754656197585,0.793650793650782,0.731833683648578,0.626373626373626,0.7346783467424,0.332116788321168,0.5,14,6.9508105305686,4.64963503649635,3.95528947212201,2.63905732961526,1.93885827588015,1.53678872974404,1.37505378997539,13,1.93885827588015,0.784929356357928,0.468039507889768,17.1111111111111,16,17.956043956044,14,14,18,20,17.4645592705167,2.8819341372124,1.46759877141069,1.75179479150005,1.54448089795656
52,12,0.741071428571429,1.59546566552509,3.4063766329861,1.74774774774774,2.33002808002805,3.86206896551724,0.542401919297512,0,0.741071428571428,1.7474499589395,0.258928571428571,0.410714285714286,0.695520680180922,0.431818181818182,0.154548123420392,0.423037993445245,0.868367346938776,0.430904263386883,0.747747747747737,0.690471793251769,0.6875,0.703225595653094,0.32183908045977,0.520833333333333,12,5.73994689725571,3.86206896551724,3.31041942283304,2.484906649788,1.7474499589395,1.35120304130862,1.19707489520829,11,1.7474499589395,0.741071428571429,0.45437488611516,13.0560146923783,12.5,13.9821428571429,12,12,14,15,13.0376996805112,2.33124989536785,1.13389341902768,1.60162521665978,1.42380349765606
53,15,0.844137931034483,2.0307619583837,4.20195451659514,1.84999999999998,2.58341170323924,6.41592920353982,0.660017789748219,0,0.844137931034483,2.19229065822757,0.155862068965517,0.303448275862069,0.80678302758637,0.576354679802956,0.165279023303983,0.438194575002887,0.803546798029557,0.568264578149317,0.849999999999981,0.81586059567947,0.475862068965517,0.809545796948403,0.427728613569322,0.395402298850575,15,8.95570409409043,6.41592920353982,5.28124070985259,2.70805020110221,2.19229065822757,1.85878383614233,1.66416105304063,14,2.19229065822757,0.844137931034483,0.482073393743081,16.1161206100551,15.25,15.6620689655172,15,15,17,16,15.6243391283639,2.81309001537838,1.2456821978061,1.68749651800389,1.51370297866929
54,8,0.698875468554769,1.2666943902531,2.71450955596897,1.71343537414967,2.23909031697786,3.32088520055325,0.526460492392917,0,0.698875468554769,1.45175112233038,0.301124531445231,0.428571428571429,0.689753366625755,0.425655976676385,0.164197297317854,0.372694043011513,0.904956268221574,0.467226612897159,0.713435374149666,0.698049682767513,0.73469387755102,0.698144714930342,0.415110650069156,0.502551020408163,8,4.27058629028011,3.32088520055325,3.00935088496275,2.07944154167984,1.45175112233038,1.20023137406249,1.10172440266807,7,1.45175112233038,0.698875468554769,0.444789160978844,19.0123456790123,11,15.8367346938776,8,8,12,15,12.8830730265935,1.79864419829413,1.14285714285714,1.53026473716216,1.30643965319466
55,9,0.804399524375743,1.65052886222551,2.98218125347475,1.8185117967332,2.49808789214415,5.11246200607903,0.64203603622235,0,0.804399524375743,1.86267837793432,0.195600475624257,0.310344827586207,0.843743951754808,0.609913793103448,0.198457924220302,0.591475400179653,0.85615763546798,0.680120628480662,0.818511796733201,0.836598861807897,0.568965517241379,0.847741463092732,0.568051334008781,0.346743295019157,9,6.44096502784529,5.11246200607903,4.47663522544107,2.19722457733622,1.86267837793432,1.63168108976752,1.49887169848595,8,1.86267837793432,0.804399524375743,0.475050227561606,9.31336805555556,9,9.49137931034483,9,9,10,10,9.19612518628912,1.97022836651596,1.1817578957375,1.56799899401102,1.35228267605503
56,11,0.696844993141289,1.46835419310114,3.06365288740748,1.70335756317067,2.23774956405887,3.29864253393665,0.49725305913491,0,0.696844993141289,1.6080244480804,0.303155006858711,0.5,0.662449792709463,0.413888888888889,0.151564909084178,0.360860105695319,0.887830687830688,0.399293767058275,0.703357563170673,0.643396077691141,0.657407407407407,0.670598281051623,0.299876593994241,0.532828282828283,11,4.99293767058275,3.29864253393665,2.74823099117108,2.39789527279837,1.6080244480804,1.19351103049091,1.01095742874995,10,1.6080244480804,0.696844993141289,0.433799154092364,13.0333333333333,12.5,15.4583333333333,11,11,14,16,13.7361361877741,2.13577952323691,1.05847549351431,1.55328906673322,1.37893514080553
57,5,0.78125,1.06564517013318,5.70511385211326,1.89285714285714,2.67857142857143,4.57142857142857,0.823413440348565,0,0.78125,1.55958115625988,0.21875,0.25,1,0.8125,0.430134205418004,0.926914961609593,0.878571428571428,0.939207115002721,0.892857142857143,0.962926769399621,0.5,0.969022255665134,0.914285714285714,0.15,5,4.75682846001088,4.57142857142857,4.43760156980183,1.6094379124341,1.55958115625988,1.51982575374441,1.49011404350901,4,1.55958115625988,0.78125,0.474609375,6.66666666666667,5.25,5.58333333333333,5,5,7,6,6.03703703703704,1.92359338785195,1.76776695296637,2.1983872443994,1.38472106598524
58,11,0.723721057304829,1.54162073550621,2.94013609332174,1.72975206611568,2.29665254531561,3.61953028430161,0.521815323048806,0,0.723721057304829,1.6710044737347,0.276278942695171,0.471074380165289,0.690662694433131,0.481818181818182,0.145932307509752,0.33157495044337,0.882172373081464,0.431750641100759,0.729752066115677,0.679148562722531,0.636363636363636,0.696862991762198,0.329048207663782,0.471074380165289,11,5.31750641100759,3.61953028430161,2.99527974334715,2.39789527279837,1.6710044737347,1.28634426170089,1.09703763066039,10,1.6710044737347,0.723721057304829,0.444269206648826,15.4368967401202,12,13.2314049586777,11,11,14,15,13.4921276013143,2.08516195712123,1,1.52952496586552,1.36356314152417
59,7,0.534814814814815,0.902102155874736,1.77387774591032,1.54082397003746,1.86470888661901,2.14968152866242,0.355419666700975,0,0.534814814814815,0.990595155815617,0.465185185185185,0.6,0.498544529199207,0.257407407407407,0.117643299588273,0.244865916983013,0.937142857142857,0.28213944215382,0.540823970037461,0.511152708333852,0.922222222222222,0.50906520853315,0.307097361237489,0.636507936507937,7,2.69283665292292,2.14968152866242,2.00207730599805,1.94591014905531,0.990595155815617,0.765319704964276,0.694185294532152,6,0.990595155815617,0.534814814814815,0.375259259259259,10.75,8,9.225,7,7,10,11,11.1975492016339,1.33338972969486,0.737864787372622,1.29379304282079,1.14014569671278
60,12,0.738173476346953,1.56514222440152,3.25182971698263,1.74403199600049,2.32266666666666,3.81932275633436,0.535860016827912,0,0.738173476346953,1.69630811453213,0.261826523653047,0.433070866141732,0.677215496460553,0.422333571939871,0.146209559939228,0.31566608700358,0.881889763779528,0.404888678548647,0.744031996000487,0.686479769188093,0.653543307086614,0.682644603440878,0.318276896361197,0.529527559055118,12,5.45377546403512,3.81932275633436,3.25294305271036,2.484906649788,1.69630811453213,1.34007311798324,1.17956014125448,11,1.69630811453213,0.738173476346953,0.452748338567543,17.2592592592593,14,15.9685039370079,12,12,16,18,16.2017287482122,2.27076283464553,1.06482781129934,1.5749391679013,1.40645381844808
61,9,0.844671201814059,1.70803156245219,3.51381232561022,1.86527293844366,2.61489547038328,6.43795620437956,0.716429766360936,0,0.844671201814059,1.98099159894805,0.155328798185941,0.214285714285714,0.902211382113787,0.6875,0.220126101513845,0.627293501722656,0.834013605442177,0.781241055430471,0.86527293844366,0.908823380098327,0.428571428571429,0.901588130490368,0.715328467153285,0.277777777777778,9,7.24992844344377,6.43795620437956,6.00876552695267,2.19722457733622,1.98099159894805,1.86221113017867,1.79321932427972,8,1.98099159894805,0.844671201814059,0.486151603498542,10.0236585365854,9.5,10.952380952381,9,9,11,12,9.62772050400916,2.14037109135243,1.38873014965883,1.66650540039255,1.40802621787531
62,6,0.757396449704142,1.17536657388872,4.32190217069684,1.82051282051282,2.5,4.1219512195122,0.702209991879323,0,0.757396449704142,1.5857708352081,0.242603550295858,0.384615384615385,0.883495712985496,0.661538461538462,0.301375428031171,0.762379137403371,0.887912087912088,0.776610791615189,0.820512820512817,0.857542062926555,0.615384615384615,0.885035554404686,0.686991869918699,0.282051282051282,6,4.88305395807595,4.12195121951219,3.67131142881695,1.79175946922805,1.5857708352081,1.41632664821877,1.30054893578892,5,1.5857708352081,0.757396449704142,0.46290395994538,9.36,7.5,10.1538461538462,6,6,9,11,8.44370860927152,1.9493562262564,1.66410058867569,1.90220383038733,1.3871063292796
63,16,0.875878853434289,2.09880455979689,5.79004994368543,1.88618331053355,2.67557162399847,8.05664488017429,0.725975656517097,0,0.875878853434291,2.3548864068504,0.124121146565711,0.22093023255814,0.847920082102862,0.564341085271318,0.189584507934909,0.557271875282838,0.766777408637874,0.635795458028897,0.886183310533547,0.863588917595562,0.383720930232558,0.849345735254975,0.503540305010893,0.408430232558139,16,10.5369318704335,8.05664488017429,6.98568210615552,2.77258872223978,2.3548864068504,2.08649720188652,1.9438626409341,15,2.3548864068504,0.875878853434289,0.489754046813488,17.3859649122807,16.125,16.2823920265781,16,16,18,13,16.4986420423683,3.36749674023314,1.72532437125501,1.85596414730432,1.63234577478959
64,13,0.856146694214876,1.95886320434171,4.21253091446939,1.86598746081505,2.62019756506524,6.95152603231598,0.694784268509442,0,0.856146694214876,2.17138602043154,0.143853305785124,0.227272727272727,0.844276275766415,0.557765151515151,0.186063647519135,0.526977909700547,0.805194805194805,0.647535968151407,0.86598746081505,0.858949838654737,0.409090909090909,0.846560971706867,0.534732771716614,0.408216783216783,13,8.77043161781688,6.95152603231598,6.18644026331207,2.56494935746154,2.17138602043154,1.93896120846918,1.8223598426505,12,2.17138602043154,0.856146694214876,0.486935633452292,13.7826086956522,13.5,14.9772727272727,13,13,15,16,13.577351645504,2.68016468209316,1.38580465631147,1.71107454850599,1.5064190558762
65,13,0.858418367346939,1.98974981142029,3.8064799511144,1.86615186615186,2.62056423306421,7.06306306306306,0.688813400129214,0,0.858418367346939,2.16637327968415,0.141581632653061,0.223214285714286,0.843136109446335,0.584821428571429,0.172808645376329,0.460553796309908,0.810204081632653,0.643881476983602,0.866151866151855,0.86311040803411,0.428571428571429,0.84460664822956,0.543312543312543,0.383241758241758,13,8.72657772380322,7.06306306306306,6.30530429885866,2.56494935746154,2.16637327968415,1.95487881903807,1.84139123135434,12,2.16637327968415,0.858418367346939,0.487423554801385,14.3907068709837,13.3333333333333,13.9910714285714,13,13,15,15,13.5675027959738,2.54318170403765,1.22838453727999,1.65321605570825,1.46966642259015
66,14,0.868608799048751,2.06052760488776,4.16361582152888,1.87616191904048,2.64756569083883,7.61085972850679,0.702771448828662,0,0.868608799048752,2.24414555990563,0.131391200951249,0.21551724137931,0.849220361270617,0.595490716180371,0.176918061722441,0.456686769945741,0.795073891625615,0.648642517845556,0.876161919040482,0.870051912590052,0.396551724137931,0.85035877573482,0.543632837750485,0.375615763546798,14,9.43235273199223,7.61085972850679,6.76684491445027,2.63905732961526,2.24414555990563,2.02957613901514,1.91203493906967,13,2.24414555990563,0.868608799048751,0.489080630612161,15.9278530089341,17,16.9741379310345,14,14,17,20,15.1862233487401,2.73477508101605,1.29986736723936,1.69289694972714,1.50690058426398
67,6,0.140907369487557,0.343266516368854,0.884355766446253,1.14108801996124,1.21643511526531,1.16401883159387,0.0758413160578267,0,0.140907369487557,0.355800693368708,0.859092630512443,0.925736235595391,0.193779392439093,0.0891165172855314,0.0876136679816985,0.180582848811189,0.963599780501189,0.0854646089930464,0.141088019961236,0.12357801291114,0.967989756722151,0.198576147903378,0.194003138598979,0.759069568928724,6,1.42732304496523,1.16401883159387,1.12265791786566,1.79175946922805,0.355800693368708,0.151878527523629,0.115699014806599,5,0.355800693368708,0.140907369487557,0.103288201455318,6,6,6,6,6,6,6,6,0.750685922389202,0.214696880089354,0.944918231847056,0.879929219086437
68,13,0.836295755214674,1.92114198837608,3.82001541600387,1.84389844389844,2.56472736289255,6.10857709469509,0.657835135776892,0,0.836295755214673,2.09739881684649,0.163704244785326,0.288288288288288,0.814565932686182,0.552552552552553,0.174529907616454,0.478659520745098,0.822136422136422,0.595412984317055,0.84389844389844,0.823906827249136,0.486486486486487,0.817715488512504,0.469890545745776,0.413028413028413,13,8.14495581180466,6.10857709469509,5.24093826271514,2.56494935746154,2.09739881684649,1.80969386467046,1.65650054007409,12,2.09739881684649,0.836295755214674,0.481796624966822,13.9780524184956,14,13.990990990991,13,13,15,17,13.6562017080114,2.54802485323401,1.23390539447825,1.65524584325124,1.47097553338564
69,17,0.801630434782609,1.99631628855763,4.56992790416539,1.80601092896176,2.48213894088809,5.04109589041096,0.598753726695419,6.68067845080676,0.80163043478261,2.14589226571417,0.198369565217391,0.396739130434783,0.751585905387564,0.504076086956522,0.175612251706693,0.523373995720903,0.798447204968944,0.471854150572059,0.806010928961764,0.732196832837873,0.516304347826087,0.757405816337843,0.296535052377115,0.466751918158568,17,8.54966640915295,5.04109589041096,3.88543832507249,2.83321334405622,2.14589226571417,1.61762349702054,1.35723580244184,16,2.14589226571417,0.801630434782609,0.466880027687598,17,17,17,17,17,17,15,17,3.06811066208338,1.25325662731663,1.71551160792413,1.55004449047238
70,15,0.892152175397855,2.19823572411694,4.50972184524805,1.89958677685947,2.71076463643304,9.27232425585814,0.738757882067172,0,0.892152175397856,2.39096483468519,0.107847824602145,0.190082644628099,0.882673512813736,0.640495867768595,0.179590644910548,0.477438130765649,0.757497048406139,0.708859195849086,0.899586776859469,0.905361376956701,0.322314049586777,0.882910085533877,0.618154950390542,0.335537190082645,15,10.9240287418872,9.27232425585814,8.3783633663631,2.70805020110221,2.39096483468519,2.22703407693784,2.1256525930767,14,2.39096483468519,0.892152175397855,0.492877185713616,16.9952054006367,16.5,19.4628099173554,15,15,18,20,15.9736229103864,2.91922673996972,1.36363636363636,1.72736083947869,1.53993274081181
