"BAT_RC1","BiodiversityR_RC1","biosampleR_RC1","iNEXT_RC1","microbiome_RC1","pctax_RC1","rareNMtests_RC1","SpadeR_RC1","SSP_RC1","vegan_RC1","wiqid_RC1"
22.5,20,22.5,24.137,22.5,22.5,20,20,19,22.5,24.1666666666667
25.5,23,19.25,26.587,25.5,25.5,23,23,22,25.5,26.6
19.75,19,30,20.492,19.75,19.75,19,19,18,19.75,20.5
24.4285714285714,23,22.3333333333333,25.076,24.4285714285714,24.4286,23,23,22,24.4285714285714,25.0833333333333
20,19,21,21.239,20,20,19,19,18,20,21.25
22,21,23.1428571428571,23.239,22,22,21,21,20,22,23.25
16.5,16,36,17.988,16.5,16.5,16,16,15,16.5,18
23.5,21,17.5,25.134,23.5,23.5,21,21,20,23.5,25.1666666666667
16.75,16,16.5,17.488,16.75,16.75,16,16,15,16.75,17.5
19.25,19,19.2,19.663,19.25,19.25,19,19,18,19.25,19.6666666666667
30,25,21.8571428571429,33.958,30,30,25,25,24,30,34
22.3333333333333,19,25.5,25.221,22.3333333333333,22.3333,19,19,18,22.3333333333333,25.25
21,18,21,22.475,21,21,18,18,17,21,22.5
23.1428571428571,23,17.2,23.332,23.1428571428571,23.1429,23,23,22,23.1428571428571,23.3333333333333
36,18,19,58.095,36,36,18,18,17,36,58.5
17.5,17,17,17.891,17.5,17.5,17,17,16,17.5,17.9
16.5,14,19,18.12,16.5,16.5,14,14,13,16.5,18.1666666666667
19.2,18,26.2,19.983,19.2,19.2,18,18,17,19.2,20
21.8571428571429,21,22.25,22.322,21.8571428571429,21.8571,21,21,20,21.8571428571429,22.3333333333333
21,20,29,22.238,21,21,20,20,19,21,22.25
17.2,16,20.5,17.983,17.2,17.2,16,16,15,17.2,18
19,14,9.33333333333333,26.427,19,19,14,14,13,19,26.5
17,15,19.75,18.951,17,17,15,15,14,17,19
19,13,34.75,18.925,19,19,13,13,12,19,19
26.2,19,22.5,29.043,26.2,26.2,19,19,18,26.2,29.125
22.25,17,16,25.099,22.25,22.25,17,17,16,22.25,25.1666666666667
29,22,18,34.179,29,29,22,22,21,29,34.25
20.5,18,24,22.129,20.5,20.5,18,18,17,20.5,22.1666666666667
9.33333333333333,9,21.75,9.991,9.33333333333333,9.3333,9,9,8,9.33333333333333,10
34.75,21,21.3333333333333,40.957,34.75,34.75,21,21,20,34.75,41.1666666666667
22.5,15,16.5,32.862,22.5,22.5,15,15,14,22.5,33
16,16,15,16.099,16,16,16,16,15,16,16.1
18,16,12.5,19.102,18,18,16,16,15,18,19.125
24,21,24.4285714285714,25.477,24,24,21,21,20,24,25.5
21.75,18,13.5,23.946,21.75,21.75,18,18,17,21.75,24
21.3333333333333,18,14.3333333333333,24.203,21.3333333333333,21.3333,18,18,17,21.3333333333333,24.25
16.5,16,13,16.894,16.5,16.5,16,16,15,16.5,16.9
15,14,13.5,16.238,15,15,14,14,13,15,16.25
12.5,11,5,15.452,12.5,12.5,11,11,11,12.5,15.5
13.5,12,22,16.471,13.5,13.5,12,12,11,13.5,16.5
14.3333333333333,11,16.25,17.173,14.3333333333333,14.3333,11,11,10,14.3333333333333,17.25
13,10,19,12.979,13,13,10,10,10,13,13
13.5,12,22,16.47,13.5,13.5,12,12,11,13.5,16.5
5,5,13,5.492,5,5,5,5,5,5,5.5
22,17,20,25.943,22,22,17,17,16,22,26
16.25,16,11,16.662,16.25,16.25,16,16,15,16.25,16.6666666666667
19,14,16,22.926,19,19,14,14,14,19,23
22,12,12.5,21.912,22,22,12,12,12,22,22
13,13,15.25,13.495,13,13,13,13,12,13,13.5
11,11,11,11.248,11,11,11,11,10,11,11.25
16,14,9,17.956,16,16,14,14,13,16,18
12.5,12,12.5,13.982,12.5,12.5,12,12,11,12.5,14
15.25,15,5.25,15.662,15.25,15.25,15,15,14,15.25,15.6666666666667
11,8,12,15.837,11,11,8,8,7,11,16
9,9,8,9.491,9,9,9,9,8,9,9.5
12.5,11,22,15.458,12.5,12.5,11,11,10,12.5,15.5
5.25,5,14,5.583,5.25,5.25,5,5,5,5.25,5.66666666666667
12,11,9.5,13.231,12,12,11,11,11,12,13.25
8,7,7.5,9.225,8,8,7,7,6,8,9.25
14,12,16.125,15.969,14,14,12,12,11,14,16
9.5,9,13.5,10.952,9.5,9.5,9,9,8,9.5,11
7.5,6,13.3333333333333,10.154,7.5,7.5,6,6,5,7.5,10.5
16.125,16,17,16.282,16.125,16.125,16,16,15,16.125,16.2857142857143
13.5,13,6,14.977,13.5,13.5,13,13,12,13.5,15
13.3333333333333,13,14,13.991,13.3333333333333,13.3333,13,13,12,13.3333333333333,14
17,14,17,16.974,17,17,14,14,13,17,17
6,6,16.5,6,6,6,6,6,5,6,6
14,13,16.5,13.991,14,14,13,13,12,14,14
17,17,23.5,17,17,17,17,17,16,17,17
16.5,15,16.75,19.463,16.5,16.5,15,15,14,16.5,19.5
