"package","Percentage","Index","maxi"
"BAT",1,"RACE",0.630357142857143
"ecodive",1,"RACE",0.630357142857143
"fossil",0.101983002832861,"RACE",0.630357142857143
"pctax",0.96600566572238,"RACE",0.630357142857143
"sprex",0.0226628895184136,"RACE",0.630357142857143
"tabula",1,"RACE",0.630357142857143
"vegan",1,"RACE",0.630357142857143
"wiqid",1,"RACE",0.630357142857143
"BiodiversityR",0,"RBOO",0
"wiqid",0,"RBOO",0
"BAT",1,"RC1",0.319480519480519
"BiodiversityR",0.735772357723577,"RC1",0.319480519480519
"biosampleR",0.126016260162602,"RC1",0.319480519480519
"iNEXT",0.0650406504065041,"RC1",0.319480519480519
"microbiome",1,"RC1",0.319480519480519
"pctax",1,"RC1",0.319480519480519
"rareNMtests",0.735772357723577,"RC1",0.319480519480519
"SpadeR",0.735772357723577,"RC1",0.319480519480519
"SSP",0.113821138211382,"RC1",0.319480519480519
"vegan",1,"RC1",0.319480519480519
"wiqid",0.154471544715447,"RC1",0.319480519480519
"BAT",0.0642201834862385,"RC1M",0.346031746031746
"divent",1,"RC1M",0.346031746031746
"ecodive",0.935779816513761,"RC1M",0.346031746031746
"entropart",1,"RC1M",0.346031746031746
"fossil",0.954128440366973,"RC1M",0.346031746031746
"mobr",1,"RC1M",0.346031746031746
"OTUtable",0.954128440366973,"RC1M",0.346031746031746
"tabula",1,"RC1M",0.346031746031746
"wiqid",0.954128440366973,"RC1M",0.346031746031746
"BAT",0,"RCA2",0.225714285714286
"divDyn",0.20253164556962,"RCA2",0.225714285714286
"fossil",0.0759493670886076,"RCA2",0.225714285714286
"tabula",1,"RCA2",0.225714285714286
"wiqid",1,"RCA2",0.225714285714286
"benthos",1,"RHUR_2",0.65952380952381
"divent",0,"RHUR_2",0.65952380952381
"entropart",1,"RHUR_2",0.65952380952381
"mobsim",1,"RHUR_2",0.65952380952381
"tabula",0.967509025270758,"RHUR_2",0.65952380952381
"vegan",1,"RHUR_2",0.65952380952381
"benthos",1,"RHUR_3",0.664285714285714
"divent",0,"RHUR_3",0.664285714285714
"entropart",1,"RHUR_3",0.664285714285714
"mobsim",1,"RHUR_3",0.664285714285714
"tabula",0.989247311827957,"RHUR_3",0.664285714285714
"vegan",1,"RHUR_3",0.664285714285714
"BAT",0,"RICE",0.257142857142857
"fossil",0.0555555555555556,"RICE",0.257142857142857
"tabula",1,"RICE",0.257142857142857
"wiqid",1,"RICE",0.257142857142857
"BAT",1,"RJA1",0.360714285714286
"BiodiversityR",0.0841584158415842,"RJA1",0.360714285714286
"divent",1,"RJA1",0.360714285714286
"entropart",1,"RJA1",0.360714285714286
"fossil",0.0495049504950495,"RJA1",0.360714285714286
"SSP",0.0346534653465347,"RJA1",0.360714285714286
"tabula",0,"RJA1",0.360714285714286
"wiqid",1,"RJA1",0.360714285714286
"BAT",1,"RJA2",0.211428571428571
"BiodiversityR",0.175675675675676,"RJA2",0.211428571428571
"fossil",0.0810810810810811,"RJA2",0.211428571428571
"SSP",0.0945945945945946,"RJA2",0.211428571428571
"wiqid",1,"RJA2",0.211428571428571
"wiqid",1,"RMM",NA
"divDyn",1,"RSQ",0.666666666666667
"ecodive",1,"RSQ",0.666666666666667
"tabula",1,"RSQ",0.666666666666667
