"benthos_RHUR_2","benthos_RHUR_3","divent_RHUR_2","divent_RHUR_3","entropart_RHUR_2","entropart_RHUR_3","mobsim_RHUR_2","mobsim_RHUR_3","tabula_RHUR_2","tabula_RHUR_3","vegan_RHUR_2","vegan_RHUR_3"
1.83473792394654,2.5514321462085,6.05101567011729,6.33612362875489,1.83473792394654,2.5514321462085,1.83473792394654,2.5514321462085,1.83473792394968,2.55143214620969,1.83473792394654,2.5514321462085
1.71200178880875,2.2727307115684,3.47224633458466,3.75925366472269,1.71200178880875,2.2727307115684,1.71200178880875,2.2727307115684,1.71200991367424,2.27273226065259,1.71200178880875,2.2727307115684
1.74530659691947,2.34551097380687,3.9262610857701,4.22184922058242,1.74530659691947,2.34551097380687,1.74530659691947,2.34551097380687,1.74537217905552,2.34553292487564,1.74530659691947,2.34551097380687
1.81258741258743,2.49588817409433,5.33582147738107,5.59662823090853,1.81258741258743,2.49588817409433,1.81258741258743,2.49588817409433,1.81258741257599,2.495888174083,1.81258741258743,2.49588817409433
1.89010710116237,2.68698205687725,9.09976902156165,9.23830328629564,1.89010710116237,2.68698205687725,1.89010710116237,2.68698205687725,1.89015276737784,2.68699674078288,1.89010710116237,2.68698205687725
1.90016562384986,2.71440020696311,10.0165669159174,10.1595706097641,1.90016562384987,2.71440020696311,1.90016562384986,2.71440020696311,1.90018853543742,2.71440757454467,1.90016562384986,2.71440020696311
1.87416609155739,2.64267454566367,7.94698384457518,8.04796878586819,1.87416609155738,2.64267454566367,1.87416609155739,2.64267454566367,1.87416609155812,2.64267454566387,1.87416609155739,2.64267454566367
1.89485714285715,2.70102918586786,9.51085391012821,9.68921504058781,1.89485714285715,2.70102918586785,1.89485714285715,2.70102918586786,1.89485714285496,2.70102918586572,1.89485714285715,2.70102918586786
1.87218445954954,2.63825378939338,7.82377555522102,7.94518307615111,1.87218445954954,2.63825378939338,1.87218445954954,2.63825378939338,1.87218445955106,2.63825378939366,1.87218445954954,2.63825378939338
1.89309967141288,2.69478134266552,9.35448099546307,9.48352607820199,1.89309967141288,2.69478134266552,1.89309967141288,2.69478134266552,1.89309967141492,2.69478134266701,1.89309967141288,2.69478134266552
1.89341085271313,2.69624477770525,9.38183866379891,9.53093604513924,1.89341085271313,2.69624477770525,1.89341085271313,2.69624477770525,1.89341085271248,2.69624477770148,1.89341085271313,2.69624477770525
1.85676322083445,2.59887366765201,6.98141737056268,7.12925819961428,1.85676322083445,2.59887366765201,1.85676322083445,2.59887366765201,1.8567813102999,2.59887883083969,1.85676322083445,2.59887366765201
1.7604648176682,2.35786594761172,4.17475004584018,4.31065203933205,1.76046481766819,2.35786594761172,1.7604648176682,2.35786594761172,1.76058649189369,2.35790778530247,1.7604648176682,2.35786594761172
1.89471786051153,2.70067460616802,9.49828751406364,9.67731619985116,1.89471786051153,2.70067460616802,1.89471786051153,2.70067460616802,1.89471786050319,2.70067460616041,1.89471786051153,2.70067460616802
1.85313131313127,2.59130488559056,6.80877696420632,6.99041280077468,1.85313131313127,2.59130488559056,1.85313131313127,2.59130488559056,1.85313131313172,2.59130488559018,1.85313131313127,2.59130488559056
1.85094501718213,2.58778486163862,6.70890865917534,6.92757246489695,1.85094501718213,2.58778486163862,1.85094501718213,2.58778486163862,1.85094501718347,2.58778486163969,1.85094501718213,2.58778486163862
1.79475655430714,2.44120701395985,4.87226254108946,5.01163196447031,1.79475655430713,2.44120701395985,1.79475655430714,2.44120701395985,1.79475655430715,2.44120701395946,1.79475655430714,2.44120701395985
1.86846298710708,2.63062161878638,7.60242693466208,7.77350482328043,1.86846298710707,2.63062161878638,1.86846298710708,2.63062161878638,1.86846298710754,2.63062161878787,1.86846298710708,2.63062161878638
1.91902071563091,2.76528945436011,12.3488372717887,12.4391893031477,1.91902071563091,2.76528945436011,1.91902071563091,2.76528945436011,1.91902071563123,2.76528945436168,1.91902071563091,2.76528945436011
1.87805892135902,2.65848299953793,8.20068196173713,8.43729162670695,1.87805892135902,2.65848299953794,1.87805892135902,2.65848299953793,1.87816098368763,2.65851806578715,1.87805892135902,2.65848299953793
1.84762746831714,2.57322108176678,6.56283832297095,6.67856755991917,1.84762746831714,2.57322108176677,1.84762746831714,2.57322108176678,1.84762746831834,2.57322108176717,1.84762746831714,2.57322108176678
1.76036991704064,2.35785993712046,4.17309667957312,4.31060800057009,1.76036991704063,2.35785993712046,1.76036991704064,2.35785993712046,1.7606229164185,2.35795237158821,1.76036991704064,2.35785993712046
1.86296296296296,2.61511954992971,7.29732004022744,7.44567259947047,1.86296296296296,2.61511954992971,1.86296296296296,2.61511954992971,1.86296296296419,2.61511954993034,1.86296296296296,2.61511954992971
1.83860759493668,2.55006085686466,6.19610824582148,6.31567747645734,1.83860759493668,2.55006085686465,1.83860759493668,2.55006085686466,1.83860759493751,2.55006085686519,1.83860759493668,2.55006085686466
1.81474077035853,2.49076567720026,5.39784269471813,5.53651961368749,1.81474077035853,2.49076567720026,1.81474077035853,2.49076567720026,1.81474077036091,2.49076567720102,1.81474077035853,2.49076567720026
1.82114845938374,2.50466101694915,5.59123283242122,5.70244569150956,1.82114845938374,2.50466101694915,1.82114845938374,2.50466101694915,1.82114845938417,2.50466101694945,1.82114845938374,2.50466101694915
1.81744858179866,2.50957613148348,5.47791040431395,5.7633789758573,1.81744858179866,2.50957613148348,1.81744858179866,2.50957613148348,1.81784066294948,2.50972284276519,1.81744858179866,2.50957613148348
1.86764946764947,2.62888443071936,7.55569865203933,7.73541475589015,1.86764946764947,2.62888443071937,1.86764946764947,2.62888443071936,1.86764946764796,2.62888443071869,1.86764946764947,2.62888443071936
1.76576576576577,2.36525482947505,4.26923016673038,4.36541547062278,1.76576576576577,2.36525482947505,1.76576576576577,2.36525482947505,1.76576576576513,2.36525482947475,1.76576576576577,2.36525482947505
1.88859649122812,2.68238381858902,8.97637778999211,9.09935402883601,1.88859649122812,2.68238381858902,1.88859649122812,2.68238381858902,1.88859649122959,2.68238381859054,1.88859649122812,2.68238381858902
1.80298151460943,2.46887298747764,5.07565173856196,5.29263287890513,1.80298151460944,2.46887298747764,1.80298151460943,2.46887298747764,1.80298151460917,2.46887298747854,1.80298151460943,2.46887298747764
1.90065451145393,2.71530292988918,10.0659105340867,10.1929161350691,1.90065451145393,2.71530292988918,1.90065451145393,2.71530292988918,1.90065451145326,2.71530292988939,1.90065451145393,2.71530292988918
1.85403050108936,2.59071797873386,6.85071922848131,6.97986029678038,1.85403050108935,2.59071797873386,1.85403050108936,2.59071797873386,1.85403050108759,2.59071797873189,1.85403050108936,2.59071797873386
1.85123657924254,2.58643118022534,6.7220573927579,6.90369028924229,1.85123657924254,2.58643118022533,1.85123657924254,2.58643118022534,1.85127618609871,2.5864430713451,1.85123657924254,2.58643118022534
1.83947583947584,2.55275792890479,6.22956294213353,6.35601005396056,1.83947583947584,2.5527579289048,1.83947583947584,2.55275792890479,1.83947583947438,2.55275792890407,1.83947583947584,2.55275792890479
1.87115516062888,2.63417217575518,7.7612744793058,7.85248055700944,1.87115516062888,2.63417217575518,1.87115516062888,2.63417217575518,1.87115516063041,2.63417217575597,1.87115516062888,2.63417217575518
1.85048482952768,2.57945975812181,6.68825964882657,6.78312673172171,1.85048482952768,2.57945975812181,1.85048482952768,2.57945975812181,1.85048482952638,2.57945975812204,1.85048482952768,2.57945975812181
1.64122481143759,2.1199108915004,2.78727897297631,3.03426442196252,1.64122481143759,2.1199108915004,1.64122481143759,2.1199108915004,1.64123082360371,2.11991187236299,1.64122481143759,2.1199108915004
1.76115305422098,2.3654024051804,4.18677985212417,4.36652211926587,1.76115305422098,2.3654024051804,1.76115305422098,2.3654024051804,1.76115305422028,2.36540240517962,1.76115305422098,2.3654024051804
1.75837008002611,2.35563054163838,4.13855722739973,4.29432943891777,1.75837008002611,2.35563054163838,1.75837008002611,2.35563054163838,1.75837008002718,2.35563054163827,1.75837008002611,2.35563054163838
1.66635802469135,2.15917721518989,2.99722596488211,3.19577953987793,1.66635802469135,2.15917721518989,1.66635802469135,2.15917721518989,1.66635802469211,2.15917721519037,1.66635802469135,2.15917721518989
1.67029804727646,2.16053666383663,3.03304388139419,3.20163695594193,1.67029804727646,2.16053666383664,1.67029804727646,2.16053666383663,1.67029804727774,2.16053666383667,1.67029804727646,2.16053666383663
1.61592204449344,2.06414102108819,2.60363314505004,2.8277089424504,1.61592204449344,2.06414102108819,1.61592204449344,2.06414102108819,1.61592204449388,2.06414102108814,1.61592204449344,2.06414102108819
1.62429378531073,2.02805376972531,2.66164247684825,2.70646017384937,1.62429378531073,2.0280537697253,1.62429378531073,2.02805376972531,1.62429378531082,2.02805376972546,1.62429378531073,2.02805376972531
1.77497379666208,2.39389663791016,4.44392687519951,4.59020083485093,1.77497379666207,2.39389663791017,1.77497379666208,2.39389663791016,1.77497379666381,2.39389663791085,1.77497379666208,2.39389663791016
1.85196502843561,2.5852281103829,6.75513497337448,6.88259577640011,1.85196502843561,2.5852281103829,1.85196502843561,2.5852281103829,1.85196502843625,2.5852281103821,1.85196502843561,2.5852281103829
1.83044077134983,2.52623793318976,5.8976570186743,5.97929540823294,1.83044077134983,2.52623793318975,1.83044077134983,2.52623793318976,1.8304407713494,2.52623793318907,1.83044077134983,2.52623793318976
1.70670037926676,2.23638398195921,3.40948537876242,3.56091705928089,1.70670037926676,2.23638398195921,1.70670037926676,2.23638398195921,1.70670037926713,2.23638398195944,1.70670037926676,2.23638398195921
1.88273673073532,2.66631735395623,8.52782944903298,8.64387519273331,1.88273673073532,2.66631735395623,1.88273673073532,2.66631735395623,1.88273673073547,2.66631735395673,1.88273673073532,2.66631735395623
1.77174112888397,2.38644417411541,4.38099063024138,4.52971135875732,1.77174112888397,2.38644417411541,1.77174112888397,2.38644417411541,1.77174112888441,2.38644417411543,1.77174112888397,2.38644417411541
1.79365079365078,2.43995555006792,4.84615377085828,4.99957369205357,1.79365079365078,2.43995555006791,1.79365079365078,2.43995555006792,1.79365079365216,2.43995555006872,1.79365079365078,2.43995555006792
1.74774774774774,2.33002808002805,3.96430914020573,4.1150873176868,1.74774774774774,2.33002808002805,1.74774774774774,2.33002808002805,1.74774774774835,2.33002808002811,1.74774774774774,2.33002808002805
1.84999999999998,2.58341170323924,6.66664196411711,6.85097734998687,1.84999999999998,2.58341170323924,1.84999999999998,2.58341170323924,1.85000000000105,2.58341170324101,1.84999999999998,2.58341170323924
1.71343537414967,2.23909031697786,3.48961675604004,3.5750402331181,1.71343537414967,2.23909031697787,1.71343537414967,2.23909031697786,1.71343537414966,2.23909031697785,1.71343537414967,2.23909031697786
1.8185117967332,2.49808789214415,5.51000210858725,5.62281512368074,1.8185117967332,2.49808789214415,1.8185117967332,2.49808789214415,1.81851179673317,2.49808789214397,1.8185117967332,2.49808789214415
1.70335756317067,2.23774956405887,3.3710644717151,3.56803106355971,1.70335756317067,2.23774956405887,1.70335756317067,2.23774956405887,1.70335756317072,2.2377495640589,1.70335756317067,2.23774956405887
1.89285714285714,2.67857142857143,9.33331989458403,8.98718240214402,1.89285714285715,2.67857142857143,1.89285714285714,2.67857142857143,1.89285714285714,2.67857142857143,1.89285714285714,2.67857142857143
1.72975206611568,2.29665254531561,3.70030607640794,3.90083854493836,1.72975206611568,2.29665254531562,1.72975206611568,2.29665254531561,1.72975206611529,2.29665254531509,1.72975206611568,2.29665254531561
1.54082397003746,1.86470888661901,2.17778847927863,2.25121218321,1.54082397003746,1.86470888661901,1.54082397003746,1.86470888661901,1.5408239700376,1.86470888661891,1.54082397003746,1.86470888661901
1.74403199600049,2.32266666666666,3.90671597595864,4.06604112056125,1.74403199600049,2.32266666666666,1.74403199600049,2.32266666666666,1.74403199600019,2.32266666666517,1.74403199600049,2.32266666666666
1.86527293844366,2.61489547038328,7.42242756475792,7.44112717577797,1.86527293844366,2.61489547038328,1.86527293844366,2.61489547038328,1.86527293844367,2.61489547038328,1.86527293844366,2.61489547038328
1.82051282051282,2.5,5.57143160774423,5.64576448230653,1.82051282051282,2.5,1.82051282051282,2.5,1.82051282051282,2.5,1.82051282051282,2.5
1.88618331053355,2.67557162399847,8.78605897937081,8.90073528860104,1.88618331053355,2.67557162399847,1.88618331053355,2.67557162399847,1.88618331053379,2.6755716239985,1.88618331053355,2.67557162399847
1.86598746081505,2.62019756506524,7.4619988814558,7.55011399099331,1.86598746081505,2.62019756506524,1.86598746081505,2.62019756506524,1.86598746081533,2.62019756506562,1.86598746081505,2.62019756506524
1.86615186615186,2.62056423306421,7.47116379149559,7.55776334372208,1.86615186615185,2.62056423306421,1.86615186615186,2.62056423306421,1.86615186615277,2.62056423306457,1.86615186615186,2.62056423306421
1.87616191904048,2.64756569083883,8.07506063427289,8.16470220840152,1.87616191904048,2.64756569083883,1.87616191904048,2.64756569083883,1.87616191904027,2.64756569083854,1.87616191904048,2.64756569083883
1.14108801996124,1.21643511526531,1.16428617530736,1.22393156951352,1.14108801996124,1.21643511526531,1.14108801996124,1.21643511526531,1.14108820810609,1.216435120626,1.14108801996124,1.21643511526531
1.84389844389844,2.56472736289255,6.40607032007173,6.54101342018521,1.84389844389844,2.56472736289255,1.84389844389844,2.56472736289255,1.84389844389768,2.56472736289231,1.84389844389844,2.56472736289255
1.80601092896176,2.48213894088809,5.15495832037056,5.43796688158089,1.80601092896176,2.48213894088809,1.80601092896176,2.48213894088809,1.80610745626519,2.48217180265849,1.80601092896176,2.48213894088809
1.89958677685947,2.71076463643304,9.95883346832909,10.0273817760336,1.89958677685947,2.71076463643304,1.89958677685947,2.71076463643304,1.8995867768592,2.71076463643234,1.89958677685947,2.71076463643304
