"BAT_RJA1","BiodiversityR_RJA1","divent_RJA1","entropart_RJA1","fossil_RJA1","SSP_RJA1","tabula_RJA1","wiqid_RJA1"
25,20,25,25,24.9642857142857,19,2.18082826656774,25
29,23,29,29,28.9776119402985,22,1.78337739843084,29
22,19,22,22,21.9838709677419,18,1.8536505532652,22
28,23,28,28,27.9825174825175,22,2.08738212187836,28
22,19,22,22,21.9849246231156,18,2.36604935476367,22
24,21,24,24,23.9856459330144,20,2.47684595376102,24
18,16,18,18,17.9876543209877,15,2.17425069143379,18
26,21,26,26,25.9603174603175,20,2.45771200572363,26
19,16,19,19,18.9756097560976,15,2.16923086996701,19
21,19,21,21,20.9879518072289,18,2.39023546591702,21
31,25,31,31,30.9722222222222,24,2.49350024889736,31
24,19,24,24,23.9765258215962,18,2.13802311575299,24
24,18,24,24,23.9661016949153,17,1.72075676128891,24
25,23,25,25,24.9925650557621,22,2.48217919152915,25
27,18,42,42,26.91,17,2.13305064332512,27
20,17,20,20,19.9690721649485,16,2.16034016884938,20
19,14,19,19,18.9444444444444,13,1.76170257098374,19
22,18,22,22,21.9661016949153,17,2.22302412734667,22
25,21,25,25,24.9661016949153,20,2.58180604592961,25
23,20,23,23,22.9836956521739,19,2.36744910982708,23
20,16,20,20,19.965811965812,15,2.02701349212558,20
19,14,19,19,18.9709302325581,13,1.56372525283651,19
19,15,19,19,18.9506172839506,14,2.11584321189382,19
17,13,27,27,16.95,12,1.92529473748093,17
28,19,28,28,27.9268292682927,18,1.92205486408922,28
24,17,24,24,23.9416666666667,16,1.91985133851109,24
29,22,29,29,28.9595375722543,21,2.12191746123303,29
23,18,23,23,22.954954954955,17,2.22404615045005,23
11,9,11,11,10.981981981982,8,1.42650476776008,11
32,21,40,40,31.8854166666667,20,2.34879294776918,32
21,15,26,26,20.9538461538462,14,1.84484309440676,21
17,16,17,17,16.989247311828,15,2.36826887594516,17
21,16,21,21,20.9632352941176,15,2.03930535228894,21
27,21,27,27,26.9690721649485,20,2.17944778989364,27
24,18,24,24,23.9459459459459,17,2.06887645662714,24
23,18,23,23,22.9624060150376,17,2.17890188399877,23
19,16,19,19,18.9784172661871,15,2.01908303938281,19
17,14,17,17,16.984126984127,13,1.42626484572389,17
14,11,14,14,13.968085106383,11,1.56711823567118,14
15,12,15,15,14.9808917197452,11,1.55424265730628,15
16,11,16,16,15.9382716049383,10,1.27318457125325,16
13,10,26,26,12.9785714285714,10,1.2166930814198,13
15,12,15,15,14.9797297297297,11,1.27387390470678,15
6,5,6,6,5.98333333333333,5,0.729763099339552,6
23,17,23,23,22.9620253164557,16,1.78342474633836,23
18,16,18,18,17.987012987013,15,2.06424557299307,18
20,14,20,20,19.9504132231405,14,1.82779998497288,20
17,12,39,39,16.9557522123894,12,1.37916524717594,17
14,13,14,14,13.9906542056075,12,2.17502926704585,14
12,11,12,12,11.9932432432432,10,1.62575853429885,12
18,14,18,18,17.956043956044,13,1.79936374448936,18
14,12,14,14,13.9821428571429,11,1.59606435728012,14
17,15,17,17,16.9862068965517,14,2.0740644798647,17
12,8,12,12,11.9183673469388,7,1.20451827177207,12
10,9,10,10,9.98275862068965,8,1.70663233634809,10
14,11,14,14,13.9722222222222,10,1.39175065720062,14
7,5,7,7,6.75,5,1.32966134885476,7
14,11,14,14,13.9752066115702,11,1.46477923739347,14
10,7,10,10,9.96666666666667,6,0.534189811112482,10
16,12,16,16,15.9685039370079,11,1.49937335367242,16
11,9,11,11,10.952380952381,8,1.83268782743625,11
9,6,9,9,8.76923076923077,5,1.35923670066501,9
18,16,18,18,17.9767441860465,15,2.25519467085333,18
15,13,15,15,14.9772727272727,12,2.05098955334298,15
15,13,15,15,14.9821428571429,12,2.0449783213584,15
17,14,17,17,16.9741379310345,13,2.13211496239302,17
6,6,6,6,6,5,0.188734393782713,6
15,13,15,15,14.981981981982,12,1.97114630538966,15
17,17,17,17,17,16,2.02154035662273,17
18,15,18,18,17.9752066115702,14,2.29496161106954,18
