"asbio_RLMD","sads_RLMD","vegan_RLMD"
37.4268551689424,1.27547704199003,23.5121788699862
37.6340074851959,1.36091377691431,39.7141827865574
NA,1.44892668310865,22.980061734521
29.359183783432,1.53798782424734,30.0348397420222
42.5965526552037,1.76132286176834,20.6399752163834
35.7300513779748,1.73291999582396,23.4073559014676
26.0566385010026,1.72653866624615,18.2744213870119
41.4206191614793,1.27070141086503,23.7568471349435
34.7662714945631,1.4640081225344,24.6133506709929
25.2338453590641,1.6518381606885,19.8683498777313
51.9117000288937,1.45905110647312,31.2780931483616
33.1278807925597,1.57201998718175,30.5039709363386
27.7445842702156,1.20709337058347,126.038967241811
49.80731738159,1.80204894013432,26.4728175617174
23.8229394554361,1.01495467438614,5924.83452490352
32.5139346184954,1.20786812953117,18.5231073160812
21.244565344774,1.09165402157855,23.5450337684949
35.0644972818793,1.28240018739003,20.7111304789159
40.4595103233749,1.28464413339449,23.4269519459376
NA,1.64555943446511,20.9724710043177
25.8369829157571,1.29152258389546,38.1112373004063
20.9797289751479,1.42368448569112,32.3903550601577
30.7561373009926,1.18512785637611,18.6904733183579
10.7164159848276,1.25714098552324,18.4980592195944
28.0359708463137,0.950768416274215,NA
24.0489812499059,1.08616399765985,193.438012273424
41.4549501857563,1.23997343252038,37.2997997240472
35.9575397543909,1.22661547602497,24.886684446995
7.63024632055947,1.73591181850573,NA
26.7808467581354,0.870593638698658,NA
23.4124806237432,1.32492572058063,49.5705367442003
34.2140468805099,1.43171495105157,16.8225411128013
17.1259662084848,1.37211662046973,48.519268167162
35.9718721657118,1.38933721486281,32.9468192184249
30.6020975870476,1.08941896693797,35.121956763294
32.5315765235581,1.30736074893576,260.035132565755
22.0234229338438,1.4159026692973,22.7715779431852
28.9975322879193,1.61468946700531,18.286172397707
22.5173128780418,1.42212809761893,15.6735792015604
24.4517322328293,1.67948103545955,18.5596306236002
15.3789974393068,1.05885966873438,NA
21.1544816400925,1.66550731148071,17.2945267876889
NA,1.52026018539301,16.5759046603622
NA,1.76256868670344,NA
31.3952788837703,1.27213551001371,43.35128069586
11.8768506888453,1.6022030833297,17.8974719488918
15.2569614455617,1.28586888871255,NA
21.1436946420778,1.25128760368473,62.2177680642591
19.8241158656583,1.78679936107045,13.7218374043675
20.8315384114581,1.89443535571058,17.150224102148
24.6736507172782,1.17495634177605,18.3397492351757
10.8007645430194,1.48590532162905,13.2031151410363
NA,1.68731925599392,16.6424130058708
9.49813664308316,1.04895374608312,NA
11.2860708195542,1.49993655701636,9.32692418214068
NA,1.42763942687497,16.8748799410688
NA,0.41588830884289,5.321744515901
12.3323172572633,1.54349183095823,19.956514909766
9.3651099574827,1.24893917680983,2794.03372656072
14.8064592283041,1.41898748885992,56.0074990300116
17.2909813797003,1.26435171941946,14.2710899231959
13.0414681882704,0.566866230122047,7.88031571075074
23.044172432279,1.24171307597697,17.1658238536904
11.3734283032757,1.46820554778903,14.7944213826218
29.8985938183007,1.6568514998005,20.0875784340535
24.1591990050456,1.61977968272114,26.6813563052085
5.84824955337985,2.81810480921096,NA
21.3486541205407,1.62350995522734,13.7981229288231
21.9900097241543,1.77588795750465,21.9978468383703
NA,1.65982314266927,18.0402632322111
