"abdiv_TMN","adiv_TMN","ecodive_TMN","tabula_TMN"
1.69030850945703,1.69030850945703,1.69030850945703,1.69030850945703
1.40494861009751,1.40494861009751,1.40494861009751,1.40494861009751
1.39314759270286,1.39314759270286,1.39314759270286,1.39314759270286
1.36001851077489,1.36001851077489,1.36001851077489,1.36001851077489
1.34687428951584,1.34687428951584,1.34687428951584,1.34687428951584
1.45260037411876,1.45260037411876,1.45260037411876,1.45260037411876
1.25707872210942,1.25707872210942,1.25707872210942,1.25707872210942
1.87082869338697,1.87082869338697,1.87082869338697,1.87082869338697
1.44267141546789,1.44267141546789,1.44267141546789,1.44267141546789
1.47468599884203,1.47468599884203,1.47468599884203,1.47468599884203
1.70103454359943,1.70103454359943,1.70103454359943,1.70103454359943
1.30185854867231,1.30185854867231,1.30185854867231,1.30185854867231
1.35296285040509,1.35296285040509,1.35296285040509,1.35296285040509
1.40233474995429,1.40233474995429,1.40233474995429,1.40233474995429
1.8,1.8,1.8,1.8
1.72608848072715,1.72608848072715,1.72608848072715,1.72608848072715
1.47572957474524,1.47572957474524,1.47572957474524,1.47572957474524
1.65703431221698,1.65703431221698,1.65703431221698,1.65703431221698
1.93320669758648,1.93320669758648,1.93320669758648,1.93320669758648
1.47441956154897,1.47441956154897,1.47441956154897,1.47441956154897
1.47920052326728,1.47920052326728,1.47920052326728,1.47920052326728
1.06748999232823,1.06748999232823,1.06748999232823,1.06748999232823
1.66666666666667,1.66666666666667,1.66666666666667,1.66666666666667
1.45344418537486,1.45344418537486,1.45344418537486,1.45344418537486
1.71317230586812,1.71317230586812,1.71317230586812,1.71317230586812
1.55188057959797,1.55188057959797,1.55188057959797,1.55188057959797
1.67262902679335,1.67262902679335,1.67262902679335,1.67262902679335
1.7084843923545,1.7084843923545,1.7084843923545,1.7084843923545
0.854242196177249,0.854242196177249,0.854242196177249,0.854242196177249
2.14330352493528,2.14330352493528,2.14330352493528,2.14330352493528
1.31558702896054,1.31558702896054,1.31558702896054,1.31558702896054
1.65912271156868,1.65912271156868,1.65912271156868,1.65912271156868
1.37198868114007,1.37198868114007,1.37198868114007,1.37198868114007
1.50771213309725,1.50771213309725,1.50771213309725,1.50771213309725
1.7084843923545,1.7084843923545,1.7084843923545,1.7084843923545
1.56079794514342,1.56079794514342,1.56079794514342,1.56079794514342
1.35710228748795,1.35710228748795,1.35710228748795,1.35710228748795
1.01835015443463,1.01835015443463,1.01835015443463,1.01835015443463
1.13456337088467,1.13456337088467,1.13456337088467,1.13456337088467
0.957704261361147,0.957704261361147,0.957704261361147,0.957704261361147
1.22222222222222,1.22222222222222,1.22222222222222,1.22222222222222
0.845154254728517,0.845154254728517,0.845154254728517,0.845154254728517
0.986393923832144,0.986393923832144,0.986393923832144,0.986393923832144
0.645497224367903,0.645497224367903,0.645497224367903,0.645497224367903
1.35244738309874,1.35244738309874,1.35244738309874,1.35244738309874
1.28931674244061,1.28931674244061,1.28931674244061,1.28931674244061
1.27272727272727,1.27272727272727,1.27272727272727,1.27272727272727
1.12886504206032,1.12886504206032,1.12886504206032,1.12886504206032
1.25675743575936,1.25675743575936,1.25675743575936,1.25675743575936
0.904194430179465,0.904194430179465,0.904194430179465,0.904194430179465
1.46759877141069,1.46759877141069,1.46759877141069,1.46759877141069
1.13389341902768,1.13389341902768,1.13389341902768,1.13389341902768
1.2456821978061,1.2456821978061,1.2456821978061,1.2456821978061
1.14285714285714,1.14285714285714,1.14285714285714,1.14285714285714
1.1817578957375,1.1817578957375,1.1817578957375,1.1817578957375
1.05847549351431,1.05847549351431,1.05847549351431,1.05847549351431
1.76776695296637,1.76776695296637,1.76776695296637,1.76776695296637
1,1,1,1
0.737864787372622,0.737864787372622,0.737864787372622,0.737864787372622
1.06482781129934,1.06482781129934,1.06482781129934,1.06482781129934
1.38873014965883,1.38873014965883,1.38873014965883,1.38873014965883
1.66410058867569,1.66410058867569,1.66410058867569,1.66410058867569
1.72532437125501,1.72532437125501,1.72532437125501,1.72532437125501
1.38580465631147,1.38580465631147,1.38580465631147,1.38580465631147
1.22838453727999,1.22838453727999,1.22838453727999,1.22838453727999
1.29986736723936,1.29986736723936,1.29986736723936,1.29986736723936
0.214696880089354,0.214696880089354,0.214696880089354,0.214696880089354
1.23390539447825,1.23390539447825,1.23390539447825,1.23390539447825
1.25325662731663,1.25325662731663,1.25325662731663,1.25325662731663
1.36363636363636,1.36363636363636,1.36363636363636,1.36363636363636
