"BiodiversityR_DFIS","ecodive_DFIS","microbiome_DFIS","preseqR_DFIS","sads_DFIS","vegan_DFIS"
6.38515508,6.385,6.38515507963988,6.02131095308609,6.38515467860307,6.38515507963988
6.02526859,6.025,6.0252685904752,7.87978781691913,6.02526623756101,6.0252685904752
5.29751122,5.298,5.29751122179693,6.31235647070891,5.29750560135951,5.29751122179693
5.8936351,5.894,5.89363510308537,14.3176352971571,5.89363256341946,5.89363510308537
5.16802569,5.168,5.16802568695514,11.7140450787977,5.16802526769468,5.16802568695514
5.819442,5.819,5.81944199563695,14.2205016462444,5.81944198282433,5.81944199563695
4.4059174,4.406,4.40591740252655,10.227392752922,4.40591455883657,4.40591740252655
7.19597017,7.196,7.19597017158374,10.3227556647825,7.19596886983267,7.19597017158374
4.90701582,4.907,4.90701582331615,7.96567453559659,4.90701550062461,4.90701582331615
5.53276736,5.533,5.53276736392236,11.2855741995067,5.53276747238648,5.53276736392236
7.31195269,7.312,7.3119526937976,13.2478229053954,7.31195299460818,7.3119526937976
5.04464168,5.045,5.0446416800135,11.6314294986824,5.04464079267851,5.0446416800135
5.01036822,5.01,5.0103682189788,19.2406132127566,5.01036057200796,5.0103682189788
6.01754977,6.018,6.01754977048768,13.9307134994882,6.01754767964721,6.01754977048768
6.40545118,6.405,6.40545117602716,8.43453967760456,6.40544799060985,6.40545117602716
5.96962806,5.97,5.9696280622833,7.56739080881676,5.96962534475573,5.9696280622833
4.64422218,4.644,4.6442221802933,9.48219272106296,4.6442162661111,4.6442221802933
5.91784927,5.918,5.91784926994105,7.44901864399976,5.91784874402066,5.91784926994105
7.43062308,7.431,7.43062308276055,7.30588505364111,7.43062071244981,7.43062308276055
5.70850875,5.709,5.70850875190819,8.81746606475383,5.70853347776813,5.70850875190819
5.0121214,5.012,5.01212140467503,9.48219272106296,5.0121210051325,5.01212140467503
3.60198351,3.602,3.60198351312689,12.5954937449575,3.60199852817939,3.60198351312689
5.4152853,5.415,5.41528530148173,8.41843778483151,5.41527959656288,5.41528530148173
4.40128578,4.401,4.40128578012701,8.19978791001082,4.40127804322903,4.40128578012701
6.28262736,6.283,6.28262736388214,12.046807621994,6.28262641222983,6.28262736388214
5.40750081,5.408,5.40750080535267,10.3612499719978,5.40750039965879,5.40750080535267
6.68388266,6.684,6.68388266416656,6.68813577182757,6.68388284130619,6.68388266416656
6.08809149,6.088,6.08809149324541,8.36395826237642,6.08809044467058,6.08809149324541
2.3125657,2.313,2.31256569818229,8.8318819369303,2.31255688517472,2.31256569818229
8.29540252,8.295,8.29540252356447,7.97536211194564,8.29538677431515,8.29540252356447
4.38183232,4.382,4.38183232417792,7.08389523892482,4.38184512639031,4.38183232417792
5.56757678,5.568,5.56757678295695,7.76250286949368,5.56757463302977,5.56757678295695
4.71002807,4.71,4.71002806730772,8.65864297830817,4.71002811373854,4.71002806730772
5.98452458,5.984,5.98452458190791,13.4868039749252,5.98449510560264,5.98452458190791
6.08809149,6.088,6.08809149324541,10.4427634103676,6.08809015761231,6.08809149324541
5.61360143,5.614,5.61360143031494,9.23782917070976,5.61360122157001,5.61360143031494
4.6695523,4.67,4.66955230189627,9.14925621060009,4.66955239113047,4.66955230189627
3.49150175,3.492,3.49150175102743,5.46536632035152,3.49152009920084,3.49150175102743
3.2312694,3.231,3.23126940216781,6.69722750410772,3.23129279832819,3.23126940216781
3.02353222,3.024,3.02353222247415,10.3983898142349,3.02350457646571,3.02353222247415
3.43555833,3.436,3.43555833487082,4.73458072927416,3.43555748596237,3.43555833487082
2.4649246,2.465,2.46492459945475,10.1619581463951,2.46491231719212,2.46492459945475
3.08343802,3.083,3.08343802258101,5.04988517656713,3.08340928646049,3.08343802258101
1.29671741,1.297,1.29671741258658,9.72456796324456,1.29671745865104,1.29671741258658
4.83340916,4.833,4.83340916014092,18.2647376828977,4.83342907539432,4.83340916014092
4.48939303,4.489,4.48939302637744,10.303862259752,4.48936887856357,4.48939302637744
4.09414235,4.094,4.09414234506348,9.27343873745858,4.09415957681746,4.09414234506348
3.39490891,3.395,3.39490891453288,10.1451178026379,3.39489908219455,3.39490891453288
3.87660246,3.877,3.87660245703948,7.0911940272962,3.87659110720111,3.87660245703948
2.74636064,2.746,2.7463606429885,12.7481934398799,2.74634103765123,2.7463606429885
4.62070716,4.621,4.62070716252126,10.2723754478182,4.62070204021316,4.62070716252126
3.40637663,3.406,3.4063766329861,11.180156595342,3.40636909908447,3.4063766329861
4.20195452,4.202,4.20195451659514,9.10496294091184,4.20198101265439,4.20195451659514
2.71450956,2.715,2.71450955596897,6.55651982622623,2.71450713583684,2.71450955596897
2.98218125,2.982,2.98218125347475,6.84926723778854,2.98217903415379,2.98218125347475
3.06365289,3.064,3.06365288740748,5.92376572255178,3.06364071634427,3.06365288740748
5.70511385,5.705,5.70511385211326,3.18357134621567,4.9999998572278,5.70511385211326
2.94013609,2.94,2.94013609332174,6.89091537290808,2.94011538224043,2.94013609332174
1.77387775,1.774,1.77387774591032,10.1052474090589,1.77387611095129,1.77387774591032
3.25182972,3.252,3.25182971698263,9.71932203267284,3.25180379953379,3.25182971698263
3.51381233,3.514,3.51381232561022,5.18131906360889,3.51382614962337,3.51381232561022
4.32190217,4.322,4.32190217069684,2.25530212421822,4.32191223651314,4.32190217069684
5.79004994,5.79,5.79004994368543,6.29377511388865,5.79004472691576,5.79004994368543
4.21253091,4.213,4.21253091446939,7.0892107661739,4.21252762712514,4.21253091446939
3.80647995,3.807,3.8064799511144,9.59396838987132,3.80650037383793,3.8064799511144
4.16361582,4.164,4.16361582152888,8.75971026901295,4.16360110397308,4.16361582152888
0.88435577,0.884,0.884355766446253,7.54030359674992,0.884355292543426,0.884355766446253
3.82001542,3.82,3.82001541600387,8.62517948252604,3.82004110574116,3.82001541600387
4.5699279,4.57,4.56992790416539,7.21171223292556,4.56992750828561,4.56992790416539
4.50972185,4.51,4.50972184524805,6.82276827257021,4.50972121638322,4.50972184524805
