"DGOO_1_1","DGOO_1_2","DGOO_1_3","DGOO_2_1","DGOO_2_2","DGOO_2_3","DGOO_3_1","DGOO_3_2","DGOO_3_3"
2.28577509566694,0.414316904077455,1,0.23879239194347,0.911923169553678,1,0.0563906167690423,0.101676226076217,1
1.93042838599021,0.312555297459241,1,0.245207258573141,0.660198517913639,1,0.0953884023406447,0.0720578078519466,1
1.99564653126028,0.341777710477742,1,0.247369235829856,0.726184187126762,1,0.0865673780931597,0.080768617590326,1
2.19930866615162,0.405072507662997,1,0.248112119088051,0.855165726831695,1,0.0637955669533059,0.102748015540652,1
2.45414151003693,0.472892618927757,1,0.22393923711459,1.09238931779274,1,0.0318173195830884,0.112303252959508,1
2.55750479292843,0.467465853626036,1,0.21286839650882,1.11831668721745,1,0.02790591686298,0.106715154831076,1
2.28188850040498,0.483992205985824,1,0.244338290830457,1.03973542626649,1,0.0380024270501373,0.124466889255186,1
2.53987142731388,0.456785961759129,1,0.21612686037378,1.08062098805519,1,0.0317965657869053,0.10638269919023,1
2.27728918808146,0.477934422104834,1,0.244374336879688,1.02827658630511,1,0.0398541976345443,0.122515905043604,1
2.47691915111123,0.471394582094639,1,0.222252877161927,1.09214753855384,1,0.0310005903617703,0.112146299389361,1
2.57284443806123,0.456168292811247,1,0.216528598332656,1.06574286137232,1,0.0310018572793058,0.108787030964449,1
2.24718804757461,0.466047506552959,1,0.249595049661418,0.978090712331458,1,0.0452787495806889,0.122290818689761,1
1.851997092018,0.390082195295349,1,0.288210796008447,0.678004505463618,1,0.0865614388700573,0.115751862240977,1
2.56237755804038,0.460021225743832,1,0.213572213318844,1.09644309208013,1,0.030068014415627,0.105460452236356,1
2.24117596362769,0.451044409426108,1,0.24861056093784,0.953961129382483,1,0.0494237045959761,0.116953123988016,1
2.26693887322499,0.438408533443827,1,0.243673830165052,0.948223321601691,1,0.0509147161494989,0.111193144436873,1
1.91061528727681,0.424720030578132,1,0.282469887613682,0.777411643643981,1,0.0736331446971313,0.123038039606707,1
2.32484210153417,0.460412433634708,1,0.239754985711645,1.00409601147328,1,0.0422679727064509,0.116585520934091,1
2.65467015397119,0.471745338330854,1,0.200183368688025,1.17613483957545,1,0.021353797046753,0.101525805389477,1
2.45675319140555,0.450099123554517,1,0.222863720724759,1.04814027732257,1,0.0379002863675766,0.105381317754739,1
2.14817426119648,0.465448928413154,1,0.261677662192191,0.932091030495518,1,0.0504866133482721,0.128299414839335,1
1.75099521105059,0.415017244573802,1,0.294962634221393,0.709666786898798,1,0.0839350047726514,0.124156807138226,1
2.22923289456105,0.464316958699998,1,0.248924396557629,0.986209479872699,1,0.0458947133639776,0.120427461597759,1
2.05622663798673,0.461865958736971,1,0.268632496487197,0.909720561699448,1,0.0557825625255118,0.128125136773425,1
2.05845264623166,0.432870254744773,1,0.272822945286477,0.81542897209069,1,0.0647497552727275,0.12470125205174,1
2.03679127607165,0.446903868006001,1,0.276059297026022,0.835017631167262,1,0.0618749571411798,0.130454406158394,1
2.23502351199203,0.401975934815141,1,0.243350462062301,0.864605020238551,1,0.0624895930765883,0.100074009061275,1
2.32674415127102,0.45704540539497,1,0.2391521274074,1.00077394517754,1,0.04303419109045,0.115131644720921,1
1.64167062992938,0.440888409479731,1,0.308229570994601,0.724829756985997,1,0.0827284861853508,0.136035060544684,1
2.43864573732106,0.469270343545655,1,0.230037187262213,1.04947196264724,1,0.0343668565733963,0.116583373543927,1
1.99034410181326,0.428376603943913,1,0.266277704072759,0.851713339410502,1,0.0675708141266263,0.113441243104916,1
2.4570713728317,0.478389061357425,1,0.220463090375082,1.12542224566899,1,0.0294791479993921,0.110684390554471,1
2.16151178715681,0.476366130888493,1,0.257478139665642,0.976481589686528,1,0.0467750314875977,0.127025979828542,1
2.28586349862987,0.446746233036278,1,0.246058161389479,0.947052205765573,1,0.0486523130567251,0.116304579921009,1
2.16732870909559,0.446424044825499,1,0.262120650982214,0.883073444414106,1,0.0549406502464249,0.12541679670231,1
2.28536861806529,0.478025261378824,1,0.247495331168575,1.00574145210653,1,0.0399199597947353,0.126643212332913,1
2.13873944553299,0.476184321628051,1,0.263586985857639,0.945265380751658,1,0.0482133473574976,0.132415522326127,1
1.6049222997935,0.27892974528844,1,0.247258568263493,0.577291841807826,1,0.111012494565304,0.0611553888243629,1
1.75540712702658,0.407638094314934,1,0.285319971118877,0.741399268170998,1,0.083962599400894,0.114482607488483,1
1.74570076572547,0.410437726558001,1,0.290689717666203,0.723157518931569,1,0.0844635955637734,0.119245234235836,1
1.50933415771251,0.323777346065381,1,0.277555593156347,0.573119199184885,1,0.110125002803159,0.0863739280791266,1
1.47599258955746,0.336423450323842,1,0.289065546074609,0.568379356001539,1,0.111051045594012,0.0938862385129124,1
1.47869931487261,0.270732244273463,1,0.251283064276853,0.536279130356942,1,0.116106279195577,0.0613556029391713,1
1.11086952661299,0.321222389008903,1,0.334756406304959,0.388834631600354,1,0.137681568309263,0.104881033363741,1
1.91191781438445,0.397682887976306,1,0.28187055168696,0.72073153446106,1,0.0811715605078477,0.115212105263796,1
2.18316504826242,0.467924998649419,1,0.256669733276264,0.957213088107534,1,0.0478122082070296,0.126271892408681,1
1.97644857057545,0.477120774313805,1,0.280837566706101,0.888527212724582,1,0.0565788223750496,0.138805031595809,1
1.59473021331706,0.359574748995883,1,0.2945489112086,0.599615371472879,1,0.103526287623983,0.104779593868326,1
2.28222157332806,0.48974393080767,1,0.238919010010646,1.08759682812993,1,0.0356086756325437,0.120138264467703,1
1.78501165071013,0.419780218228637,1,0.288552317593131,0.757032081099338,1,0.0804492356034084,0.120278554841774,1
1.93885827588015,0.414531212643196,1,0.277816349764396,0.776817613161577,1,0.0746614710631785,0.117573197635783,1
1.7474499589395,0.385537400910146,1,0.289318379849977,0.678649076978546,1,0.0910153891271078,0.111376234954017,1
2.19229065822757,0.459388312824686,1,0.250408592086169,0.974427650512432,1,0.0490918343374556,0.117848667365797,1
1.45175112233038,0.382735482874911,1,0.318083381601002,0.570276608474629,1,0.106678793782422,0.121181093505236,1
1.86267837793432,0.463882730912311,1,0.284915847116828,0.867859050227781,1,0.0649980824624585,0.131560290517317,1
1.6080244480804,0.356228495086361,1,0.282282035705094,0.636222943350618,1,0.100863204380536,0.0972963389938475,1
1.55958115625988,0.495467170603145,1,0.324912740887474,0.780526528099053,1,0.0731053666996817,0.160007938260306,1
1.6710044737347,0.383279613800593,1,0.283003352585014,0.697468607163694,1,0.0925632919210889,0.104462125345044,1
0.990595155815617,0.248917990503438,1,0.306909183649372,0.287026457374967,1,0.148329124968011,0.0789732258041828,1
1.69630811453213,0.397517008442171,1,0.292115906542583,0.69082297884381,1,0.0898946727300756,0.115171498713823,1
1.98099159894805,0.509062781688599,1,0.275662338415901,0.990033888730181,1,0.0466434116720921,0.14231898479382,1
1.5857708352081,0.44927705213113,1,0.309271458726732,0.751726475541649,1,0.0827033668518204,0.135304386508084,1
2.3548864068504,0.477772840893937,1,0.23522398210742,1.0616376004424,1,0.0355098953532685,0.1188807415391,1
2.17138602043154,0.48469121186299,1,0.255781546779664,1.00475351338561,1,0.043277279799203,0.129102661807681,1
2.16637327968415,0.490709662981179,1,0.255623470937734,1.01972658198611,1,0.041997070378955,0.129732289530653,1
2.24414555990563,0.490492284686029,1,0.246426087551557,1.05330231727816,1,0.0378688375259111,0.125594991105114,1
0.355800693368708,0.0295531506065632,1,0.0732240041953325,0.0871188550084994,1,0.0614741792558499,0.00307546586659072,1
2.09739881684649,0.46683397490436,1,0.262623712896052,0.94435364103508,1,0.0520830326880922,0.12609872197332,1
2.14589226571417,0.400034443180146,1,0.247415948924791,0.856632981259147,1,0.0664655438962781,0.0988500661112731,1
2.39096483468519,0.497679800667494,1,0.226866973924889,1.14588489741501,1,0.0278796714131697,0.117080849838763,1
