"BAT_EBU","microbiome_EBU"
0.503759398496241,0.503759398496241
0.39246947082768,0.39246947082768
0.450418160095579,0.450418160095579
0.448664971392244,0.448664971392244
0.572026800670017,0.572026800670017
0.571291866028708,0.571291866028708
0.530041152263374,0.530041152263374
0.575,0.575
0.550135501355014,0.550135501355014
0.563922356091031,0.563922356091031
0.50733024691358,0.50733024691358
0.476004173187272,0.476004173187272
0.378863409770688,0.378863409770688
0.531936465021967,0.531936465021967
0.522352941176471,0.522352941176471
0.545747422680412,0.545747422680412
0.434188034188034,0.434188034188034
0.518444666001994,0.518444666001994
0.59364406779661,0.59364406779661
0.560640732265446,0.560640732265446
0.476353276353276,0.476353276353276
0.368515205724508,0.368515205724508
0.558201058201058,0.558201058201058
0.51875,0.51875
0.389792231255646,0.389792231255646
0.417708333333333,0.417708333333333
0.450867052023121,0.450867052023121
0.531001589825119,0.531001589825119
0.493243243243243,0.493243243243243
0.4859375,0.4859375
0.489010989010989,0.489010989010989
0.645161290322581,0.645161290322581
0.498039215686275,0.498039215686275
0.471907216494845,0.471907216494845
0.451510333863275,0.451510333863275
0.466165413533835,0.466165413533835
0.45083932853717,0.45083932853717
0.415954415954416,0.415954415954416
0.480851063829787,0.480851063829787
0.42501447596989,0.42501447596989
0.390123456790123,0.390123456790123
0.396825396825397,0.396825396825397
0.395577395577396,0.395577395577396
0.416666666666667,0.416666666666667
0.414161392405063,0.414161392405063
0.481385281385281,0.481385281385281
0.453273998728544,0.453273998728544
0.384553499597747,0.384553499597747
0.665109034267913,0.665109034267913
0.497297297297297,0.497297297297297
0.461538461538462,0.461538461538462
0.431818181818182,0.431818181818182
0.576354679802956,0.576354679802956
0.425655976676385,0.425655976676385
0.609913793103448,0.609913793103448
0.413888888888889,0.413888888888889
0.8125,0.8125
0.481818181818182,0.481818181818182
0.257407407407407,0.257407407407407
0.422333571939871,0.422333571939871
0.6875,0.6875
0.661538461538462,0.661538461538462
0.564341085271318,0.564341085271318
0.557765151515151,0.557765151515151
0.584821428571429,0.584821428571429
0.595490716180371,0.595490716180371
0.0891165172855314,0.0891165172855314
0.552552552552553,0.552552552552553
0.504076086956522,0.504076086956522
0.640495867768595,0.640495867768595
